Col.Number,Reference.Number,Easting,Northing,Number.of.Vehicles,Number.of.Casualties,Accident.Date,Time..24hr.,X1st.Road.Class,Road.Surface,Lighting.Conditions,Weather.Conditions,Casualty.Class,Casualty.Severity,Sex.of.Casualty,Age.of.Casualty,Type.of.Vehicle
655,242009,436500,434035,3,2,27/03/2009,1020,3,2,1,5,1,3,2,75,9
656,242009,436500,434035,3,2,27/03/2009,1020,3,2,1,5,2,3,2,49,9
657,256709,426456,435795,1,1,27/03/2009,735,6,1,1,1,3,3,1,11,9
658,257509,428469,435198,2,2,27/03/2009,1918,6,2,1,1,1,3,2,36,9
659,257509,428469,435198,2,2,27/03/2009,1918,6,2,1,1,1,3,1,21,9
660,258809,428913,434797,1,2,27/03/2009,2044,6,2,4,1,3,3,2,21,9
661,258809,428913,434797,1,2,27/03/2009,2044,6,2,4,1,3,3,2,20,9
662,241209,430205,431982,1,1,28/03/2009,930,3,1,1,1,2,3,2,26,11
663,241409,430370,433485,1,1,28/03/2009,1344,6,1,1,1,3,3,1,14,11
664,244509,430537,433450,2,2,28/03/2009,225,6,2,4,2,2,3,2,30,8
665,244509,430537,433450,2,2,28/03/2009,225,6,2,4,2,2,3,2,31,8
666,245509,440422,447903,3,4,28/03/2009,1155,3,2,1,2,1,3,2,47,9
667,245509,440422,447903,3,4,28/03/2009,1155,3,2,1,2,1,3,2,22,9
668,245509,440422,447903,3,4,28/03/2009,1155,3,2,1,2,2,3,1,11,9
669,245509,440422,447903,3,4,28/03/2009,1155,3,2,1,2,2,3,1,55,9
670,250809,429908,436997,2,4,28/03/2009,1715,3,2,1,5,1,3,1,40,9
671,250809,429908,436997,2,4,28/03/2009,1715,3,2,1,5,2,3,2,40,9
672,250809,429908,436997,2,4,28/03/2009,1715,3,2,1,5,2,3,1,29,9
673,250809,429908,436997,2,4,28/03/2009,1715,3,2,1,5,2,3,1,35,9
674,244009,424551,433725,1,1,29/03/2009,130,3,1,7,1,2,3,1,46,8
675,257809,426954,432284,1,1,29/03/2009,1300,6,1,1,1,3,2,1,13,9
676,264409,428403,424596,2,1,29/03/2009,400,6,1,4,1,2,3,1,33,8
677,344909,433251,437527,2,1,29/03/2009,1602,6,1,1,1,1,2,1,17,4
678,258309,437761,433087,1,1,30/03/2009,1355,3,1,1,1,1,3,1,60,9
679,251509,435106,433513,1,1,31/03/2009,730,6,1,1,1,2,3,1,40,11
680,253409,429691,433788,2,1,31/03/2009,1443,6,1,1,1,1,3,1,17,1
681,253509,427925,437242,2,1,31/03/2009,1500,6,1,1,1,1,3,1,13,1
682,254009,426426,433925,1,1,31/03/2009,1720,6,1,1,1,3,2,1,15,3
683,257609,424643,433557,2,2,31/03/2009,1150,3,1,1,1,1,3,1,33,9
684,257609,424643,433557,2,2,31/03/2009,1150,3,1,1,1,2,3,2,68,9
685,258009,428347,429533,2,1,31/03/2009,1600,3,1,1,1,1,3,1,12,1
686,259109,422293,436825,2,1,31/03/2009,1720,3,1,1,1,1,2,1,20,9
687,262109,430654,434558,2,5,31/03/2009,2350,6,2,4,1,1,3,1,35,8
688,262109,430654,434558,2,5,31/03/2009,2350,6,2,4,1,2,3,2,25,9
689,262109,430654,434558,2,5,31/03/2009,2350,6,2,4,1,2,3,1,45,9
690,262109,430654,434558,2,5,31/03/2009,2350,6,2,4,1,2,3,2,48,8
691,262109,430654,434558,2,5,31/03/2009,2350,6,2,4,1,2,3,2,46,8
692,258509,432524,433755,2,4,01/04/2009,834,6,1,1,1,1,3,2,22,9
693,258509,432524,433755,2,4,01/04/2009,834,6,1,1,1,1,3,2,31,9
694,258509,432524,433755,2,4,01/04/2009,834,6,1,1,1,2,3,2,9,9
695,258509,432524,433755,2,4,01/04/2009,834,6,1,1,1,2,3,2,1,9
696,258609,429201,438471,1,1,01/04/2009,1855,6,1,1,1,1,2,1,48,3
697,260209,427094,432827,1,1,01/04/2009,845,6,1,1,1,3,3,2,6,9
698,257909,430389,434209,2,1,02/04/2009,810,6,1,1,1,1,3,2,56,9
699,258909,422813,428224,2,1,02/04/2009,716,6,1,1,1,2,3,2,61,9
700,259209,435247,434842,2,1,02/04/2009,900,3,1,1,1,1,3,2,24,1
701,259909,431204,434750,2,1,02/04/2009,1450,6,1,1,1,2,3,2,35,9
702,261109,434516,432798,1,1,02/04/2009,1740,6,1,1,1,3,3,1,9,9
703,261809,422711,434732,2,2,02/04/2009,2000,4,1,4,1,1,3,1,56,4
704,261809,422711,434732,2,2,02/04/2009,2000,4,1,4,1,2,2,2,30,4
705,262609,424424,435278,1,1,02/04/2009,1636,3,1,1,1,3,3,1,61,11
706,262709,429158,435213,2,5,02/04/2009,2225,3,1,4,1,1,3,1,24,9
707,262709,429158,435213,2,5,02/04/2009,2225,3,1,4,1,1,3,1,46,9
708,262709,429158,435213,2,5,02/04/2009,2225,3,1,4,1,2,3,1,24,9
709,262709,429158,435213,2,5,02/04/2009,2225,3,1,4,1,2,3,2,45,9
710,262709,429158,435213,2,5,02/04/2009,2225,3,1,4,1,2,3,2,38,9
711,265109,424560,444252,2,2,02/04/2009,2310,3,1,4,1,1,3,2,65,9
712,265109,424560,444252,2,2,02/04/2009,2310,3,1,4,1,2,3,1,55,9
713,270309,430333,426440,4,2,02/04/2009,824,1,1,1,1,1,3,2,38,9
714,270309,430333,426440,4,2,02/04/2009,824,1,1,1,1,1,3,1,23,9
715,264509,428836,426353,1,1,03/04/2009,1700,6,1,1,1,3,3,2,11,9
716,264709,431235,432323,2,1,03/04/2009,1706,3,1,1,1,1,3,1,46,5
717,265909,424120,431609,1,1,03/04/2009,1735,6,1,1,1,1,3,1,25,9
718,268109,429890,434730,2,1,03/04/2009,1715,6,1,1,1,1,3,2,9,1
719,259409,429001,433557,2,2,04/04/2009,1125,3,1,1,1,1,3,1,59,5
720,259409,429001,433557,2,2,04/04/2009,1125,3,1,1,1,2,3,2,59,5
721,264309,431650,436116,2,1,04/04/2009,1640,4,1,1,1,1,2,2,12,1
722,265309,431196,435478,1,1,04/04/2009,1945,6,1,1,1,3,3,1,7,9
723,265609,418805,442399,1,1,04/04/2009,2130,6,2,7,1,1,3,1,20,9
724,279109,428929,432001,3,1,04/04/2009,952,6,1,1,1,1,3,1,25,1
725,286609,429310,435026,1,1,04/04/2009,1815,3,1,1,1,3,2,1,26,9
726,308509,421577,436000,2,1,04/04/2009,1520,3,1,1,1,1,3,1,46,5
727,263409,436205,436839,2,5,05/04/2009,1940,3,1,1,1,1,3,1,24,9
728,263409,436205,436839,2,5,05/04/2009,1940,3,1,1,1,2,3,2,24,9
729,263409,436205,436839,2,5,05/04/2009,1940,3,1,1,1,2,3,1,30,9
730,263409,436205,436839,2,5,05/04/2009,1940,3,1,1,1,2,3,2,26,9
731,263409,436205,436839,2,5,05/04/2009,1940,3,1,1,1,2,3,1,21,9
732,264209,430329,433329,1,1,05/04/2009,140,6,1,4,1,2,3,1,21,10
733,269609,424886,444606,2,1,05/04/2009,1550,3,1,1,1,1,3,1,46,5
734,277009,427543,432903,1,2,05/04/2009,1915,6,1,1,1,1,3,1,17,9
735,277009,427543,432903,1,2,05/04/2009,1915,6,1,1,1,2,3,1,18,9
736,269209,428852,433990,2,1,06/04/2009,1945,6,2,4,2,1,3,1,29,1
737,270209,421539,435948,3,1,06/04/2009,1658,3,2,1,2,2,3,2,55,9
738,272309,430731,434283,2,2,06/04/2009,1125,6,1,1,1,1,3,1,20,9
739,272309,430731,434283,2,2,06/04/2009,1125,6,1,1,1,2,3,1,18,9
740,272509,431444,432701,2,2,06/04/2009,1319,3,1,1,1,1,3,2,24,9
741,272509,431444,432701,2,2,06/04/2009,1319,3,1,1,1,1,3,1,36,9
742,273009,425702,426862,2,1,06/04/2009,1520,3,1,1,1,1,3,2,56,9
743,273909,422765,445542,2,2,06/04/2009,1600,3,2,1,2,1,3,1,72,9
744,273909,422765,445542,2,2,06/04/2009,1600,3,2,1,2,1,3,1,28,9
745,274609,429891,434519,2,1,06/04/2009,1900,3,2,4,1,1,3,1,39,1
746,283509,430791,438688,1,1,06/04/2009,940,6,1,1,1,3,3,2,79,9
747,320209,443136,439819,2,1,06/04/2009,554,2,1,4,1,1,3,1,54,9
748,274109,433592,435610,1,1,07/04/2009,1425,6,1,1,1,3,3,1,12,9
749,275809,430370,433941,2,2,07/04/2009,1303,2,1,1,1,1,3,2,50,9
750,275809,430370,433941,2,2,07/04/2009,1303,2,1,1,1,1,3,1,32,9
751,290309,431327,438631,2,1,07/04/2009,1815,6,1,1,1,1,3,2,32,9
752,277209,422250,436363,2,1,08/04/2009,1223,3,1,1,1,2,3,2,75,19
753,284909,435547,438365,2,1,08/04/2009,1205,6,1,1,1,1,3,2,27,9
754,285609,441282,431079,1,1,09/04/2009,1815,4,1,1,1,3,2,1,23,9
755,286309,430715,434288,2,2,09/04/2009,620,6,2,1,2,1,3,1,77,9
756,286309,430715,434288,2,2,09/04/2009,620,6,2,1,2,1,3,2,45,9
757,286509,428059,433561,1,1,09/04/2009,1740,3,1,1,1,3,3,1,19,5
758,406509,439867,427273,2,2,09/04/2009,2030,6,1,7,1,1,3,1,54,9
759,406509,439867,427273,2,2,09/04/2009,2030,6,1,7,1,1,3,1,20,9
760,277309,424046,430387,1,1,10/04/2009,150,3,2,4,2,1,3,1,18,2
761,286809,429698,433426,1,1,10/04/2009,2255,6,1,4,1,3,3,1,45,11
762,392709,425144,437875,2,1,10/04/2009,1715,3,1,1,1,1,3,1,59,9
763,280109,428446,429073,1,2,11/04/2009,1535,3,1,1,1,2,3,2,60,11
764,280109,428446,429073,1,2,11/04/2009,1535,3,1,1,1,2,3,2,10,11
765,285709,432137,438849,1,1,11/04/2009,940,6,1,1,1,3,3,2,37,9
766,287009,440840,445870,3,2,11/04/2009,1051,2,1,1,1,1,3,2,45,9
767,287009,440840,445870,3,2,11/04/2009,1051,2,1,1,1,1,3,2,45,9
768,290909,419544,441599,2,1,11/04/2009,1445,3,1,1,1,2,3,2,59,9
769,295509,426290,435692,2,1,11/04/2009,1440,3,1,1,1,1,3,2,24,9
770,304109,434257,433802,2,2,11/04/2009,1530,6,1,1,1,1,3,1,20,9
771,304109,434257,433802,2,2,11/04/2009,1530,6,1,1,1,2,3,2,19,9
772,285809,433167,434031,2,3,12/04/2009,30,3,1,4,1,1,3,1,21,9
773,285809,433167,434031,2,3,12/04/2009,30,3,1,4,1,1,2,1,50,9
774,285809,433167,434031,2,3,12/04/2009,30,3,1,4,1,2,2,2,49,9
775,286009,436682,436632,1,1,12/04/2009,2020,6,1,1,1,3,3,1,9,9
776,286209,435744,443414,2,4,12/04/2009,1521,6,1,1,1,2,3,2,62,9
777,286209,435744,443414,2,4,12/04/2009,1521,6,1,1,1,3,3,2,45,9
778,286209,435744,443414,2,4,12/04/2009,1521,6,1,1,1,2,3,1,17,9
779,286209,435744,443414,2,4,12/04/2009,1521,6,1,1,1,2,3,1,17,9
780,286709,431969,435824,2,4,12/04/2009,2345,3,1,4,1,1,3,1,27,9
781,286709,431969,435824,2,4,12/04/2009,2345,3,1,4,1,2,3,1,15,9
782,286709,431969,435824,2,4,12/04/2009,2345,3,1,4,1,2,3,1,18,9
783,286709,431969,435824,2,4,12/04/2009,2345,3,1,4,1,2,3,1,22,9
784,288409,425115,433769,1,2,12/04/2009,1812,6,1,1,1,2,3,2,22,11
785,288409,425115,433769,1,2,12/04/2009,1812,6,1,1,1,2,3,1,21,11
786,289909,432378,437421,2,1,12/04/2009,1520,6,1,1,1,2,3,1,20,9
787,280209,436809,436503,2,1,13/04/2009,2020,6,1,4,1,1,3,2,45,9
788,287309,428391,426416,2,1,13/04/2009,1720,1,1,1,1,1,3,1,64,9
789,301009,436157,433573,2,1,13/04/2009,1605,6,1,1,1,1,3,1,20,1
790,301209,431225,433708,2,1,13/04/2009,1940,6,1,1,1,2,3,1,66,8
791,304309,425965,439207,1,1,13/04/2009,1655,6,1,1,1,3,3,1,6,9
792,311609,432509,427307,2,4,13/04/2009,2311,3,1,4,1,1,3,2,63,9
793,311609,432509,427307,2,4,13/04/2009,2311,3,1,4,1,1,3,2,49,9
794,311609,432509,427307,2,4,13/04/2009,2311,3,1,4,1,2,2,1,73,9
795,311609,432509,427307,2,4,13/04/2009,2311,3,1,4,1,2,3,2,49,9
796,287709,430003,431790,2,1,14/04/2009,1220,6,1,1,1,1,3,1,58,5
797,288209,428040,431881,2,1,14/04/2009,1525,6,1,1,1,1,3,1,38,1
798,289309,435064,428910,3,3,14/04/2009,1215,6,1,1,1,1,3,1,23,9
799,289309,435064,428910,3,3,14/04/2009,1215,6,1,1,1,1,3,1,19,9
800,289309,435064,428910,3,3,14/04/2009,1215,6,1,1,1,1,3,1,50,9
801,291409,421004,441151,1,1,14/04/2009,1430,6,1,1,1,3,2,2,74,9
802,301609,423835,429490,2,2,14/04/2009,1945,4,1,1,1,1,3,1,23,9
803,301609,423835,429490,2,2,14/04/2009,1945,4,1,1,1,2,3,2,19,9
804,312909,432515,427319,2,1,14/04/2009,945,3,1,1,1,1,3,1,64,19
805,293309,427817,436326,1,1,15/04/2009,1240,3,1,1,1,2,3,2,8,11
806,295209,429230,433660,6,6,15/04/2009,1440,2,1,1,1,1,3,1,28,9
807,295209,429230,433660,6,6,15/04/2009,1440,2,1,1,1,1,3,1,37,9
808,295209,429230,433660,6,6,15/04/2009,1440,2,1,1,1,1,3,1,30,9
809,295209,429230,433660,6,6,15/04/2009,1440,2,1,1,1,1,3,1,25,9
810,295209,429230,433660,6,6,15/04/2009,1440,2,1,1,1,1,3,1,46,9
811,295209,429230,433660,6,6,15/04/2009,1440,2,1,1,1,2,3,2,28,9
812,295909,424186,428202,2,1,15/04/2009,1140,3,1,1,1,1,3,2,58,9
813,298809,431165,431439,1,1,15/04/2009,1136,6,1,1,1,2,3,2,78,11
814,367809,440392,433057,1,1,15/04/2009,1042,4,1,1,1,3,2,1,84,9
815,296309,430068,433822,2,1,16/04/2009,230,6,2,4,1,1,3,1,25,1
816,299309,428543,437391,2,1,16/04/2009,815,6,1,1,1,1,2,1,58,1
817,300409,432481,430704,2,2,16/04/2009,2030,4,1,4,1,1,3,1,44,9
818,300409,432481,430704,2,2,16/04/2009,2030,4,1,4,1,1,3,1,30,9
819,305609,429444,434909,2,1,16/04/2009,1510,3,1,1,1,2,3,1,43,19
820,300609,434718,442616,2,4,18/04/2009,2122,6,1,6,1,1,3,1,18,9
821,300609,434718,442616,2,4,18/04/2009,2122,6,1,6,1,2,3,1,18,9
822,300609,434718,442616,2,4,18/04/2009,2122,6,1,6,1,2,3,2,16,9
823,300609,434718,442616,2,4,18/04/2009,2122,6,1,6,1,2,3,1,17,9
824,300709,432436,436328,1,1,18/04/2009,1435,6,1,1,1,3,2,1,35,9
825,300809,431891,434950,2,1,18/04/2009,1635,6,1,1,1,2,3,1,35,9
826,304909,434539,433283,1,1,18/04/2009,1204,6,1,1,1,3,3,1,32,21
827,305809,427785,430686,2,2,18/04/2009,950,3,1,1,1,1,3,2,64,9
828,305809,427785,430686,2,2,18/04/2009,950,3,1,1,1,2,3,2,38,9
829,306409,426375,427760,2,1,18/04/2009,1230,6,1,1,1,1,3,1,41,9
830,306809,427967,431940,1,1,18/04/2009,1410,3,1,1,1,3,3,1,12,9
831,306909,429453,431243,1,1,18/04/2009,1545,6,1,1,1,3,3,2,6,9
832,307009,429556,427698,1,1,18/04/2009,1805,6,1,1,1,3,3,2,12,9
833,379509,430750,433455,2,4,18/04/2009,1600,6,1,1,1,1,3,2,25,9
834,379509,430750,433455,2,4,18/04/2009,1600,6,1,1,1,2,3,2,36,9
835,379509,430750,433455,2,4,18/04/2009,1600,6,1,1,1,2,3,2,35,9
836,379509,430750,433455,2,4,18/04/2009,1600,6,1,1,1,2,3,2,22,9
837,307709,429805,434424,2,1,20/04/2009,1140,3,1,1,1,1,3,1,77,9
838,308109,434571,428654,3,1,20/04/2009,1805,6,1,1,1,1,3,1,6,1
839,308209,428630,434178,2,1,20/04/2009,1350,6,1,1,1,1,3,2,31,9
840,308409,426126,435588,2,1,20/04/2009,1130,4,1,1,1,1,3,1,61,1
841,312009,435382,437391,2,1,20/04/2009,1015,3,1,1,1,1,3,2,53,9
842,312509,426644,433492,1,1,20/04/2009,1519,6,1,1,1,3,3,1,10,9
843,313609,429107,436244,2,3,20/04/2009,836,6,1,1,1,1,3,1,53,19
844,313609,429107,436244,2,3,20/04/2009,836,6,1,1,1,2,3,1,15,9
845,313609,429107,436244,2,3,20/04/2009,836,6,1,1,1,2,3,1,14,9
846,314809,430150,438252,2,4,20/04/2009,1402,3,1,1,1,1,3,2,63,9
847,314809,430150,438252,2,4,20/04/2009,1402,3,1,1,1,2,3,1,19,9
848,314809,430150,438252,2,4,20/04/2009,1402,3,1,1,1,2,3,1,21,9
849,314809,430150,438252,2,4,20/04/2009,1402,3,1,1,1,2,3,2,18,9
850,316609,423872,433677,2,2,20/04/2009,1518,6,1,1,1,1,3,1,28,9
851,316609,423872,433677,2,2,20/04/2009,1518,6,1,1,1,2,3,2,28,9
852,317409,428718,435611,2,1,20/04/2009,1220,3,1,1,1,1,3,2,29,1
853,322009,438167,427371,1,3,20/04/2009,1603,3,1,1,1,1,3,1,19,3
854,322009,438167,427371,1,3,20/04/2009,1603,3,1,1,1,2,3,1,22,3
855,322009,438167,427371,1,3,20/04/2009,1603,3,1,1,1,3,2,2,66,3
856,374709,429870,427000,2,1,20/04/2009,1915,3,1,1,1,1,2,1,38,2
857,310809,431599,439583,2,1,21/04/2009,1915,6,1,1,1,1,3,2,37,9
858,315309,441360,430950,2,1,21/04/2009,1510,4,1,1,1,1,3,1,47,1
859,318609,415989,442974,2,3,21/04/2009,1633,6,1,1,1,2,3,2,81,9
860,318609,415989,442974,2,3,21/04/2009,1633,6,1,1,1,2,3,1,82,9
861,318609,415989,442974,2,3,21/04/2009,1633,6,1,1,1,2,3,2,78,9
862,322609,428478,435151,2,1,21/04/2009,1845,6,1,1,1,1,3,1,33,1
863,329809,430465,435396,3,1,21/04/2009,1320,3,1,1,1,1,3,1,50,9
864,344609,429932,433499,1,1,21/04/2009,1050,6,1,1,1,2,3,2,70,11
865,316209,429147,433500,3,1,22/04/2009,1750,6,1,1,1,1,3,1,30,1
866,316909,428001,436006,2,1,22/04/2009,1740,3,1,1,1,1,3,1,44,1
867,318309,440544,448172,3,2,22/04/2009,1415,6,1,1,1,1,3,2,72,9
868,318309,440544,448172,3,2,22/04/2009,1415,6,1,1,1,2,3,2,18,9
869,318509,428177,429475,1,1,22/04/2009,1242,6,1,1,1,2,3,2,77,11
870,319609,430437,434354,2,1,22/04/2009,1450,6,1,1,1,1,3,1,40,9
871,324109,428382,436742,2,1,22/04/2009,2310,4,1,4,1,1,2,1,25,1
872,486709,434143,428874,2,1,22/04/2009,2309,6,1,4,1,1,3,2,21,9
873,318209,437502,433247,2,3,23/04/2009,1130,3,1,1,1,1,3,2,34,9
874,318209,437502,433247,2,3,23/04/2009,1130,3,1,1,1,2,3,2,53,9
875,318209,437502,433247,2,3,23/04/2009,1130,3,1,1,1,1,3,1,50,9
876,327809,432298,434645,1,1,23/04/2009,1710,6,1,1,1,3,3,2,1,9
877,345309,432515,427320,3,4,23/04/2009,1542,3,1,1,1,1,3,2,26,9
878,345309,432515,427320,3,4,23/04/2009,1542,3,1,1,1,1,2,2,37,9
879,345309,432515,427320,3,4,23/04/2009,1542,3,1,1,1,2,3,2,5,9
880,345309,432515,427320,3,4,23/04/2009,1542,3,1,1,1,2,3,1,2,9
881,315809,431882,429195,1,2,24/04/2009,225,6,1,4,1,1,2,1,17,5
882,315809,431882,429195,1,2,24/04/2009,225,6,1,4,1,2,2,1,17,5
883,322309,428029,435981,1,1,24/04/2009,1345,3,1,1,1,2,3,2,60,11
884,322809,424983,438809,1,1,24/04/2009,1700,6,1,1,1,2,3,2,71,11
885,325009,428379,434400,2,1,24/04/2009,1545,6,1,1,1,2,3,2,30,8
886,326709,422672,432349,2,1,24/04/2009,2110,6,1,4,1,1,2,1,15,3
887,326809,422120,438631,2,1,24/04/2009,830,3,1,1,1,1,3,1,23,3
888,327609,440956,445675,2,2,24/04/2009,915,3,1,1,1,1,3,1,36,9
889,327609,440956,445675,2,2,24/04/2009,915,3,1,1,1,1,3,1,51,9
890,616809,425836,426292,2,1,24/04/2009,2140,1,1,7,1,1,3,1,52,21
891,321309,437814,429825,3,5,25/04/2009,1803,3,1,1,1,1,1,1,39,9
892,321309,437814,429825,3,5,25/04/2009,1803,3,1,1,1,1,3,1,34,9
893,321309,437814,429825,3,5,25/04/2009,1803,3,1,1,1,2,1,1,16,9
894,321309,437814,429825,3,5,25/04/2009,1803,3,1,1,1,2,1,1,12,9
895,321309,437814,429825,3,5,25/04/2009,1803,3,1,1,1,2,2,2,7,9
896,324609,421271,441399,2,2,25/04/2009,1440,6,1,1,1,1,3,1,32,9
897,324609,421271,441399,2,2,25/04/2009,1440,6,1,1,1,2,3,1,11,9
898,325309,430276,433779,2,1,25/04/2009,2345,6,1,7,1,1,3,1,37,9
899,325509,430806,433873,1,1,25/04/2009,2325,3,1,4,1,3,3,1,36,9
900,326509,438570,433806,1,1,25/04/2009,303,1,1,4,1,1,3,1,25,4
901,328609,428530,431528,2,1,25/04/2009,1215,3,1,1,1,1,3,2,31,9
902,329109,431636,435163,2,1,25/04/2009,1643,6,1,1,1,1,3,1,6,1
903,329409,430646,434654,4,3,25/04/2009,2350,3,1,4,1,1,3,1,36,9
904,329409,430646,434654,4,3,25/04/2009,2350,3,1,4,1,1,3,2,28,9
905,329409,430646,434654,4,3,25/04/2009,2350,3,1,4,1,2,3,2,31,9
906,344109,432192,444971,2,3,25/04/2009,1320,3,1,1,1,1,2,1,45,5
907,344109,432192,444971,2,3,25/04/2009,1320,3,1,1,1,1,3,2,33,9
908,344109,432192,444971,2,3,25/04/2009,1320,3,1,1,1,2,3,2,29,9
909,438209,435962,435449,2,1,25/04/2009,30,3,1,4,1,1,3,1,18,9
910,325909,428963,433913,2,2,26/04/2009,240,6,1,4,1,1,3,1,48,9
911,325909,428963,433913,2,2,26/04/2009,240,6,1,4,1,1,3,1,23,9
912,330309,439677,427189,1,1,26/04/2009,2044,6,1,1,1,3,3,2,18,9
913,332609,432271,426317,1,2,26/04/2009,527,1,1,1,1,1,3,1,26,9
914,332609,432271,426317,1,2,26/04/2009,527,1,1,1,1,2,3,2,24,9
915,333109,435120,425904,2,1,26/04/2009,749,1,1,1,1,1,3,1,21,9
916,336909,430050,433787,1,1,26/04/2009,1905,6,1,1,1,2,3,1,5,11
917,330609,434634,434647,2,1,27/04/2009,1120,6,2,1,2,2,3,2,20,19
918,331009,430186,433391,1,1,27/04/2009,1615,6,1,1,9,2,3,1,45,11
919,331309,429130,433561,2,1,27/04/2009,2020,3,1,1,1,1,3,1,23,9
920,347609,431103,433654,2,4,27/04/2009,1053,3,2,1,2,1,3,1,46,8
921,347609,431103,433654,2,4,27/04/2009,1053,3,2,1,2,1,3,2,52,9
922,347609,431103,433654,2,4,27/04/2009,1053,3,2,1,2,2,3,2,26,8
923,347609,431103,433654,2,4,27/04/2009,1053,3,2,1,2,2,3,2,18,9
924,352309,433261,429617,1,1,27/04/2009,2030,1,1,1,1,1,3,2,32,9
925,379809,431270,432348,2,1,27/04/2009,1635,3,1,1,1,1,3,1,23,1
926,342609,445395,431761,1,1,28/04/2009,1907,2,2,1,2,1,3,1,64,9
927,342909,428059,435959,2,1,28/04/2009,1455,3,2,1,2,1,3,1,20,1
928,346009,432669,438158,2,1,28/04/2009,800,6,1,1,1,1,3,1,50,9
929,346809,433306,434031,2,1,28/04/2009,1730,3,2,1,2,1,3,1,15,1
930,347509,442860,441968,2,1,28/04/2009,1255,2,1,1,1,1,3,2,67,9
931,362509,429017,433472,2,1,28/04/2009,748,3,1,1,9,2,3,2,51,1
932,413909,428417,424101,1,1,28/04/2009,1655,6,2,1,2,1,3,1,32,9
933,334809,429400,432219,2,2,29/04/2009,1410,6,1,1,1,2,1,1,16,3
934,334809,429400,432219,2,2,29/04/2009,1410,6,1,1,1,2,2,1,18,9
935,335609,428331,435751,2,1,29/04/2009,1830,3,1,1,1,1,3,2,23,1
936,337409,425161,437878,2,1,29/04/2009,2310,3,1,4,1,1,3,1,50,9
937,344009,433765,434402,1,1,29/04/2009,1925,6,1,1,1,3,3,1,43,9
938,345709,427326,437196,3,1,29/04/2009,1830,3,1,1,1,1,3,2,61,9
939,346509,441097,433561,2,1,29/04/2009,1510,6,1,1,1,1,3,1,78,90
940,350109,442099,445188,1,1,29/04/2009,1543,6,1,1,1,3,3,1,12,11
941,358109,423474,434033,1,1,29/04/2009,830,6,1,1,1,3,3,1,45,9
942,339109,429641,434771,2,2,30/04/2009,1625,3,2,1,1,1,3,1,29,9
943,339109,429641,434771,2,2,30/04/2009,1625,3,2,1,1,1,3,2,48,9
944,341909,427323,425904,1,1,30/04/2009,830,3,1,1,1,3,3,2,14,9
945,346109,420085,439080,1,1,30/04/2009,1330,3,2,1,1,2,3,1,19,9
946,347309,433362,436188,1,1,30/04/2009,1535,6,1,1,1,3,3,2,11,9
947,348309,440840,445874,2,2,30/04/2009,1215,2,1,1,1,1,3,1,68,9
948,348309,440840,445874,2,2,30/04/2009,1215,2,1,1,1,2,3,2,67,9
949,363309,428151,432789,1,1,30/04/2009,1805,4,1,1,1,3,3,1,16,9
950,342709,445250,427974,3,2,01/05/2009,1930,6,1,1,1,3,1,1,34,9
951,342709,445250,427974,3,2,01/05/2009,1930,6,1,1,1,3,3,2,24,9
952,344309,426269,435813,1,1,01/05/2009,55,3,2,4,1,1,3,1,30,9
953,344509,439776,433152,2,1,01/05/2009,1648,3,1,1,1,1,2,2,46,5
954,345009,426068,431587,2,1,01/05/2009,1300,3,1,1,1,1,3,2,62,9
955,345209,440965,445663,2,2,01/05/2009,1419,2,1,1,1,1,3,2,50,9
956,345209,440965,445663,2,2,01/05/2009,1419,2,1,1,1,2,3,1,16,9
957,345509,429266,437224,2,1,01/05/2009,900,6,1,1,1,1,3,2,75,9
958,346309,428124,434503,2,1,01/05/2009,850,6,1,1,1,1,3,1,26,1
959,346909,422980,432937,2,3,01/05/2009,1900,6,1,1,1,1,3,2,34,9
960,346909,422980,432937,2,3,01/05/2009,1900,6,1,1,1,1,3,1,17,9
961,346909,422980,432937,2,3,01/05/2009,1900,6,1,1,1,2,3,1,16,9
962,349109,429597,432561,2,1,01/05/2009,1145,6,1,1,1,1,3,2,60,9
963,354409,440874,429219,2,2,01/05/2009,820,6,1,1,1,1,3,2,41,9
964,354409,440874,429219,2,2,01/05/2009,820,6,1,1,1,2,3,1,16,9
965,357609,427160,438314,2,1,01/05/2009,715,3,1,1,1,1,3,1,24,9
966,471409,427197,433516,1,1,01/05/2009,1010,6,1,1,1,3,2,1,26,11
967,345409,436954,435625,2,1,02/05/2009,1430,6,1,1,1,1,3,1,74,1
968,349509,430839,433999,2,2,02/05/2009,1400,3,1,1,1,1,3,2,22,9
969,349509,430839,433999,2,2,02/05/2009,1400,3,1,1,1,2,3,1,23,9
970,350009,431508,435120,2,1,02/05/2009,1310,6,1,1,1,1,3,1,33,9
971,349809,427449,431265,1,1,03/05/2009,435,3,1,4,1,1,3,1,20,9
972,353009,430418,434276,1,1,03/05/2009,2135,6,1,1,1,1,3,2,25,9
973,353509,433006,427611,2,1,03/05/2009,1930,3,1,1,1,1,2,1,18,3
974,353709,428954,435474,2,1,03/05/2009,1855,3,1,1,1,1,3,2,23,9
975,353909,423566,437890,2,1,03/05/2009,1235,6,1,1,1,1,3,2,60,9
976,350509,428457,429074,2,1,04/05/2009,1653,3,2,1,2,2,3,2,61,9
977,350909,429033,432423,1,2,04/05/2009,1255,6,1,1,1,3,2,1,25,90
978,350909,429033,432423,1,2,04/05/2009,1255,6,1,1,1,3,2,2,38,90
979,354009,422929,443086,2,2,04/05/2009,945,3,1,1,1,1,3,2,44,9