Col.Number,Reference.Number,Easting,Northing,Number.of.Vehicles,Number.of.Casualties,Accident.Date,Time..24hr.,X1st.Road.Class,Road.Surface,Lighting.Conditions,Weather.Conditions,Casualty.Class,Casualty.Severity,Sex.of.Casualty,Age.of.Casualty,Type.of.Vehicle
980,354009,422929,443086,2,2,04/05/2009,945,3,1,1,1,1,3,2,36,9
981,414009,434272,435306,3,1,04/05/2009,345,6,1,4,1,1,3,1,29,9
982,347809,441111,445751,1,2,05/05/2009,15,3,2,4,1,1,3,2,18,9
983,347809,441111,445751,1,2,05/05/2009,15,3,2,4,1,2,3,2,18,9
984,351809,430062,433709,1,1,05/05/2009,950,6,2,1,1,3,3,1,57,9
985,353109,429163,433959,2,1,05/05/2009,1130,6,1,1,1,1,3,1,19,9
986,354309,428585,431548,2,1,05/05/2009,650,3,2,1,1,1,3,1,20,5
987,357809,431759,434884,2,1,05/05/2009,1540,6,1,1,1,1,3,2,24,9
988,358009,432025,435333,2,1,05/05/2009,1537,6,1,1,1,2,3,1,2,9
989,359609,432535,443142,2,2,05/05/2009,1008,3,2,1,2,1,3,1,34,9
990,359609,432535,443142,2,2,05/05/2009,1008,3,2,1,2,2,3,1,22,9
991,360809,435583,435684,1,1,05/05/2009,1515,6,2,1,8,3,3,2,12,9
992,367509,431177,434981,2,2,05/05/2009,745,3,2,1,2,1,3,1,52,9
993,367509,431177,434981,2,2,05/05/2009,745,3,2,1,2,2,3,2,19,9
994,384809,434381,435252,1,1,05/05/2009,2050,6,1,1,1,3,3,2,15,9
995,474709,427074,433507,1,1,05/05/2009,1710,6,1,1,1,3,2,2,36,9
996,352609,425121,432402,1,1,06/05/2009,1950,6,1,1,1,3,2,1,6,9
997,356509,431040,431369,2,1,06/05/2009,1230,6,1,1,1,2,3,2,21,9
998,358309,429109,436248,2,1,06/05/2009,1550,6,1,1,1,1,3,2,38,9
999,358409,428106,426257,2,1,06/05/2009,1525,3,1,1,1,1,3,1,32,1
1000,358909,425742,435658,1,1,06/05/2009,118,4,2,4,1,1,3,1,26,9
1001,359009,429999,434135,1,1,06/05/2009,1850,3,1,1,1,2,3,1,68,11
1002,359309,431083,429661,1,1,06/05/2009,1610,6,1,1,1,3,3,1,5,9
1003,370609,422470,432924,1,1,06/05/2009,750,6,1,1,1,3,3,1,12,9
1004,379609,441051,432044,2,2,06/05/2009,1925,3,1,1,1,1,3,2,17,9
1005,379609,441051,432044,2,2,06/05/2009,1925,3,1,1,1,1,3,2,58,9
1006,363709,428457,429079,2,1,07/05/2009,1610,3,1,1,1,1,3,1,37,9
1007,364209,424075,434507,2,2,07/05/2009,920,6,1,1,1,1,3,1,26,9
1008,364209,424075,434507,2,2,07/05/2009,920,6,1,1,1,1,3,1,45,9
1009,368109,432239,444849,3,2,07/05/2009,1325,3,1,1,1,1,3,2,18,9
1010,368109,432239,444849,3,2,07/05/2009,1325,3,1,1,1,2,3,1,23,9
1011,370909,429320,426406,2,1,07/05/2009,716,1,1,1,1,1,3,1,19,9
1012,379309,432375,438796,2,1,07/05/2009,1025,6,1,1,1,1,3,1,40,1
1013,379009,443227,433190,2,3,08/05/2009,2042,6,2,1,8,1,3,1,21,9
1014,379009,443227,433190,2,3,08/05/2009,2042,6,2,1,8,1,3,1,33,9
1015,379009,443227,433190,2,3,08/05/2009,2042,6,2,1,8,2,3,1,23,9
1016,431509,433528,429794,1,1,08/05/2009,505,3,1,1,1,1,2,1,36,21
1017,604109,425938,435563,2,1,08/05/2009,2150,4,1,4,1,1,3,1,29,9
1018,364109,426015,437493,2,5,09/05/2009,1740,6,1,1,1,1,3,2,36,9
1019,364109,426015,437493,2,5,09/05/2009,1740,6,1,1,1,1,3,1,24,9
1020,364109,426015,437493,2,5,09/05/2009,1740,6,1,1,1,2,3,1,50,9
1021,364109,426015,437493,2,5,09/05/2009,1740,6,1,1,1,2,3,2,23,9
1022,364109,426015,437493,2,5,09/05/2009,1740,6,1,1,1,2,3,2,44,9
1023,370509,429953,433128,1,1,09/05/2009,215,6,1,4,1,3,3,2,28,9
1024,372809,429796,433780,2,1,09/05/2009,1714,6,1,1,1,1,2,1,15,1
1025,374809,427808,435824,2,1,09/05/2009,240,6,1,7,1,1,3,1,20,1
1026,378109,440389,433268,1,1,09/05/2009,1300,4,1,1,1,3,3,1,12,9
1027,364509,428225,435782,1,2,10/05/2009,155,3,1,7,1,1,3,1,34,9
1028,364509,428225,435782,1,2,10/05/2009,155,3,1,7,1,2,3,1,31,9
1029,368409,423460,434023,3,1,10/05/2009,2030,6,1,1,1,1,3,1,19,9
1030,370009,427100,433694,1,1,10/05/2009,1534,3,1,1,1,3,3,2,58,9
1031,371709,430188,434360,4,3,10/05/2009,1958,2,1,1,1,1,3,1,41,9
1032,371709,430188,434360,4,3,10/05/2009,1958,2,1,1,1,1,3,1,41,9
1033,371709,430188,434360,4,3,10/05/2009,1958,2,1,1,1,2,3,2,56,9
1034,415009,432849,438722,3,1,10/05/2009,1525,6,1,1,1,1,3,1,60,9
1035,373109,426736,433835,2,1,11/05/2009,1500,3,1,1,1,1,3,1,12,1
1036,373309,426443,433867,1,1,11/05/2009,1745,6,1,1,1,3,2,1,13,9
1037,375909,426070,440082,2,1,11/05/2009,1805,6,1,1,1,1,3,1,47,1
1038,376309,430951,428236,1,1,11/05/2009,1325,6,1,1,1,2,3,2,67,11
1039,376409,424132,428232,2,1,11/05/2009,1625,3,1,1,1,2,3,2,11,9
1040,382109,425037,434399,1,1,11/05/2009,1140,3,1,1,1,2,3,1,34,11
1041,382809,439252,432416,1,1,11/05/2009,2140,3,1,4,1,1,3,1,22,9
1042,395509,429580,430353,2,1,11/05/2009,751,3,1,1,1,1,3,1,37,4
1043,422609,428693,435249,2,1,11/05/2009,1830,6,1,1,1,1,3,1,25,9
1044,377709,442182,430333,2,1,12/05/2009,1730,6,1,1,1,1,3,1,17,1
1045,380109,434355,434347,1,1,12/05/2009,1729,3,1,1,1,3,3,1,18,11
1046,380309,428857,432534,2,2,12/05/2009,1810,3,1,1,1,1,3,2,24,9
1047,380309,428857,432534,2,2,12/05/2009,1810,3,1,1,1,2,3,2,24,9
1048,382209,420296,434227,2,1,12/05/2009,1515,3,1,1,1,1,3,2,20,9
1049,382309,428099,434756,2,2,12/05/2009,940,6,1,1,1,1,3,2,38,9
1050,382309,428099,434756,2,2,12/05/2009,940,6,1,1,1,1,3,2,31,5
1051,401009,431876,436032,1,1,12/05/2009,1715,6,1,1,1,3,3,2,25,9
1052,383109,432531,443137,2,1,13/05/2009,750,3,1,1,1,1,3,2,55,9
1053,383509,424163,428142,2,2,13/05/2009,1340,3,1,1,1,1,3,1,40,9
1054,383509,424163,428142,2,2,13/05/2009,1340,3,1,1,1,1,3,1,30,9
1055,399809,429905,434282,2,1,14/05/2009,1525,3,1,1,1,1,3,1,27,1
1056,406809,428503,433186,2,2,14/05/2009,1355,3,1,1,1,2,3,1,18,9
1057,406809,428503,433186,2,2,14/05/2009,1355,3,1,1,1,2,3,1,30,9
1058,481609,429632,431968,1,1,14/05/2009,1620,6,1,1,1,2,3,2,16,11
1059,384909,430436,433457,2,3,15/05/2009,330,6,1,4,1,2,3,1,46,21
1060,384909,430436,433457,2,3,15/05/2009,330,6,1,4,1,2,3,2,18,9
1061,384909,430436,433457,2,3,15/05/2009,330,6,1,4,1,2,3,1,20,9
1062,385309,430147,432827,2,2,15/05/2009,856,3,2,1,2,1,3,2,19,9
1063,385309,430147,432827,2,2,15/05/2009,856,3,2,1,2,2,3,1,23,9
1064,387709,430496,433712,1,1,15/05/2009,1320,6,2,1,2,2,3,1,29,11
1065,387909,430491,431158,2,1,15/05/2009,1720,6,1,1,1,1,3,1,51,9
1066,388409,428984,430932,2,3,15/05/2009,1300,6,2,1,1,1,3,2,47,9
1067,388409,428984,430932,2,3,15/05/2009,1300,6,2,1,1,2,3,1,21,9
1068,388409,428984,430932,2,3,15/05/2009,1300,6,2,1,1,2,3,2,14,9
1069,390209,445402,431760,3,1,15/05/2009,907,2,2,1,2,1,3,1,79,9
1070,390409,436381,433645,1,1,15/05/2009,1800,6,2,1,1,1,3,1,17,3
1071,390509,425717,435157,2,5,15/05/2009,715,6,2,1,2,1,3,1,45,9
1072,390509,425717,435157,2,5,15/05/2009,715,6,2,1,2,1,3,2,30,9
1073,390509,425717,435157,2,5,15/05/2009,715,6,2,1,2,2,3,1,32,9
1074,390509,425717,435157,2,5,15/05/2009,715,6,2,1,2,2,3,1,31,9
1075,390509,425717,435157,2,5,15/05/2009,715,6,2,1,2,2,3,2,8,9
1076,391109,433311,441762,2,2,15/05/2009,1725,6,2,1,2,1,3,2,19,9
1077,391109,433311,441762,2,2,15/05/2009,1725,6,2,1,2,1,3,2,66,9
1078,391309,427593,435930,2,2,15/05/2009,1140,4,2,1,2,1,3,1,27,9
1079,391309,427593,435930,2,2,15/05/2009,1140,4,2,1,2,2,3,2,24,9
1080,395309,430760,424364,2,1,15/05/2009,1155,3,2,1,2,2,3,1,46,9
1081,402209,433270,429616,1,2,15/05/2009,535,1,5,1,2,1,3,2,24,9
1082,402209,433270,429616,1,2,15/05/2009,535,1,5,1,2,2,3,2,54,9
1083,405809,427666,435305,2,1,15/05/2009,1630,6,2,1,1,1,3,1,35,9
1084,387509,441080,445560,2,1,16/05/2009,1130,2,1,1,1,1,3,1,22,9
1085,390709,434521,436328,1,1,16/05/2009,1530,6,2,1,9,2,3,1,65,11
1086,394309,431503,430574,1,1,16/05/2009,1640,6,1,1,9,2,2,2,69,11
1087,389509,429343,437358,2,2,17/05/2009,1550,6,2,1,1,1,3,1,43,9
1088,389509,429343,437358,2,2,17/05/2009,1550,6,2,1,1,1,3,2,40,9
1089,389909,431928,432895,2,1,17/05/2009,1505,6,2,1,1,1,3,1,16,1
1090,398709,434106,433729,1,1,17/05/2009,1230,6,2,1,2,2,3,2,65,11
1091,409409,430827,433531,1,1,17/05/2009,2330,6,1,7,1,2,3,1,62,9
1092,393309,427065,431798,2,1,18/05/2009,1700,3,2,1,2,1,3,1,24,9
1093,395409,425136,433910,1,1,18/05/2009,1720,6,2,1,1,3,3,1,46,9
1094,399909,435544,438367,2,1,18/05/2009,1340,6,1,1,1,1,3,2,38,9
1095,402109,428750,436966,2,1,18/05/2009,1328,6,1,1,1,1,2,1,31,5
1096,412009,428227,436523,2,1,18/05/2009,1900,4,1,1,1,1,3,1,59,1
1097,647109,431967,435829,2,2,18/05/2009,1810,3,1,1,1,1,3,1,35,9
1098,647109,431967,435829,2,2,18/05/2009,1810,3,1,1,1,2,3,2,35,9
1099,394709,421977,436511,2,1,19/05/2009,1333,3,1,1,1,1,3,2,75,9
1100,397509,424673,427575,6,7,19/05/2009,630,1,1,1,1,1,2,1,50,21
1101,397509,424673,427575,6,7,19/05/2009,630,1,1,1,1,1,3,1,44,19
1102,397509,424673,427575,6,7,19/05/2009,630,1,1,1,1,1,1,1,56,19
1103,397509,424673,427575,6,7,19/05/2009,630,1,1,1,1,1,3,1,29,19
1104,397509,424673,427575,6,7,19/05/2009,630,1,1,1,1,2,2,1,35,19
1105,397509,424673,427575,6,7,19/05/2009,630,1,1,1,1,2,1,1,55,19
1106,397509,424673,427575,6,7,19/05/2009,630,1,1,1,1,2,2,1,35,19
1107,398309,431017,431517,3,3,19/05/2009,1330,6,2,1,5,1,3,2,28,9
1108,398309,431017,431517,3,3,19/05/2009,1330,6,2,1,5,1,3,1,19,9
1109,398309,431017,431517,3,3,19/05/2009,1330,6,2,1,5,2,3,2,30,9
1110,398909,430663,433602,2,1,19/05/2009,730,6,2,1,8,1,3,1,33,9
1111,400009,426367,431777,2,1,19/05/2009,1800,6,2,1,1,1,3,2,33,9
1112,404509,431878,435121,1,1,19/05/2009,1947,6,2,1,1,3,3,2,14,9
1113,400509,429646,432926,2,3,20/05/2009,1545,6,2,1,1,2,3,1,11,9
1114,400509,429646,432926,2,3,20/05/2009,1545,6,2,1,1,2,3,2,33,9
1115,400509,429646,432926,2,3,20/05/2009,1545,6,2,1,1,2,3,2,78,9
1116,400909,429830,433926,1,1,20/05/2009,1825,6,2,1,2,3,3,1,72,5
1117,401709,435820,435761,2,1,20/05/2009,2220,6,2,4,5,1,3,1,36,19
1118,402909,420323,445538,2,1,20/05/2009,1715,6,2,1,1,2,3,2,41,9
1119,405209,432823,435664,2,1,20/05/2009,2023,6,1,1,1,1,3,1,9,1
1120,403809,431757,431166,2,2,21/05/2009,2130,6,1,1,1,2,3,2,15,9
1121,403809,431757,431166,2,2,21/05/2009,2130,6,1,1,1,2,3,2,30,9
1122,408909,423084,433821,1,1,21/05/2009,1923,6,1,1,1,3,2,2,11,9
1123,410209,429101,434717,2,1,21/05/2009,1400,6,1,1,1,1,3,1,42,4
1124,412509,428236,436521,2,1,21/05/2009,1730,4,1,1,1,1,3,1,40,1
1125,413009,439126,430585,2,1,21/05/2009,2215,6,1,6,1,1,3,2,18,9
1126,413409,432440,435189,1,2,21/05/2009,915,6,1,1,1,1,3,1,23,11
1127,413409,432440,435189,1,2,21/05/2009,915,6,1,1,1,2,3,1,34,11
1128,413709,432306,434539,2,2,21/05/2009,835,6,1,1,1,1,3,1,40,9
1129,413709,432306,434539,2,2,21/05/2009,835,6,1,1,1,2,3,1,4,9
1130,443109,432542,434154,1,1,21/05/2009,1712,6,1,1,1,3,3,1,7,9
1131,515609,430479,435444,2,3,21/05/2009,1325,3,1,1,1,1,3,2,24,9
1132,515609,430479,435444,2,3,21/05/2009,1325,3,1,1,1,2,2,1,50,9
1133,515609,430479,435444,2,3,21/05/2009,1325,3,1,1,1,2,3,2,22,9
1134,403709,430381,433481,1,1,22/05/2009,1115,6,1,1,1,3,3,1,69,21
1135,406609,434511,434412,1,1,22/05/2009,1615,3,1,1,1,2,3,2,68,11
1136,407909,430374,433494,1,1,22/05/2009,1421,6,1,1,1,3,2,1,68,11
1137,408309,430814,435376,2,1,22/05/2009,955,6,1,1,1,2,3,2,43,9
1138,417909,432190,428921,3,1,22/05/2009,532,1,1,7,1,1,3,2,25,9
1139,419409,419505,433656,1,1,22/05/2009,740,6,1,1,1,3,3,2,35,9
1140,403109,425924,439416,1,2,23/05/2009,1330,6,1,1,1,3,2,2,93,9
1141,403109,425924,439416,1,2,23/05/2009,1330,6,1,1,1,3,3,2,74,9
1142,403409,430363,433547,1,1,23/05/2009,920,6,1,1,1,3,3,2,70,19
1143,408009,428961,433435,2,1,23/05/2009,1545,6,1,1,1,1,3,1,50,9
1144,408609,421185,440203,1,1,23/05/2009,1320,4,1,1,1,3,3,1,17,9
1145,410109,431771,435536,2,1,23/05/2009,1450,3,1,1,1,1,3,1,26,9
1146,411609,431968,435825,2,2,23/05/2009,1400,3,1,1,1,1,3,1,23,9
1147,411609,431968,435825,2,2,23/05/2009,1400,3,1,1,1,1,3,2,19,9
1148,413209,431762,435517,3,3,23/05/2009,1500,3,1,1,1,1,3,1,21,9
1149,413209,431762,435517,3,3,23/05/2009,1500,3,1,1,1,2,3,1,21,9
1150,413209,431762,435517,3,3,23/05/2009,1500,3,1,1,1,2,3,1,19,9
1151,415109,440944,428428,2,1,23/05/2009,1930,6,1,1,1,1,3,1,19,3
1152,425309,433490,435139,2,1,23/05/2009,614,6,1,1,1,1,3,2,44,9
1153,469009,431585,440362,5,1,23/05/2009,25,6,1,4,1,1,2,1,29,9
1154,409709,428118,435899,2,1,24/05/2009,1230,3,1,1,1,1,3,1,43,1
1155,412809,428925,429829,2,1,24/05/2009,1545,3,1,1,1,1,3,1,20,1
1156,413809,432174,434628,2,3,24/05/2009,1610,6,1,1,1,2,3,1,25,11
1157,413809,432174,434628,2,3,24/05/2009,1610,6,1,1,1,2,3,2,43,11
1158,413809,432174,434628,2,3,24/05/2009,1610,6,1,1,1,2,3,2,51,11
1159,423809,425480,434193,3,1,24/05/2009,2248,6,1,4,1,1,2,1,19,9
1160,450509,429834,428083,1,1,24/05/2009,2050,6,1,1,1,3,3,2,18,9
1161,412209,430263,434068,1,1,25/05/2009,900,6,1,1,1,3,3,1,61,9
1162,413609,429136,436751,2,1,25/05/2009,1930,4,1,1,1,1,3,2,18,9
1163,415909,432744,437642,1,1,25/05/2009,1350,6,1,1,1,3,3,2,8,9
1164,416009,427225,429456,2,1,25/05/2009,1323,6,1,1,1,1,2,1,10,1
1165,416409,429409,433921,3,2,25/05/2009,1310,3,1,1,1,1,3,2,38,9
1166,416409,429409,433921,3,2,25/05/2009,1310,3,1,1,1,2,3,2,20,9
1167,433109,427954,435305,2,1,25/05/2009,15,6,1,4,1,2,3,1,16,2
1168,451709,426285,432004,2,1,25/05/2009,15,6,1,4,1,2,3,2,37,8
1169,415509,434592,435643,2,1,26/05/2009,2230,6,1,4,1,2,3,2,14,9
1170,416109,432193,434636,1,1,26/05/2009,1815,6,1,1,1,3,3,2,2,9
1171,419609,424085,428073,2,1,26/05/2009,2115,3,1,1,1,1,3,1,17,2
1172,423009,431121,433671,1,1,26/05/2009,1407,3,1,1,1,2,3,2,84,11
1173,423909,430411,433744,1,1,27/05/2009,1400,6,1,1,1,2,3,2,39,11
1174,425109,432715,438967,2,2,27/05/2009,1640,6,1,1,1,1,3,2,59,9
1175,425109,432715,438967,2,2,27/05/2009,1640,6,1,1,1,1,3,2,47,9
1176,425509,440021,428785,1,2,27/05/2009,2030,6,1,1,1,2,3,1,19,9
1177,425509,440021,428785,1,2,27/05/2009,2030,6,1,1,1,2,2,1,19,9
1178,428809,432206,438846,1,1,27/05/2009,1230,6,1,1,1,3,3,2,13,9
1179,423609,428434,431329,1,1,28/05/2009,1340,3,1,1,1,2,3,2,23,11
1180,425709,436233,435849,1,1,28/05/2009,1745,6,1,1,1,3,3,1,10,9
1181,434709,440365,448138,1,1,28/05/2009,1020,3,1,1,1,3,3,1,43,9
1182,469809,428843,435545,3,1,28/05/2009,1350,3,1,1,1,1,2,1,18,1
1183,536709,430660,433453,1,1,28/05/2009,1545,6,1,1,1,3,3,2,18,1
1184,423209,423475,434032,2,4,29/05/2009,1228,6,1,1,1,1,3,1,21,9
1185,423209,423475,434032,2,4,29/05/2009,1228,6,1,1,1,2,3,1,19,9
1186,423209,423475,434032,2,4,29/05/2009,1228,6,1,1,1,2,3,1,22,9
1187,423209,423475,434032,2,4,29/05/2009,1228,6,1,1,1,2,3,2,18,9
1188,423709,421332,432740,2,1,29/05/2009,1530,6,1,1,1,1,3,2,32,9
1189,427909,442613,427576,1,1,29/05/2009,1600,3,1,1,1,3,3,2,17,9
1190,430209,444440,432696,2,1,29/05/2009,1920,6,1,1,1,2,3,2,14,9
1191,452809,432090,435620,2,3,29/05/2009,1735,4,1,1,1,1,3,1,48,9
1192,452809,432090,435620,2,3,29/05/2009,1735,4,1,1,1,2,3,2,14,9
1193,452809,432090,435620,2,3,29/05/2009,1735,4,1,1,1,2,3,2,47,9
1194,422909,423853,434676,1,1,30/05/2009,1110,6,1,1,1,3,3,1,4,8
1195,426109,431095,433727,2,2,30/05/2009,1950,2,1,1,1,1,3,1,43,5
1196,426109,431095,433727,2,2,30/05/2009,1950,2,1,1,1,1,3,1,29,8
1197,431109,433551,445024,2,2,30/05/2009,1730,3,1,1,1,1,2,1,45,5
1198,431109,433551,445024,2,2,30/05/2009,1730,3,1,1,1,2,3,2,34,5
1199,432709,430790,433471,1,1,30/05/2009,1426,3,1,1,1,3,3,2,38,9
1200,432909,428456,429079,2,2,30/05/2009,1330,3,1,1,1,1,3,2,41,9
1201,432909,428456,429079,2,2,30/05/2009,1330,3,1,1,1,2,3,1,29,9
1202,438809,429118,428125,1,1,30/05/2009,1025,6,1,1,1,2,3,1,79,10
1203,476209,425906,436258,2,1,30/05/2009,1120,3,1,1,1,1,3,1,18,3
1204,549809,432944,426586,2,1,30/05/2009,145,3,1,7,1,1,3,1,18,9
1205,426709,424638,433559,3,2,31/05/2009,1140,3,1,1,1,1,3,1,53,9
1206,426709,424638,433559,3,2,31/05/2009,1140,3,1,1,1,2,3,2,52,9
1207,433009,431995,429075,2,2,31/05/2009,1900,6,1,1,1,1,3,1,27,9
1208,433009,431995,429075,2,2,31/05/2009,1900,6,1,1,1,1,3,1,49,8
1209,441909,422875,439313,2,4,31/05/2009,1457,6,1,1,1,1,3,1,88,9
1210,441909,422875,439313,2,4,31/05/2009,1457,6,1,1,1,1,3,1,74,9
1211,441909,422875,439313,2,4,31/05/2009,1457,6,1,1,1,2,3,2,84,9
1212,441909,422875,439313,2,4,31/05/2009,1457,6,1,1,1,2,3,2,72,9
1213,433309,429684,430763,1,1,01/06/2009,1930,6,1,1,1,3,3,1,10,9
1214,434809,427296,433634,2,1,01/06/2009,1710,3,1,1,1,1,3,1,38,3
1215,438409,437471,431274,1,1,01/06/2009,1750,1,1,1,1,1,3,1,20,9
1216,446009,423989,438139,1,1,01/06/2009,1550,6,1,1,1,3,3,2,37,9
1217,446309,444190,433884,1,2,01/06/2009,110,2,1,6,1,1,3,1,38,9
1218,446309,444190,433884,1,2,01/06/2009,110,2,1,6,1,2,2,1,29,9
1219,451609,426977,432308,2,1,01/06/2009,858,6,1,1,1,1,3,1,28,3
1220,433709,430162,433766,1,2,02/06/2009,1030,6,1,1,1,3,3,1,32,1
1221,433709,430162,433766,1,2,02/06/2009,1030,6,1,1,1,1,3,1,26,1
1222,434309,427547,431985,2,1,02/06/2009,715,3,1,1,1,1,3,1,23,9
1223,446709,438731,429963,2,1,02/06/2009,2030,6,1,1,1,2,2,1,18,5
1224,450009,428455,429067,2,1,02/06/2009,1645,3,1,1,1,1,3,1,31,9
1225,454209,437525,433018,1,1,02/06/2009,2327,6,1,4,1,3,3,1,23,9
1226,454709,420577,440162,2,1,02/06/2009,1740,3,1,1,1,1,2,1,32,1
1227,438509,430761,433525,1,1,03/06/2009,1250,3,1,1,1,2,3,1,38,11
1228,441509,430080,432200,1,1,03/06/2009,2015,3,1,1,1,1,2,1,26,5
1229,442309,428912,434797,1,1,03/06/2009,2339,6,1,4,1,3,3,1,22,9
1230,443609,433173,434023,2,1,03/06/2009,1425,3,1,1,4,2,3,2,75,11
1231,446609,430063,433950,2,1,03/06/2009,1206,6,1,1,1,1,3,1,33,1
1232,446809,431275,433833,2,1,03/06/2009,1956,6,1,1,1,1,3,2,20,3
1233,455009,426272,433566,1,1,03/06/2009,1750,6,1,1,1,3,2,2,8,9
1234,441009,429107,436249,2,1,04/06/2009,920,6,1,1,1,1,3,1,51,1
1235,444309,430480,435431,2,1,04/06/2009,1230,3,1,1,1,1,3,1,57,9
1236,445509,429388,434939,2,2,04/06/2009,1213,3,1,1,1,1,3,2,55,9
1237,445509,429388,434939,2,2,04/06/2009,1213,3,1,1,1,2,3,2,63,9
1238,446209,429847,432998,2,1,04/06/2009,1640,6,1,1,1,1,3,1,39,1
1239,572209,427599,436800,2,1,04/06/2009,740,3,1,1,1,1,3,1,39,1
1240,415209,430076,433877,1,1,05/06/2009,1035,6,1,1,1,2,3,2,36,11
1241,444609,427780,434626,2,1,05/06/2009,1305,6,1,1,1,1,3,1,11,1
1242,446509,427529,438624,2,1,05/06/2009,835,6,1,1,1,1,3,1,26,1
1243,451009,433468,434897,2,1,05/06/2009,1834,6,2,1,2,1,3,1,25,8
1244,452209,435321,434812,2,1,05/06/2009,1600,6,1,1,1,1,3,1,15,1
1245,459309,428102,426660,2,2,05/06/2009,1315,3,1,1,1,1,3,1,38,9
1246,459309,428102,426660,2,2,05/06/2009,1315,3,1,1,1,1,3,2,19,9
1247,451309,439482,426194,1,1,06/06/2009,300,3,2,7,1,1,3,1,20,9
1248,453009,430055,434014,1,1,06/06/2009,1554,6,1,1,1,3,3,1,26,11
1249,461409,434489,430667,1,1,06/06/2009,840,1,2,1,2,1,3,2,21,9
1250,470309,425271,437602,2,2,06/06/2009,1345,6,1,1,1,1,3,2,26,9
1251,470309,425271,437602,2,2,06/06/2009,1345,6,1,1,1,1,3,1,52,9
1252,448009,432013,426289,2,1,07/06/2009,30,1,1,7,1,1,3,1,26,9
1253,448709,429234,428145,2,1,07/06/2009,1800,6,2,1,1,1,3,1,46,9
1254,470109,430982,433446,1,1,07/06/2009,2307,3,1,4,1,3,3,2,26,9
1255,491409,440591,432096,1,2,07/06/2009,210,3,1,4,1,1,3,1,19,9
1256,491409,440591,432096,1,2,07/06/2009,210,3,1,4,1,2,3,1,19,9
1257,462409,422177,441877,2,1,08/06/2009,1230,3,1,1,1,1,3,1,47,9
1258,470709,429735,434683,2,1,08/06/2009,655,3,1,1,1,1,3,1,61,9
1259,486409,427958,430345,2,1,08/06/2009,1845,3,1,1,1,1,3,2,37,9
1260,533209,443041,445603,1,1,08/06/2009,1800,3,1,1,1,3,3,2,17,90
1261,454609,430781,433498,1,1,09/06/2009,1355,6,1,1,1,2,3,2,78,11
1262,454809,430921,434358,2,1,09/06/2009,852,6,1,1,1,1,3,2,29,9
1263,455409,432061,430385,1,1,09/06/2009,1115,3,1,1,1,2,3,1,25,19
1264,456409,430661,427029,1,1,09/06/2009,1141,3,1,1,1,1,2,1,16,2
1265,458609,429605,434659,1,1,09/06/2009,1436,3,1,1,1,3,2,1,34,9
1266,461709,430817,433274,2,2,09/06/2009,2220,3,1,4,1,2,3,1,60,11
1267,461709,430817,433274,2,2,09/06/2009,2220,3,1,4,1,2,3,2,60,11
1268,462309,430267,433739,1,1,09/06/2009,1345,6,1,1,1,2,3,2,72,11
1269,476509,419444,434554,1,1,09/06/2009,2055,6,1,1,1,1,2,1,18,3
1270,482209,430732,435030,2,2,09/06/2009,1325,6,1,1,1,1,3,2,29,9
1271,482209,430732,435030,2,2,09/06/2009,1325,6,1,1,1,1,3,2,45,9
1272,527909,422378,432607,2,1,09/06/2009,1635,6,1,1,1,1,3,2,47,9
1273,462709,430082,431189,1,1,10/06/2009,1523,3,1,1,1,3,3,1,14,90
1274,466209,431342,433935,2,1,10/06/2009,1917,6,1,1,1,1,3,1,59,5
1275,461809,427995,435188,2,1,11/06/2009,745,6,2,1,1,1,3,1,25,5
1276,465509,430489,437163,2,1,11/06/2009,1810,6,1,1,1,1,3,1,37,9
1277,465709,437997,432950,2,1,11/06/2009,2113,3,1,1,1,2,3,2,24,9
1278,466109,424609,435110,2,1,11/06/2009,1740,3,1,1,1,1,3,1,10,1
1279,466509,432160,436134,3,1,11/06/2009,1835,6,2,1,1,2,3,2,34,9
1280,468009,422408,428986,2,1,11/06/2009,1730,3,1,1,1,1,3,1,26,9
1281,473809,430277,431962,2,2,11/06/2009,1625,1,1,1,1,1,3,2,56,9
1282,473809,430277,431962,2,2,11/06/2009,1625,1,1,1,1,1,3,2,32,9
1283,487209,437009,434736,2,1,11/06/2009,2110,6,1,1,1,1,3,1,58,9
1284,487409,429309,435024,2,3,11/06/2009,230,3,1,4,1,1,3,1,47,8
1285,487409,429309,435024,2,3,11/06/2009,230,3,1,4,1,2,3,1,19,8
1286,487409,429309,435024,2,3,11/06/2009,230,3,1,4,1,2,3,2,19,8
1287,466309,428501,434312,1,1,12/06/2009,15,6,1,4,1,3,3,1,16,9
1288,469109,440953,447834,2,1,12/06/2009,1823,2,1,1,1,1,3,1,22,9
1289,469609,431956,430318,2,2,12/06/2009,1635,3,1,1,1,1,3,1,30,9
1290,469609,431956,430318,2,2,12/06/2009,1635,3,1,1,1,1,3,1,28,9
1291,471009,428213,433557,2,1,12/06/2009,820,6,1,1,1,1,3,1,19,3
1292,473009,429514,430279,2,2,12/06/2009,750,3,1,1,1,1,3,2,27,9
1293,473009,429514,430279,2,2,12/06/2009,750,3,1,1,1,1,3,2,33,9
1294,475509,438705,445866,2,1,12/06/2009,1700,3,1,1,1,1,3,1,82,9
1295,468609,420514,436541,2,1,13/06/2009,1235,6,1,1,1,1,2,1,38,1
1296,469209,424249,428164,2,1,13/06/2009,1,3,1,7,1,1,3,1,28,9
1297,472509,423132,428428,2,1,13/06/2009,1313,6,1,1,1,1,3,1,9,1
1298,476109,432453,435205,2,1,13/06/2009,1923,6,1,1,1,1,3,1,14,1