Col.Number,Reference.Number,Easting,Northing,Number.of.Vehicles,Number.of.Casualties,Accident.Date,Time..24hr.,X1st.Road.Class,Road.Surface,Lighting.Conditions,Weather.Conditions,Casualty.Class,Casualty.Severity,Sex.of.Casualty,Age.of.Casualty,Type.of.Vehicle
1299,494709,431551,428503,2,1,13/06/2009,228,6,1,4,1,1,3,1,22,9
1300,468909,428368,428719,1,1,14/06/2009,1536,6,1,1,1,1,3,1,62,9
1301,471209,436168,427633,2,2,14/06/2009,1209,3,1,1,1,1,3,2,33,9
1302,471209,436168,427633,2,2,14/06/2009,1209,3,1,1,1,2,3,2,9,9
1303,472309,420901,434493,2,1,14/06/2009,1820,3,1,1,1,2,3,2,30,9
1304,473909,432291,445653,2,2,14/06/2009,1250,3,1,1,1,1,3,1,53,5
1305,473909,432291,445653,2,2,14/06/2009,1250,3,1,1,1,2,3,2,50,5
1306,476309,432408,439852,3,1,14/06/2009,1205,6,1,1,1,1,3,2,53,1
1307,481809,427297,433401,3,1,14/06/2009,1358,6,1,1,1,1,3,2,32,9
1308,484109,424859,441872,2,1,14/06/2009,1150,6,1,1,1,1,3,1,33,3
1309,473609,433671,429620,2,2,15/06/2009,1450,3,2,1,1,1,3,1,46,9
1310,473609,433671,429620,2,2,15/06/2009,1450,3,2,1,1,1,3,1,59,9
1311,474309,425224,436936,2,1,15/06/2009,1750,6,1,1,1,1,3,1,32,9
1312,478509,426475,426737,2,2,15/06/2009,810,3,2,1,1,3,1,2,12,9
1313,478509,426475,426737,2,2,15/06/2009,810,3,2,1,1,1,3,1,21,9
1314,483609,425494,435376,2,1,15/06/2009,1130,6,2,1,2,2,3,1,20,9
1315,486509,429347,434617,1,1,15/06/2009,1100,6,1,1,1,3,3,1,21,9
1316,474509,428965,433912,2,2,16/06/2009,18,6,1,4,1,1,3,1,38,8
1317,474509,428965,433912,2,2,16/06/2009,18,6,1,4,1,1,3,1,26,9
1318,478709,430906,436530,1,1,16/06/2009,1240,6,1,1,1,2,3,2,26,11
1319,478909,430786,438591,2,2,16/06/2009,1355,6,1,1,1,1,3,1,72,9
1320,478909,430786,438591,2,2,16/06/2009,1355,6,1,1,1,2,3,1,41,9
1321,481509,428000,436009,2,1,16/06/2009,1830,3,1,1,1,1,3,2,55,1
1322,482809,428413,437837,2,1,16/06/2009,700,6,1,1,1,1,3,1,66,1
1323,483009,427453,434949,3,3,16/06/2009,1730,6,1,1,1,1,3,2,47,9
1324,483009,427453,434949,3,3,16/06/2009,1730,6,1,1,1,1,3,2,39,9
1325,483009,427453,434949,3,3,16/06/2009,1730,6,1,1,1,2,3,2,24,9
1326,483509,435472,425890,3,1,16/06/2009,1650,1,1,1,1,1,3,1,38,9
1327,484609,426578,427694,2,1,16/06/2009,1900,6,1,1,1,1,3,1,40,1
1328,487109,433186,433968,2,1,16/06/2009,2040,6,1,1,1,1,3,1,19,1
1329,487909,426248,431904,1,1,16/06/2009,1540,6,1,1,1,3,3,1,17,11
1330,499909,440772,428644,1,1,16/06/2009,1225,6,1,1,1,2,3,2,69,11
1331,586409,436029,436955,1,1,16/06/2009,2115,6,1,1,1,1,2,1,18,3
1332,482609,430476,437228,2,1,17/06/2009,1315,6,2,1,2,1,3,2,65,9
1333,487309,429816,434396,2,1,17/06/2009,1545,3,1,1,1,1,3,1,18,1
1334,496009,430739,434770,2,1,17/06/2009,1710,3,2,1,1,1,3,1,31,9
1335,486609,426874,429164,2,4,18/06/2009,1549,3,1,1,1,1,3,1,48,9
1336,486609,426874,429164,2,4,18/06/2009,1549,3,1,1,1,1,3,2,44,9
1337,486609,426874,429164,2,4,18/06/2009,1549,3,1,1,1,2,3,2,38,9
1338,486609,426874,429164,2,4,18/06/2009,1549,3,1,1,1,2,3,2,16,9
1339,497009,430131,432173,2,1,18/06/2009,1709,3,1,1,4,1,3,1,29,4
1340,502609,429759,427354,1,1,18/06/2009,1735,6,1,1,1,3,2,2,4,9
1341,503509,427444,436139,2,1,18/06/2009,2042,6,1,1,1,1,3,2,21,9
1342,548709,426824,434970,2,1,18/06/2009,815,3,1,1,1,1,3,2,53,1
1343,483109,439684,449044,2,1,19/06/2009,1022,6,1,1,1,1,3,1,52,9
1344,485809,419324,441747,2,3,19/06/2009,2200,3,1,4,1,1,3,2,22,9
1345,485809,419324,441747,2,3,19/06/2009,2200,3,1,4,1,2,3,1,23,9
1346,485809,419324,441747,2,3,19/06/2009,2200,3,1,4,1,2,3,2,26,11
1347,486809,435344,427518,2,1,19/06/2009,805,6,1,1,1,1,3,1,50,9
1348,487809,430082,435418,2,1,19/06/2009,2330,6,1,4,9,1,3,1,31,1
1349,488509,441005,445700,2,2,19/06/2009,1600,2,1,1,1,1,3,1,56,9
1350,488509,441005,445700,2,2,19/06/2009,1600,2,1,1,1,1,3,2,26,9
1351,490309,433187,434012,2,1,19/06/2009,1430,3,1,1,1,2,3,1,87,11
1352,490809,430806,433455,2,1,19/06/2009,1350,6,1,1,4,2,3,2,38,11
1353,494809,427708,434474,3,1,19/06/2009,1035,3,1,1,1,1,2,1,23,1
1354,495909,418792,444757,2,1,19/06/2009,1715,3,1,1,1,1,3,1,13,1
1355,496209,432430,435184,2,2,19/06/2009,1833,6,1,1,1,1,2,1,18,3
1356,496209,432430,435184,2,2,19/06/2009,1833,6,1,1,1,2,3,1,18,3
1357,497209,432489,436579,2,6,19/06/2009,2106,6,1,1,1,2,3,1,23,8
1358,497209,432489,436579,2,6,19/06/2009,2106,6,1,1,1,2,3,2,15,8
1359,497209,432489,436579,2,6,19/06/2009,2106,6,1,1,1,2,3,2,20,8
1360,497209,432489,436579,2,6,19/06/2009,2106,6,1,1,1,2,3,1,20,8
1361,497209,432489,436579,2,6,19/06/2009,2106,6,1,1,1,2,3,2,20,8
1362,497209,432489,436579,2,6,19/06/2009,2106,6,1,1,1,2,3,2,15,8
1363,488209,424246,434481,2,2,20/06/2009,2320,6,1,4,1,1,3,1,57,9
1364,488209,424246,434481,2,2,20/06/2009,2320,6,1,4,1,1,3,1,25,9
1365,493409,430678,424632,1,1,20/06/2009,1030,3,1,1,1,3,3,1,40,9
1366,495209,428275,434565,2,1,20/06/2009,1150,6,2,1,2,1,3,1,22,1
1367,497909,421504,435905,2,1,20/06/2009,1300,3,1,1,1,1,3,1,19,3
1368,503709,425670,432193,1,1,20/06/2009,1915,6,1,1,1,3,3,2,23,9
1369,528909,433178,434010,2,1,20/06/2009,1930,3,1,1,1,1,3,1,31,9
1370,490609,431221,440980,1,4,21/06/2009,400,3,1,1,1,2,3,1,18,9
1371,490609,431221,440980,1,4,21/06/2009,400,3,1,1,1,2,3,1,18,9
1372,490609,431221,440980,1,4,21/06/2009,400,3,1,1,1,2,3,1,16,9
1373,490609,431221,440980,1,4,21/06/2009,400,3,1,1,1,2,3,1,19,9
1374,492909,433644,429581,1,1,21/06/2009,2312,3,1,4,1,1,3,2,34,9
1375,516509,436072,434288,3,2,21/06/2009,2050,6,1,1,1,1,3,1,19,9
1376,516509,436072,434288,3,2,21/06/2009,2050,6,1,1,1,2,3,2,18,9
1377,495709,431905,435737,2,1,22/06/2009,1720,3,1,1,1,1,3,1,75,9
1378,496109,440420,442434,2,1,22/06/2009,1740,6,1,1,1,1,3,1,19,9
1379,496509,424787,434807,1,1,22/06/2009,2230,6,2,4,1,1,2,1,14,9
1380,502209,430527,438554,1,1,22/06/2009,1425,6,1,1,1,1,3,1,70,9
1381,510609,445588,430929,1,1,22/06/2009,1255,6,1,1,1,1,2,1,60,5
1382,510909,426815,435708,2,1,22/06/2009,1510,4,1,1,1,1,3,2,87,9
1383,511609,431493,435124,2,1,22/06/2009,1,3,1,4,1,1,3,1,24,5
1384,499709,422550,436277,1,1,23/06/2009,1644,6,1,1,1,3,3,2,42,9
1385,502409,428956,435471,2,1,23/06/2009,2330,3,1,7,1,1,3,1,26,9
1386,504609,423042,437642,2,1,23/06/2009,700,3,1,1,1,1,3,1,21,9
1387,509809,440219,432994,2,1,23/06/2009,1915,6,1,1,1,1,3,1,14,1
1388,519309,430963,435867,2,1,23/06/2009,845,6,1,1,1,1,2,1,30,1
1389,528509,431512,435149,2,2,23/06/2009,1720,6,1,1,1,1,3,1,31,9
1390,528509,431512,435149,2,2,23/06/2009,1720,6,1,1,1,2,3,2,29,9
1391,594809,428835,436568,3,1,23/06/2009,2225,6,1,4,1,1,3,1,46,9
1392,502109,429605,431110,2,1,24/06/2009,1645,6,1,1,1,1,3,1,24,4
1393,517309,437486,431651,2,1,24/06/2009,1330,6,1,1,1,1,3,1,17,1
1394,518209,431618,437090,2,1,24/06/2009,1550,6,1,1,1,3,1,1,2,11
1395,527509,429411,437318,1,1,24/06/2009,1650,6,1,1,1,3,3,1,13,9
1396,503309,422833,433543,1,2,25/06/2009,755,4,1,1,1,1,3,1,31,1
1397,503309,422833,433543,1,2,25/06/2009,755,4,1,1,1,3,3,1,14,1
1398,504009,429410,431359,1,1,25/06/2009,1620,6,1,1,1,3,3,2,37,9
1399,504309,428784,432689,3,2,25/06/2009,910,3,1,1,1,1,3,2,36,9
1400,504309,428784,432689,3,2,25/06/2009,910,3,1,1,1,2,3,1,31,9
1401,504909,430030,432524,1,1,25/06/2009,1730,3,1,1,1,3,3,2,24,9
1402,507009,422363,433452,2,1,25/06/2009,1300,6,1,1,1,1,3,2,44,9
1403,516409,440953,439816,2,1,25/06/2009,1345,3,1,1,1,1,2,1,53,5
1404,518509,430187,432827,2,1,25/06/2009,2115,3,1,1,1,1,3,1,28,9
1405,527709,436116,435543,2,1,25/06/2009,1730,3,1,1,1,1,3,2,35,9
1406,508909,426338,428160,2,1,26/06/2009,855,4,1,1,1,1,3,1,44,9
1407,509209,423005,429426,1,1,26/06/2009,1235,3,1,1,1,1,3,1,39,21
1408,511109,429043,436820,1,1,26/06/2009,845,4,1,1,1,2,3,1,42,11
1409,511409,424127,444004,2,2,26/06/2009,2350,3,1,4,1,1,3,1,36,9
1410,511409,424127,444004,2,2,26/06/2009,2350,3,1,4,1,2,3,2,49,9
1411,515409,423772,437592,2,2,26/06/2009,1150,3,1,1,1,1,3,1,47,9
1412,515409,423772,437592,2,2,26/06/2009,1150,3,1,1,1,1,3,2,46,1
1413,516809,433894,433444,1,2,26/06/2009,1505,6,1,1,1,1,3,1,26,3
1414,516809,433894,433444,1,2,26/06/2009,1505,6,1,1,1,3,3,1,12,3
1415,594509,434117,428643,1,1,26/06/2009,1750,6,1,1,1,3,3,2,16,9
1416,505309,422924,437549,2,2,27/06/2009,1225,3,1,1,1,1,3,1,45,9
1417,505309,422924,437549,2,2,27/06/2009,1225,3,1,1,1,2,3,2,21,9
1418,509409,430954,428794,1,1,27/06/2009,1520,6,1,1,1,3,3,2,4,9
1419,509909,427403,430422,1,1,27/06/2009,1214,6,1,1,1,1,3,1,42,17
1420,512209,426016,437494,1,1,27/06/2009,1000,6,1,1,1,2,3,1,81,11
1421,517509,430444,434909,1,1,27/06/2009,35,6,1,7,1,1,3,1,19,3
1422,506309,420406,445344,1,2,28/06/2009,215,6,1,4,1,1,3,1,18,9
1423,506309,420406,445344,1,2,28/06/2009,215,6,1,4,1,2,3,1,18,9
1424,518809,429165,430536,2,1,28/06/2009,1700,6,1,1,1,1,3,1,10,1
1425,520109,432331,436321,2,2,28/06/2009,1720,6,1,1,1,1,2,2,42,9
1426,520109,432331,436321,2,2,28/06/2009,1720,6,1,1,1,2,3,1,53,9
1427,522109,441220,448722,2,1,28/06/2009,1945,2,1,1,1,2,3,2,55,9
1428,516009,428569,431477,2,4,29/06/2009,1056,3,1,1,1,1,3,1,59,10
1429,516009,428569,431477,2,4,29/06/2009,1056,3,1,1,1,1,3,2,46,9
1430,516009,428569,431477,2,4,29/06/2009,1056,3,1,1,1,2,3,2,53,10
1431,516009,428569,431477,2,4,29/06/2009,1056,3,1,1,1,2,3,2,68,10
1432,516609,429057,433891,3,1,29/06/2009,1335,6,1,1,1,3,3,1,22,9
1433,517009,430091,434604,2,1,29/06/2009,935,6,1,1,1,1,3,1,25,1
1434,519909,431934,435779,2,1,29/06/2009,1105,3,1,1,1,1,3,1,30,9
1435,520509,432237,434671,1,1,29/06/2009,928,6,1,1,1,3,3,2,12,9
1436,521109,426729,428111,1,1,29/06/2009,2030,6,1,1,1,3,3,1,44,3
1437,518609,429883,432819,1,1,30/06/2009,807,6,1,1,1,3,3,2,27,9
1438,521409,428097,434684,2,1,30/06/2009,1635,6,1,1,1,1,3,1,24,5
1439,523909,420429,440373,2,1,30/06/2009,945,3,2,1,2,1,3,1,45,1
1440,530809,424574,427831,1,1,30/06/2009,637,1,1,1,1,1,3,2,37,9
1441,541809,429793,433791,2,1,01/07/2009,1300,6,1,1,1,1,3,1,29,1
1442,547009,433435,442574,2,1,01/07/2009,1215,6,1,1,1,1,3,1,55,9
1443,523609,429794,433789,2,1,02/07/2009,820,6,1,1,1,2,3,2,34,11
1444,524709,437923,433096,3,1,02/07/2009,136,1,1,6,1,1,1,1,47,21
1445,527209,430656,433451,1,1,02/07/2009,1446,6,1,1,1,2,3,2,69,11
1446,527809,428647,430800,2,1,02/07/2009,1545,6,1,1,1,1,3,2,24,9
1447,529109,432458,434817,1,1,02/07/2009,1154,4,1,1,1,3,3,2,78,9
1448,530509,422263,433347,1,1,02/07/2009,1056,6,1,1,1,3,3,2,68,11
1449,531009,428760,431606,1,1,02/07/2009,1852,1,1,1,1,1,3,2,73,9
1450,531409,420981,434467,2,2,02/07/2009,940,4,1,1,1,2,2,1,66,9
1451,531409,420981,434467,2,2,02/07/2009,940,4,1,1,1,2,3,2,66,9
1452,531709,437768,433085,2,3,02/07/2009,2005,3,1,1,1,2,3,1,19,11
1453,531709,437768,433085,2,3,02/07/2009,2005,3,1,1,1,2,3,2,54,11
1454,531709,437768,433085,2,3,02/07/2009,2005,3,1,1,1,2,3,1,7,9
1455,533109,428435,435000,2,1,02/07/2009,1815,6,1,1,1,1,3,1,22,1
1456,538309,425634,434236,2,1,02/07/2009,1910,3,1,1,1,1,3,2,24,9
1457,574709,428060,435959,2,1,02/07/2009,1605,3,1,1,1,1,3,1,45,1
1458,589709,425806,427156,2,2,02/07/2009,2140,4,1,1,1,1,3,2,21,9
1459,589709,425806,427156,2,2,02/07/2009,2140,4,1,1,1,2,3,2,20,9
1460,532709,425623,433083,2,1,03/07/2009,845,4,1,1,1,1,3,2,22,9
1461,534409,430072,433934,2,1,03/07/2009,2340,6,1,4,1,1,3,1,26,1
1462,534609,429940,427139,2,1,03/07/2009,1447,6,2,1,2,1,3,1,47,9
1463,538509,437664,444762,3,5,03/07/2009,2035,3,2,1,1,1,3,1,17,9
1464,538509,437664,444762,3,5,03/07/2009,2035,3,2,1,1,1,3,1,38,9
1465,538509,437664,444762,3,5,03/07/2009,2035,3,2,1,1,1,3,1,18,9
1466,538509,437664,444762,3,5,03/07/2009,2035,3,2,1,1,2,3,1,19,9
1467,538509,437664,444762,3,5,03/07/2009,2035,3,2,1,1,2,3,2,34,9
1468,539909,430430,426479,2,3,03/07/2009,1920,1,1,1,1,1,3,2,41,9
1469,539909,430430,426479,2,3,03/07/2009,1920,1,1,1,1,2,3,2,41,9
1470,539909,430430,426479,2,3,03/07/2009,1920,1,1,1,1,2,3,1,10,9
1471,541709,435915,425859,2,1,03/07/2009,830,1,1,1,1,1,3,2,32,9
1472,577609,428795,433285,1,1,03/07/2009,807,3,1,1,1,2,3,2,22,11
1473,529909,424123,444005,2,4,04/07/2009,1135,3,1,1,1,1,2,1,89,9
1474,529909,424123,444005,2,4,04/07/2009,1135,3,1,1,1,1,3,1,55,9
1475,529909,424123,444005,2,4,04/07/2009,1135,3,1,1,1,2,1,2,91,9
1476,529909,424123,444005,2,4,04/07/2009,1135,3,1,1,1,2,2,2,50,9
1477,531209,424160,435104,1,1,04/07/2009,750,6,1,1,1,1,3,1,25,9
1478,532109,442192,434398,2,1,04/07/2009,1315,3,1,1,1,1,3,1,35,5
1479,532509,432324,434991,1,1,04/07/2009,1720,4,1,1,1,3,3,1,8,9
1480,532909,438760,430808,1,1,04/07/2009,800,3,1,1,1,1,2,1,52,5
1481,534009,431387,431640,2,4,04/07/2009,1516,3,1,1,1,1,3,1,58,9
1482,534009,431387,431640,2,4,04/07/2009,1516,3,1,1,1,2,3,2,51,9
1483,534009,431387,431640,2,4,04/07/2009,1516,3,1,1,1,2,3,2,11,11
1484,534009,431387,431640,2,4,04/07/2009,1516,3,1,1,1,2,3,2,51,11
1485,536809,425480,432865,2,1,04/07/2009,630,3,1,1,1,1,3,1,28,9
1486,538009,421796,435470,2,1,04/07/2009,1150,4,1,1,1,1,3,2,21,9
1487,546409,427835,434410,2,1,04/07/2009,1207,3,1,1,1,1,3,1,33,90
1488,585209,430759,435349,2,1,04/07/2009,2140,6,1,1,1,1,3,2,41,9
1489,531509,429705,432103,1,1,05/07/2009,1853,1,1,1,1,1,3,1,25,9
1490,536209,429129,432126,1,1,05/07/2009,1701,6,1,1,1,3,3,2,12,9
1491,543209,424923,434763,1,2,05/07/2009,1100,6,1,1,1,3,2,2,9,9
1492,543209,424923,434763,1,2,05/07/2009,1100,6,1,1,1,3,2,2,4,9
1493,544809,429843,438855,2,1,05/07/2009,1340,6,1,1,1,1,3,2,58,90
1494,550609,424016,435856,3,1,05/07/2009,2130,4,1,1,1,1,3,1,16,2
1495,537909,422730,434047,4,4,06/07/2009,1600,3,1,1,1,1,3,2,46,9
1496,537909,422730,434047,4,4,06/07/2009,1600,3,1,1,1,1,3,2,22,9
1497,537909,422730,434047,4,4,06/07/2009,1600,3,1,1,1,1,3,1,38,19
1498,537909,422730,434047,4,4,06/07/2009,1600,3,1,1,1,2,3,1,28,19
1499,543109,428224,435779,2,1,06/07/2009,1430,3,1,1,1,1,3,1,30,1
1500,543609,429893,435206,2,1,06/07/2009,1530,6,1,1,1,1,3,1,31,3
1501,543709,429141,435248,2,1,06/07/2009,1000,3,1,1,1,1,3,1,46,1
1502,558809,437189,433452,2,2,06/07/2009,1630,3,2,1,2,1,3,1,24,9
1503,558809,437189,433452,2,2,06/07/2009,1630,3,2,1,2,2,3,2,23,9
1504,540809,425109,434167,1,3,07/07/2009,110,6,2,4,1,1,3,1,18,9
1505,540809,425109,434167,1,3,07/07/2009,110,6,2,4,1,2,3,2,18,9
1506,540809,425109,434167,1,3,07/07/2009,110,6,2,4,1,2,3,2,16,9
1507,544909,427713,436839,2,1,07/07/2009,1525,6,2,1,1,1,3,1,27,5
1508,547809,420467,434286,3,1,07/07/2009,1814,3,2,1,1,1,3,2,38,9
1509,548009,420228,439432,2,1,07/07/2009,855,3,1,1,1,1,3,2,40,1
1510,551009,433593,429745,2,1,07/07/2009,1005,3,1,1,1,1,3,2,33,9
1511,559109,421366,434997,1,1,07/07/2009,1545,6,1,1,1,3,2,1,6,8
1512,563009,427558,430395,2,1,07/07/2009,1115,6,1,1,1,3,3,2,48,20
1513,540309,426011,440080,1,1,08/07/2009,739,6,1,1,1,2,3,1,53,11
1514,544409,425239,439474,1,1,08/07/2009,2350,6,1,4,1,1,3,1,44,9
1515,545109,421081,441170,1,1,08/07/2009,1305,6,1,1,1,2,3,2,71,11
1516,552009,431403,438152,2,1,08/07/2009,1035,6,1,1,1,1,3,1,56,1
1517,554009,441080,449548,3,3,08/07/2009,1002,2,1,1,1,1,3,1,46,11
1518,554009,441080,449548,3,3,08/07/2009,1002,2,1,1,1,1,3,1,37,11
1519,554009,441080,449548,3,3,08/07/2009,1002,2,1,1,1,2,3,1,11,11
1520,559309,427506,434573,2,1,08/07/2009,1730,3,1,1,1,1,3,2,28,9
1521,576609,421757,435237,1,1,08/07/2009,1500,4,1,1,1,2,3,2,77,11
1522,578009,442022,445378,1,1,08/07/2009,1240,6,1,1,1,3,3,2,14,9
1523,586909,427512,440625,2,3,08/07/2009,2055,6,1,6,1,1,3,1,35,9
1524,586909,427512,440625,2,3,08/07/2009,2055,6,1,6,1,1,3,1,26,9
1525,586909,427512,440625,2,3,08/07/2009,2055,6,1,6,1,2,3,1,25,9
1526,929009,446449,430805,1,1,08/07/2009,753,3,1,1,1,1,2,1,54,5
1527,549609,435846,436401,2,1,09/07/2009,1655,3,2,1,2,1,3,1,17,4
1528,550909,427882,430471,1,1,09/07/2009,1620,3,1,1,1,3,3,1,44,9
1529,551509,432525,433786,2,1,09/07/2009,2300,3,1,4,1,2,3,1,55,11
1530,552309,425922,427655,1,1,09/07/2009,1520,6,1,1,1,3,3,2,14,9
1531,568909,430093,431352,2,1,09/07/2009,743,3,2,1,1,1,3,1,48,9
1532,582409,430493,433454,2,3,09/07/2009,1225,6,1,1,1,2,3,1,23,11
1533,582409,430493,433454,2,3,09/07/2009,1225,6,1,1,1,2,3,2,45,11
1534,582409,430493,433454,2,3,09/07/2009,1225,6,1,1,1,2,3,1,19,11
1535,588109,428793,435573,2,1,09/07/2009,1735,3,2,1,2,2,3,1,21,9
1536,631709,426195,444706,2,1,09/07/2009,545,3,1,1,1,1,3,2,21,9
1537,550709,427387,433466,2,1,10/07/2009,1840,6,1,1,1,1,3,1,17,2
1538,552109,431896,433078,1,1,10/07/2009,1945,6,1,1,1,3,3,1,1,9
1539,552509,424103,428114,2,2,10/07/2009,1330,3,1,1,1,1,3,2,20,9
1540,552509,424103,428114,2,2,10/07/2009,1330,3,1,1,1,2,3,2,43,9
1541,564009,443294,435466,2,2,10/07/2009,1540,4,1,1,1,1,3,1,33,19
1542,564009,443294,435466,2,2,10/07/2009,1540,4,1,1,1,1,3,1,52,19
1543,585509,435051,434948,2,1,10/07/2009,1700,6,1,1,1,1,3,1,41,1
1544,585809,430464,435595,3,2,10/07/2009,57,3,1,7,1,1,3,2,33,9
1545,585809,430464,435595,3,2,10/07/2009,57,3,1,7,1,2,3,2,44,9
1546,615809,439580,432848,1,1,10/07/2009,1805,6,1,1,1,3,3,2,7,9
1547,552209,427793,425850,2,3,11/07/2009,2117,3,2,1,2,1,3,2,48,9
1548,552209,427793,425850,2,3,11/07/2009,2117,3,2,1,2,2,3,1,55,9
1549,552209,427793,425850,2,3,11/07/2009,2117,3,2,1,2,2,3,1,19,9
1550,552809,430067,433971,2,1,11/07/2009,200,6,1,4,1,1,3,1,42,8
1551,553909,430183,433754,1,1,11/07/2009,1650,6,1,1,1,3,3,2,23,11
1552,574409,424020,434108,2,1,11/07/2009,2330,3,2,4,2,1,3,1,32,9
1553,576309,440692,445795,2,1,11/07/2009,1400,3,1,1,1,1,3,1,49,9
1554,585709,433957,437102,3,3,11/07/2009,1240,6,1,1,1,1,3,1,59,9
1555,585709,433957,437102,3,3,11/07/2009,1240,6,1,1,1,1,3,2,31,9
1556,585709,433957,437102,3,3,11/07/2009,1240,6,1,1,1,2,3,2,35,9
1557,597609,428978,436378,2,2,11/07/2009,1630,6,1,1,1,1,3,1,32,8
1558,597609,428978,436378,2,2,11/07/2009,1630,6,1,1,1,2,3,1,4,9
1559,551709,433115,434022,2,5,12/07/2009,845,3,1,1,1,1,3,1,57,9
1560,551709,433115,434022,2,5,12/07/2009,845,3,1,1,1,1,3,1,35,90
1561,551709,433115,434022,2,5,12/07/2009,845,3,1,1,1,2,3,1,29,90
1562,551709,433115,434022,2,5,12/07/2009,845,3,1,1,1,2,3,1,47,90
1563,551709,433115,434022,2,5,12/07/2009,845,3,1,1,1,2,3,1,24,90
1564,551809,434977,438341,2,1,12/07/2009,253,3,2,4,2,2,3,2,19,3
1565,558409,430721,439028,2,1,12/07/2009,1650,3,1,1,1,1,3,1,19,9
1566,562709,422331,440438,1,1,12/07/2009,1925,6,1,1,1,1,3,1,55,9
1567,564309,425080,432427,1,1,12/07/2009,1515,6,1,1,1,2,3,1,29,11
1568,583209,431805,435386,2,1,12/07/2009,1800,6,1,1,1,1,3,1,42,9
1569,635609,424296,434761,2,2,12/07/2009,40,6,2,4,2,1,3,1,28,9
1570,635609,424296,434761,2,2,12/07/2009,40,6,2,4,2,2,3,1,36,9
1571,551609,426780,428665,2,2,13/07/2009,1205,6,1,1,1,1,2,1,42,1
1572,551609,426780,428665,2,2,13/07/2009,1205,6,1,1,1,1,3,2,45,9
1573,559209,441195,432176,1,1,13/07/2009,745,6,1,1,1,3,2,1,12,9
1574,559609,428637,432937,1,1,13/07/2009,1920,3,1,1,1,3,3,1,26,9
1575,562209,423287,434644,2,1,13/07/2009,1535,6,1,1,1,1,3,1,19,3
1576,564409,442049,430619,1,1,13/07/2009,1250,6,1,1,1,3,2,1,42,9
1577,564909,420931,434417,2,1,13/07/2009,1310,3,1,1,1,1,3,2,21,9
1578,568809,424236,428165,2,1,13/07/2009,1440,3,1,1,1,1,3,1,63,9
1579,587409,430785,425568,2,1,13/07/2009,1500,6,1,1,1,1,3,1,17,3
1580,558909,424527,437057,2,1,14/07/2009,705,3,1,1,1,1,2,1,38,1
1581,560109,428416,432513,2,1,14/07/2009,713,3,1,1,1,1,3,2,30,1
1582,563909,428133,431161,2,1,14/07/2009,905,3,1,1,1,1,3,1,30,1
1583,564109,431906,435743,2,1,14/07/2009,1308,3,1,1,1,1,3,1,41,1
1584,567409,431851,440389,1,2,14/07/2009,2005,6,1,1,1,1,3,1,25,9
1585,567409,431851,440389,1,2,14/07/2009,2005,6,1,1,1,2,3,1,20,9
1586,715109,426908,435448,2,2,14/07/2009,930,6,1,1,1,1,3,1,61,9
1587,715109,426908,435448,2,2,14/07/2009,930,6,1,1,1,1,3,2,33,9
1588,564209,430000,432558,2,1,15/07/2009,812,3,1,1,1,1,3,2,57,9
1589,564509,428340,427000,1,1,15/07/2009,906,3,2,1,2,1,3,2,19,9
1590,564609,425961,434759,2,1,15/07/2009,910,6,2,1,2,1,3,2,20,9
1591,565809,431323,434057,1,1,15/07/2009,845,6,2,1,1,3,2,2,63,9
1592,570909,427398,431910,1,1,15/07/2009,1015,6,1,1,1,3,3,1,80,19
1593,571909,421770,435275,1,1,15/07/2009,1630,4,2,1,9,2,3,1,22,11
1594,585609,441383,430932,2,1,15/07/2009,1400,4,2,1,1,1,2,1,17,4
1595,587209,428083,433566,2,1,15/07/2009,1630,3,1,1,1,1,3,1,37,1
1596,588909,443225,439658,1,2,15/07/2009,8,2,2,6,2,1,3,1,26,9
1597,588909,443225,439658,1,2,15/07/2009,8,2,2,6,2,2,3,2,24,9
1598,591109,430747,439243,2,1,15/07/2009,1715,3,1,1,1,1,3,2,48,9
1599,596809,438949,431554,2,2,15/07/2009,1925,3,1,1,1,1,3,2,49,9
1600,596809,438949,431554,2,2,15/07/2009,1925,3,1,1,1,2,3,2,77,9
1601,570009,430397,433717,1,1,16/07/2009,1850,6,1,1,1,2,3,2,59,11
1602,571309,436155,434847,2,2,16/07/2009,1330,3,1,1,1,1,3,1,48,9
1603,571309,436155,434847,2,2,16/07/2009,1330,3,1,1,1,2,3,2,39,9
1604,577709,426379,435438,2,1,16/07/2009,740,3,1,1,1,1,3,1,31,1
1605,580209,426819,437997,2,1,16/07/2009,1600,3,1,1,1,1,3,1,23,4
1606,585909,432223,435153,2,3,16/07/2009,2140,4,2,4,2,2,3,2,11,9
1607,585909,432223,435153,2,3,16/07/2009,2140,4,2,4,2,2,3,2,24,9
1608,585909,432223,435153,2,3,16/07/2009,2140,4,2,4,2,2,3,2,11,9
1609,589309,441739,430216,1,1,16/07/2009,1315,4,1,1,1,3,3,1,86,9
1610,572409,422605,442734,2,2,17/07/2009,1725,3,2,1,2,2,3,2,57,9
1611,572409,422605,442734,2,2,17/07/2009,1725,3,2,1,2,2,3,2,27,9
1612,572909,427572,436875,2,3,17/07/2009,1534,3,1,1,1,1,3,1,46,9
1613,572909,427572,436875,2,3,17/07/2009,1534,3,1,1,1,1,2,1,18,9
1614,572909,427572,436875,2,3,17/07/2009,1534,3,1,1,1,2,2,1,18,9
1615,575309,434257,430107,2,1,17/07/2009,620,1,5,1,5,1,3,2,41,9
1616,576209,429189,431917,2,1,17/07/2009,1240,6,2,1,2,1,3,1,84,9
1617,577509,428805,433293,2,1,17/07/2009,1540,3,2,1,2,1,3,1,22,9