Col.Number,Reference.Number,Easting,Northing,Number.of.Vehicles,Number.of.Casualties,Accident.Date,Time..24hr.,X1st.Road.Class,Road.Surface,Lighting.Conditions,Weather.Conditions,Casualty.Class,Casualty.Severity,Sex.of.Casualty,Age.of.Casualty,Type.of.Vehicle
1618,577809,422012,432439,2,2,17/07/2009,1530,6,2,1,2,1,3,2,26,9
1619,577809,422012,432439,2,2,17/07/2009,1530,6,2,1,2,2,3,1,6,9
1620,579209,428505,432641,2,1,17/07/2009,1825,3,2,1,2,2,3,2,32,11
1621,580609,427934,426300,2,1,17/07/2009,1528,3,2,1,5,1,3,2,30,9
1622,584709,441092,448810,2,1,17/07/2009,810,4,2,1,2,1,3,1,25,1
1623,572509,430418,433734,2,1,18/07/2009,525,6,1,1,1,1,3,1,28,9
1624,573209,428519,434663,1,1,18/07/2009,1710,6,1,1,1,3,3,2,43,9
1625,575609,432068,430295,1,1,18/07/2009,400,1,2,4,2,1,2,1,34,9
1626,575909,426351,433090,2,1,18/07/2009,1315,4,1,1,1,1,3,1,50,9
1627,577909,429196,438570,2,1,18/07/2009,1315,3,1,1,1,1,3,2,80,9
1628,578309,424684,435039,1,1,18/07/2009,1153,6,1,1,1,2,3,1,54,11
1629,581109,430332,433894,1,1,18/07/2009,2307,6,1,4,1,3,3,1,51,9
1630,582509,430884,436034,2,2,18/07/2009,2042,6,1,1,1,3,3,2,64,9
1631,582509,430884,436034,2,2,18/07/2009,2042,6,1,1,1,3,3,1,81,9
1632,582809,439541,430544,2,2,18/07/2009,1200,6,1,1,1,2,3,1,26,20
1633,582809,439541,430544,2,2,18/07/2009,1200,6,1,1,1,1,3,1,55,20
1634,588609,430551,433449,2,1,18/07/2009,2225,6,1,7,1,1,3,1,18,1
1635,581209,430804,433458,1,1,19/07/2009,34,6,1,4,1,3,3,2,32,9
1636,582309,423623,428311,2,2,19/07/2009,1045,4,2,1,2,1,3,1,38,9
1637,582309,423623,428311,2,2,19/07/2009,1045,4,2,1,2,2,3,2,56,9
1638,582909,430858,435557,2,1,19/07/2009,1752,6,1,1,1,1,3,1,19,2
1639,617709,430495,434004,1,1,19/07/2009,1600,6,1,1,1,2,3,1,20,11
1640,582609,429325,435001,1,1,20/07/2009,1525,3,1,1,1,3,3,1,41,11
1641,583009,422131,433789,2,1,20/07/2009,1930,6,1,1,1,1,3,1,11,1
1642,586809,428456,429063,2,2,20/07/2009,1400,3,1,1,1,1,3,1,24,9
1643,586809,428456,429063,2,2,20/07/2009,1400,3,1,1,1,2,3,2,23,9
1644,588709,426152,437183,1,1,20/07/2009,1200,6,1,1,1,2,3,1,80,11
1645,590209,430908,436542,2,1,20/07/2009,1025,4,1,1,1,1,3,1,35,1
1646,597409,419795,441274,2,1,20/07/2009,1200,3,1,1,1,1,3,1,28,9
1647,597709,423129,437611,2,1,20/07/2009,704,3,2,1,1,1,3,1,34,1
1648,600609,424575,435147,1,1,20/07/2009,1230,6,1,1,1,3,3,1,16,9
1649,586209,429589,439247,1,1,21/07/2009,1143,6,2,1,2,2,3,2,88,11
1650,590609,432536,433386,2,3,21/07/2009,2145,6,1,4,1,2,3,1,41,9
1651,590609,432536,433386,2,3,21/07/2009,2145,6,1,4,1,2,3,1,38,9
1652,590609,432536,433386,2,3,21/07/2009,2145,6,1,4,1,1,3,1,19,9
1653,591009,429652,430876,2,1,21/07/2009,1340,6,2,1,2,1,3,1,25,3
1654,591509,430678,434559,3,1,21/07/2009,1325,6,2,1,2,1,3,1,19,9
1655,591609,430052,432457,1,1,21/07/2009,2308,3,1,7,1,2,3,1,45,11
1656,604209,420832,439676,2,2,21/07/2009,1430,3,2,1,2,1,3,2,26,9
1657,604209,420832,439676,2,2,21/07/2009,1430,3,2,1,2,1,3,1,18,9
1658,607909,430850,424405,2,1,21/07/2009,1729,3,2,1,2,1,3,1,27,9
1659,589609,426657,441784,1,2,22/07/2009,1100,3,1,1,1,2,3,2,65,11
1660,589609,426657,441784,1,2,22/07/2009,1100,3,1,1,1,2,3,2,40,11
1661,589909,430691,425704,2,1,22/07/2009,1630,6,1,1,1,1,3,1,11,1
1662,591309,426921,439572,1,1,22/07/2009,1728,3,1,1,1,2,3,2,82,11
1663,593209,433112,434012,1,1,22/07/2009,1536,3,1,1,1,3,2,2,41,11
1664,594409,430684,434966,2,1,22/07/2009,715,3,1,1,1,1,3,2,43,9
1665,595109,426861,438040,2,1,22/07/2009,1415,3,1,1,1,1,3,1,52,9
1666,608409,430515,428118,2,1,22/07/2009,1855,6,1,1,1,1,2,1,35,1
1667,611609,431606,436165,2,1,22/07/2009,2200,6,1,4,1,1,3,1,24,9
1668,597209,431360,435236,2,3,23/07/2009,1900,6,2,1,1,1,3,2,25,9
1669,597209,431360,435236,2,3,23/07/2009,1900,6,2,1,1,1,3,1,42,9
1670,597209,431360,435236,2,3,23/07/2009,1900,6,2,1,1,2,3,2,25,9
1671,597909,429086,431240,2,1,23/07/2009,1030,6,1,1,1,1,2,1,48,5
1672,595209,432223,439381,2,1,24/07/2009,1745,3,2,1,1,1,3,1,42,9
1673,596009,423750,438006,2,1,24/07/2009,1415,6,1,1,1,1,3,2,12,1
1674,600709,442939,445671,1,1,24/07/2009,1420,3,1,1,1,3,3,1,31,9
1675,600909,429959,433217,2,2,24/07/2009,1557,6,1,1,1,1,3,1,26,11
1676,600909,429959,433217,2,2,24/07/2009,1557,6,1,1,1,2,3,2,46,11
1677,601009,430094,431351,1,1,24/07/2009,1320,3,1,1,1,2,3,2,45,11
1678,601109,428367,432497,2,1,24/07/2009,2336,3,1,4,1,2,3,1,19,9
1679,604009,428839,434632,3,3,24/07/2009,1620,6,1,1,1,1,3,2,23,9
1680,604009,428839,434632,3,3,24/07/2009,1620,6,1,1,1,1,3,1,27,9
1681,604009,428839,434632,3,3,24/07/2009,1620,6,1,1,1,2,3,1,22,9
1682,605209,430076,431167,1,1,24/07/2009,1315,3,1,1,1,3,2,1,9,9
1683,675709,435926,436148,1,1,24/07/2009,1915,6,1,1,1,3,3,2,8,9
1684,595909,430028,438533,2,1,25/07/2009,2255,6,1,4,1,1,3,1,37,9
1685,598809,429996,438579,1,1,25/07/2009,1235,4,1,1,1,2,3,2,75,11
1686,598909,430089,431262,1,1,25/07/2009,1200,3,1,1,1,3,3,2,22,9
1687,599009,432960,439235,2,1,25/07/2009,2010,3,1,1,1,2,3,1,23,9
1688,602509,428960,435470,2,2,25/07/2009,2240,3,1,4,1,1,3,1,20,9
1689,602509,428960,435470,2,2,25/07/2009,2240,3,1,4,1,1,3,1,36,9
1690,606409,421510,434645,5,1,25/07/2009,2355,4,1,4,1,1,1,1,24,9
1691,612209,430603,435385,1,1,25/07/2009,1958,6,1,1,1,1,1,1,21,90
1692,595509,424888,427728,2,1,26/07/2009,1007,3,1,1,1,1,3,1,36,9
1693,599509,436261,434182,3,1,26/07/2009,1820,6,2,1,2,1,3,1,10,1
1694,600509,430079,431176,1,1,26/07/2009,230,3,1,4,1,3,3,1,17,9
1695,604509,430881,436221,1,1,26/07/2009,1709,6,1,1,1,3,3,2,12,9
1696,606909,431886,435648,2,1,26/07/2009,1910,6,2,1,2,1,3,1,46,9
1697,599209,426035,436453,2,1,27/07/2009,1203,6,1,1,1,1,3,1,58,9
1698,603109,428476,444991,1,1,27/07/2009,1327,3,1,1,1,2,3,2,19,9
1699,606009,431233,445742,2,3,27/07/2009,1655,3,1,1,1,1,3,1,24,9
1700,606009,431233,445742,2,3,27/07/2009,1655,3,1,1,1,1,3,1,42,9
1701,606009,431233,445742,2,3,27/07/2009,1655,3,1,1,1,2,3,2,35,9
1702,619409,429526,440822,2,1,27/07/2009,1420,6,1,1,1,1,3,1,67,1
1703,621509,440027,432377,2,1,27/07/2009,725,3,1,1,1,1,3,2,45,1
1704,612909,427870,434637,3,1,28/07/2009,820,6,1,1,1,1,3,1,26,9
1705,619509,425474,434287,2,1,28/07/2009,1030,3,1,1,1,1,1,2,27,1
1706,627809,420188,441782,4,3,28/07/2009,1950,6,2,1,2,1,3,2,43,1
1707,627809,420188,441782,4,3,28/07/2009,1950,6,2,1,2,1,3,1,19,9
1708,627809,420188,441782,4,3,28/07/2009,1950,6,2,1,2,2,3,1,18,9
1709,616609,429567,430336,5,2,29/07/2009,1642,3,2,1,2,3,2,1,32,19
1710,616609,429567,430336,5,2,29/07/2009,1642,3,2,1,2,3,2,2,23,19
1711,621709,431402,435025,2,2,29/07/2009,940,6,1,1,1,1,3,1,28,8
1712,621709,431402,435025,2,2,29/07/2009,940,6,1,1,1,1,3,2,49,9
1713,630509,427926,435963,2,1,29/07/2009,2045,6,1,1,1,2,3,2,26,9
1714,675509,430662,434301,3,1,29/07/2009,1330,6,2,1,8,1,3,2,40,9
1715,706709,431985,435569,2,1,29/07/2009,1830,6,2,1,2,1,3,1,30,9
1716,613509,420700,441259,1,1,30/07/2009,1312,6,2,1,1,3,3,1,52,9
1717,616109,424811,434789,1,1,30/07/2009,1445,3,1,1,1,2,3,1,85,11
1718,618309,430015,434097,1,1,30/07/2009,1425,6,1,1,1,2,3,2,82,11
1719,621309,440553,426187,1,1,30/07/2009,800,3,2,1,2,1,3,2,23,9
1720,623109,426826,426665,2,1,30/07/2009,1900,3,1,1,1,1,3,1,20,9
1721,623609,431294,436318,1,1,30/07/2009,700,4,2,1,2,1,2,1,52,3
1722,670809,423864,435749,2,1,30/07/2009,740,6,2,1,1,1,3,2,63,9
1723,612509,422593,434013,3,1,31/07/2009,2145,3,2,4,2,1,3,1,39,9
1724,613409,430074,433914,1,1,31/07/2009,1328,6,1,1,1,2,3,2,34,11
1725,617009,426977,439876,2,1,31/07/2009,1330,3,1,1,1,1,3,1,23,1
1726,617209,425437,434298,1,1,31/07/2009,1215,3,1,1,1,3,3,2,13,9
1727,617409,429719,433418,1,1,31/07/2009,1255,6,1,1,1,2,3,1,4,11
1728,619309,427489,438602,1,2,31/07/2009,2340,3,1,7,1,1,3,2,19,9
1729,619309,427489,438602,1,2,31/07/2009,2340,3,1,7,1,2,3,1,17,9
1730,620809,430801,433247,2,1,31/07/2009,1405,3,1,1,2,2,3,2,83,11
1731,621609,431899,435719,3,1,31/07/2009,1400,3,1,1,1,1,3,2,28,9
1732,622009,430441,436613,2,1,31/07/2009,1620,4,1,1,1,1,3,1,18,1
1733,622109,421017,441081,1,1,31/07/2009,930,6,1,1,1,2,3,1,39,11
1734,623509,436498,434148,3,1,31/07/2009,1250,6,1,1,1,1,3,1,16,1
1735,623809,440489,449150,1,1,31/07/2009,1000,4,1,1,1,1,3,1,38,5
1736,635709,429930,432980,2,1,31/07/2009,2345,6,1,4,1,1,3,2,58,9
1737,614409,418383,442335,1,1,01/08/2009,915,3,2,1,2,1,3,1,22,9
1738,620309,442081,434443,1,2,01/08/2009,1940,3,2,1,1,1,3,1,21,5
1739,620309,442081,434443,1,2,01/08/2009,1940,3,2,1,1,2,3,1,24,5
1740,622409,430438,433954,2,5,01/08/2009,2150,6,1,4,1,1,3,1,30,9
1741,622409,430438,433954,2,5,01/08/2009,2150,6,1,4,1,2,3,2,20,9
1742,622409,430438,433954,2,5,01/08/2009,2150,6,1,4,1,2,3,2,20,9
1743,622409,430438,433954,2,5,01/08/2009,2150,6,1,4,1,2,3,2,20,9
1744,622409,430438,433954,2,5,01/08/2009,2150,6,1,4,1,2,3,2,21,9
1745,622609,438355,445522,2,1,01/08/2009,1140,3,1,1,1,1,3,1,24,9
1746,640609,427559,434480,2,1,01/08/2009,1625,6,2,1,1,1,3,1,27,9
1747,640809,430106,431626,3,4,01/08/2009,1615,3,2,1,2,1,3,1,30,9
1748,640809,430106,431626,3,4,01/08/2009,1615,3,2,1,2,1,3,1,45,9
1749,640809,430106,431626,3,4,01/08/2009,1615,3,2,1,2,2,3,2,46,9
1750,640809,430106,431626,3,4,01/08/2009,1615,3,2,1,2,2,3,2,18,9
1751,619009,421347,440477,3,1,02/08/2009,1315,3,1,1,1,1,3,1,29,5
1752,621109,421046,434642,2,1,02/08/2009,1440,6,1,1,1,1,3,1,19,3
1753,623309,430386,433888,1,1,02/08/2009,210,6,1,7,1,3,3,2,25,9
1754,624309,428014,434343,2,1,02/08/2009,2155,3,1,4,1,2,3,2,55,9
1755,625009,420608,433787,1,2,02/08/2009,1530,4,1,1,1,1,3,1,35,9
1756,625009,420608,433787,1,2,02/08/2009,1530,4,1,1,1,2,3,2,30,9
1757,627509,432024,435868,2,1,02/08/2009,2000,3,1,1,1,1,3,1,34,1
1758,631109,439026,436251,2,2,02/08/2009,1003,6,1,1,1,1,3,2,27,9
1759,631109,439026,436251,2,2,02/08/2009,1003,6,1,1,1,2,3,2,25,9
1760,635209,426165,434053,2,1,02/08/2009,1409,3,1,1,1,1,3,1,20,3
1761,629309,433444,434037,2,2,03/08/2009,1400,3,1,1,1,1,3,1,25,8
1762,629309,433444,434037,2,2,03/08/2009,1400,3,1,1,1,1,3,2,43,9
1763,635309,430898,436548,2,1,03/08/2009,755,4,1,1,1,1,3,1,48,1
1764,637309,430075,433856,3,1,03/08/2009,1440,6,1,1,1,1,3,2,34,9
1765,650909,419680,441794,2,2,03/08/2009,1925,6,1,1,1,2,3,2,31,9
1766,650909,419680,441794,2,2,03/08/2009,1925,6,1,1,1,2,3,2,13,9
1767,688709,431894,434763,1,4,03/08/2009,314,6,1,4,1,1,3,1,35,9
1768,688709,431894,434763,1,4,03/08/2009,314,6,1,4,1,2,2,1,18,9
1769,688709,431894,434763,1,4,03/08/2009,314,6,1,4,1,2,2,1,17,9
1770,688709,431894,434763,1,4,03/08/2009,314,6,1,4,1,2,3,1,17,9
1771,625909,422265,433371,1,1,04/08/2009,1550,6,1,1,1,3,3,2,35,9
1772,629509,431743,431415,2,2,04/08/2009,1145,3,2,1,1,1,3,1,25,9
1773,629509,431743,431415,2,2,04/08/2009,1145,3,2,1,1,1,3,2,43,9
1774,629609,432723,438295,2,1,04/08/2009,1705,6,2,1,1,1,3,1,25,9
1775,630109,430330,434730,1,1,04/08/2009,1840,6,1,1,1,3,2,1,2,9
1776,630409,435000,438396,2,2,04/08/2009,1600,3,1,1,1,1,3,1,31,9
1777,630409,435000,438396,2,2,04/08/2009,1600,3,1,1,1,2,3,2,30,9
1778,631609,430371,433484,1,1,04/08/2009,1505,6,2,1,2,3,2,1,61,11
1779,632109,431872,425419,2,1,04/08/2009,820,1,1,1,1,1,3,1,38,4
1780,633809,431473,435106,2,1,04/08/2009,1623,6,1,1,1,2,3,1,14,9
1781,642909,428469,435181,1,1,04/08/2009,1610,6,1,1,1,2,3,2,17,11
1782,650209,435911,425852,2,3,04/08/2009,1205,1,1,1,1,1,3,1,21,19
1783,650209,435911,425852,2,3,04/08/2009,1205,1,1,1,1,1,3,1,28,9
1784,650209,435911,425852,2,3,04/08/2009,1205,1,1,1,1,2,3,1,48,9
1785,629709,420298,434250,2,1,05/08/2009,1605,3,1,1,1,1,3,2,28,9
1786,632509,431302,429055,2,1,05/08/2009,826,6,1,1,1,1,3,2,32,5
1787,632609,431886,426437,1,1,05/08/2009,1510,4,1,1,1,2,2,1,38,17
1788,633209,430077,433880,1,1,05/08/2009,1400,6,1,1,1,2,3,2,65,11
1789,638809,432723,438298,2,1,05/08/2009,2030,6,1,1,1,1,3,1,42,1
1790,649209,430446,433718,2,1,05/08/2009,806,6,1,1,1,2,3,2,49,11
1791,649509,424779,428807,1,1,05/08/2009,2220,3,2,4,2,3,3,2,16,9
1792,658509,429699,432171,1,1,05/08/2009,1700,6,1,1,1,2,3,2,45,11
1793,634709,430177,432167,1,1,06/08/2009,1455,3,1,1,1,2,3,2,35,11
1794,634809,436941,425907,3,2,06/08/2009,1440,1,1,1,1,1,3,2,56,9
1795,634809,436941,425907,3,2,06/08/2009,1440,1,1,1,1,2,3,2,17,9
1796,635409,436430,434699,1,1,06/08/2009,1326,6,1,1,1,2,3,2,36,11
1797,635809,437104,436084,1,1,06/08/2009,1730,6,1,1,1,2,3,2,69,11
1798,640009,431233,434793,2,2,06/08/2009,2040,6,1,1,1,2,3,1,16,9
1799,640009,431233,434793,2,2,06/08/2009,2040,6,1,1,1,2,3,1,22,9
1800,641209,426123,434307,2,1,06/08/2009,1150,6,1,1,1,1,3,1,12,1
1801,645109,428350,432436,2,2,06/08/2009,1440,3,1,1,1,1,3,1,61,9
1802,645109,428350,432436,2,2,06/08/2009,1440,3,1,1,1,1,3,2,25,9
1803,648609,431903,434860,1,1,06/08/2009,1635,6,1,1,1,3,3,1,45,9
1804,636309,432859,435377,1,1,07/08/2009,1400,6,1,1,1,2,3,2,40,11
1805,643309,428307,431249,2,1,07/08/2009,1518,3,1,1,1,1,3,1,43,5
1806,644109,426373,438054,2,2,07/08/2009,1830,6,1,1,1,2,3,2,9,9
1807,644109,426373,438054,2,2,07/08/2009,1830,6,1,1,1,2,3,1,6,9
1808,663609,427303,433355,2,1,07/08/2009,1820,6,1,1,1,3,3,2,9,9
1809,641609,439794,436996,1,1,08/08/2009,2038,6,1,1,1,3,3,1,59,9
1810,641909,436223,434265,2,2,08/08/2009,715,6,1,1,1,2,3,1,27,8
1811,641909,436223,434265,2,2,08/08/2009,715,6,1,1,1,2,3,1,28,8
1812,645709,431371,435302,2,4,08/08/2009,1345,6,1,1,1,1,3,2,27,9
1813,645709,431371,435302,2,4,08/08/2009,1345,6,1,1,1,2,3,2,10,9
1814,645709,431371,435302,2,4,08/08/2009,1345,6,1,1,1,2,3,2,16,9
1815,645709,431371,435302,2,4,08/08/2009,1345,6,1,1,1,2,3,2,51,9
1816,659609,426150,435588,2,1,08/08/2009,1845,4,1,1,1,1,3,1,35,1
1817,659709,423302,434732,2,1,08/08/2009,1730,6,1,1,1,1,3,1,26,9
1818,639109,430209,434002,2,1,09/08/2009,814,6,1,1,1,1,3,1,25,9
1819,646609,430998,435793,2,2,09/08/2009,1805,6,1,1,1,1,3,1,56,9
1820,646609,430998,435793,2,2,09/08/2009,1805,6,1,1,1,2,3,2,43,9
1821,652409,434609,425872,2,1,09/08/2009,840,1,1,1,1,1,3,1,44,9
1822,662109,421421,439478,1,1,09/08/2009,1705,6,1,1,1,3,3,1,9,9
1823,664309,428626,436892,2,3,09/08/2009,2234,6,1,4,1,1,3,1,35,9
1824,664309,428626,436892,2,3,09/08/2009,2234,6,1,4,1,1,3,1,50,8
1825,664309,428626,436892,2,3,09/08/2009,2234,6,1,4,1,2,3,1,51,8
1826,675809,424526,437054,2,2,09/08/2009,608,3,1,1,1,1,3,1,34,9
1827,675809,424526,437054,2,2,09/08/2009,608,3,1,1,1,2,3,2,23,9
1828,676109,420643,444854,1,1,09/08/2009,140,6,1,4,1,3,3,1,24,9
1829,688509,431805,433131,2,1,09/08/2009,33,6,1,4,1,2,2,1,21,9
1830,638509,423921,428209,2,2,10/08/2009,635,3,2,1,2,1,1,1,19,9
1831,638509,423921,428209,2,2,10/08/2009,635,3,2,1,2,1,3,1,53,19
1832,643809,427757,427915,1,1,10/08/2009,940,4,1,1,1,3,3,1,8,9
1833,644409,435227,434811,1,1,10/08/2009,1724,3,1,1,1,2,3,2,59,11
1834,644709,425646,435559,1,1,10/08/2009,2015,6,1,1,1,3,3,1,8,9
1835,646509,425105,432925,1,1,10/08/2009,1920,6,1,1,1,2,3,2,15,11
1836,648109,426114,438127,2,3,10/08/2009,1020,3,1,1,1,1,3,1,79,9
1837,648109,426114,438127,2,3,10/08/2009,1020,3,1,1,1,1,3,2,22,9
1838,648109,426114,438127,2,3,10/08/2009,1020,3,1,1,1,2,3,1,20,9
1839,654709,429902,437011,1,1,10/08/2009,1330,6,1,1,1,2,3,2,58,11
1840,657309,425142,437856,1,1,10/08/2009,1730,3,1,1,1,3,2,2,68,9
1841,658909,431883,435313,2,2,10/08/2009,1220,6,1,1,1,1,3,2,42,9
1842,658909,431883,435313,2,2,10/08/2009,1220,6,1,1,1,2,3,2,38,8
1843,664109,425706,433934,1,1,10/08/2009,900,6,1,1,1,3,3,1,40,90
1844,649009,427826,436514,2,1,11/08/2009,1715,4,1,1,1,1,3,1,22,1
1845,650609,422716,432255,2,1,11/08/2009,1800,6,1,1,1,1,3,1,52,9
1846,664409,425062,433369,2,1,11/08/2009,1400,4,1,1,1,1,3,2,64,9
1847,683309,428596,431112,2,1,11/08/2009,1622,6,1,1,1,3,2,1,11,9
1848,647409,421692,435045,1,1,12/08/2009,1210,4,1,1,1,2,3,1,50,11
1849,648209,429360,434958,1,1,12/08/2009,15,3,2,7,1,3,2,1,18,8
1850,648309,430294,433744,1,2,12/08/2009,1210,6,1,1,1,2,3,2,7,11
1851,648309,430294,433744,1,2,12/08/2009,1210,6,1,1,1,2,3,1,9,11
1852,650009,422199,435904,1,1,12/08/2009,2135,6,1,4,1,2,3,2,23,9
1853,656309,420846,441150,2,1,12/08/2009,1735,6,1,1,1,3,3,2,22,9
1854,656709,426837,437898,2,1,12/08/2009,1316,3,1,1,1,1,3,1,46,1
1855,657109,420312,441603,1,1,12/08/2009,1850,6,1,1,1,3,3,1,5,9
1856,660509,443079,444314,1,1,12/08/2009,1220,6,1,1,1,1,2,2,54,1
1857,667109,425715,435158,2,1,12/08/2009,1810,6,1,1,1,1,3,1,12,1
1858,649409,423294,434417,2,5,13/08/2009,1034,6,1,1,1,1,3,2,41,9
1859,649409,423294,434417,2,5,13/08/2009,1034,6,1,1,1,2,3,1,27,9
1860,649409,423294,434417,2,5,13/08/2009,1034,6,1,1,1,2,3,1,11,9
1861,649409,423294,434417,2,5,13/08/2009,1034,6,1,1,1,2,3,2,9,9
1862,649409,423294,434417,2,5,13/08/2009,1034,6,1,1,1,2,3,2,31,9
1863,653309,430765,438785,1,1,13/08/2009,1532,6,1,1,1,2,3,2,69,11
1864,655409,424175,429357,1,1,13/08/2009,1105,4,1,1,1,2,3,1,39,11
1865,655509,422273,433393,1,1,13/08/2009,1715,4,1,1,1,2,3,1,71,11
1866,656509,434151,433874,3,1,13/08/2009,940,6,1,1,1,2,3,2,12,9
1867,656809,436163,434744,1,1,13/08/2009,1215,3,1,1,1,1,3,1,21,90
1868,657809,427945,436113,2,1,13/08/2009,1600,3,1,1,1,1,2,1,66,1
1869,658109,421550,439245,2,1,13/08/2009,1630,6,1,1,1,1,3,1,12,1
1870,663909,428436,428703,2,1,13/08/2009,1620,3,1,1,1,1,3,2,30,9
1871,686909,430130,437782,2,1,13/08/2009,1610,3,1,1,1,1,3,1,8,1
1872,653909,422546,435457,1,1,14/08/2009,1144,6,1,1,1,2,3,1,23,11
1873,661809,425800,426834,2,1,14/08/2009,2155,3,1,4,1,1,3,1,35,9
1874,663409,432205,435332,1,1,14/08/2009,1630,6,1,1,1,3,3,1,4,9
1875,670309,443638,437509,3,2,14/08/2009,1412,2,1,1,1,1,3,1,62,9
1876,670309,443638,437509,3,2,14/08/2009,1412,2,1,1,1,2,3,2,51,9
1877,656109,433537,429825,2,1,15/08/2009,720,3,1,1,1,1,2,1,41,1
1878,661909,429563,433443,2,1,15/08/2009,340,6,1,4,9,1,3,1,28,8
1879,664209,434658,445065,2,1,15/08/2009,1510,3,1,1,1,2,3,1,21,9
1880,668609,425018,433160,2,1,15/08/2009,2020,3,2,1,1,2,3,2,45,11
1881,657609,430850,439706,1,2,16/08/2009,2243,3,1,4,1,1,3,1,17,9
1882,657609,430850,439706,1,2,16/08/2009,2243,3,1,4,1,2,3,1,17,9
1883,662309,430557,427017,1,1,16/08/2009,1340,3,1,1,1,1,3,2,46,9
1884,672609,429079,435311,1,1,16/08/2009,1245,3,1,1,1,1,3,2,66,9
1885,666809,427782,430733,3,1,17/08/2009,1535,3,1,1,1,1,3,2,42,9
1886,667309,422231,433553,2,2,17/08/2009,1900,4,1,1,1,1,3,2,47,9
1887,667309,422231,433553,2,2,17/08/2009,1900,4,1,1,1,1,3,1,20,9
1888,671609,429454,430118,3,1,17/08/2009,435,6,1,4,1,2,3,1,18,9
1889,667209,431738,431420,2,1,18/08/2009,846,3,1,1,1,1,3,1,38,1
1890,672109,422263,433369,1,1,18/08/2009,1000,6,1,1,1,3,3,2,75,8
1891,675609,419653,444914,2,1,18/08/2009,800,6,1,1,1,1,3,1,21,9
1892,676609,427433,433442,2,1,18/08/2009,2030,6,1,7,1,1,3,1,8,1
1893,672409,428860,433945,2,1,19/08/2009,1710,6,1,1,1,1,3,1,25,1
1894,674809,430496,437098,2,2,19/08/2009,2155,6,1,4,1,1,2,2,36,9
1895,674809,430496,437098,2,2,19/08/2009,2155,6,1,4,1,1,2,2,56,9
1896,675009,430479,430705,2,3,19/08/2009,2214,1,1,4,1,1,3,1,45,20
1897,675009,430479,430705,2,3,19/08/2009,2214,1,1,4,1,1,3,1,36,9
1898,675009,430479,430705,2,3,19/08/2009,2214,1,1,4,1,2,3,1,38,9
1899,676409,431444,433162,1,1,19/08/2009,1305,6,1,1,1,3,3,2,83,9
1900,674309,433771,429576,2,4,20/08/2009,1940,3,1,1,1,1,3,2,23,9
1901,674309,433771,429576,2,4,20/08/2009,1940,3,1,1,1,1,3,1,38,9
1902,674309,433771,429576,2,4,20/08/2009,1940,3,1,1,1,2,3,1,21,9
1903,674309,433771,429576,2,4,20/08/2009,1940,3,1,1,1,2,3,1,34,9
1904,676209,428487,431652,3,2,20/08/2009,1420,1,1,1,1,1,3,1,55,90
1905,676209,428487,431652,3,2,20/08/2009,1420,1,1,1,1,1,3,1,36,20
1906,676509,423384,434283,1,2,20/08/2009,1220,3,2,1,2,1,3,1,20,9
1907,676509,423384,434283,1,2,20/08/2009,1220,3,2,1,2,2,3,1,18,9
1908,676809,425548,435261,2,1,20/08/2009,1435,6,1,1,1,1,3,1,11,1
1909,673809,425956,436228,1,1,21/08/2009,2220,3,2,4,1,1,1,1,38,5
1910,674209,427028,426088,1,8,21/08/2009,1200,1,1,1,1,1,2,1,53,9
1911,674209,427028,426088,1,8,21/08/2009,1200,1,1,1,1,2,2,2,44,9
1912,674209,427028,426088,1,8,21/08/2009,1200,1,1,1,1,2,2,2,18,9
1913,674209,427028,426088,1,8,21/08/2009,1200,1,1,1,1,2,2,1,19,9
1914,674209,427028,426088,1,8,21/08/2009,1200,1,1,1,1,2,2,2,11,9
1915,674209,427028,426088,1,8,21/08/2009,1200,1,1,1,1,2,2,1,14,9
1916,674209,427028,426088,1,8,21/08/2009,1200,1,1,1,1,2,2,1,17,9
1917,674209,427028,426088,1,8,21/08/2009,1200,1,1,1,1,2,2,2,13,9
1918,676009,425036,433151,2,1,21/08/2009,1530,3,2,1,1,1,3,1,36,5
1919,677609,426172,427422,2,1,21/08/2009,1710,4,2,1,2,1,3,1,19,3
1920,679009,430347,425088,2,1,21/08/2009,840,3,1,1,1,1,3,1,16,2
1921,680609,429444,437310,2,3,21/08/2009,1945,6,1,1,1,1,3,1,29,9
1922,680609,429444,437310,2,3,21/08/2009,1945,6,1,1,1,2,3,1,4,9
1923,680609,429444,437310,2,3,21/08/2009,1945,6,1,1,1,2,3,1,29,9
1924,677509,431409,433473,2,1,22/08/2009,1718,6,1,1,1,1,3,1,18,1
1925,677809,428719,437082,2,1,22/08/2009,1124,4,1,1,1,1,3,1,35,1
1926,679909,433538,434568,1,2,22/08/2009,1820,6,1,1,1,3,3,1,9,9
1927,679909,433538,434568,1,2,22/08/2009,1820,6,1,1,1,1,3,2,23,9
1928,680909,427712,436523,2,1,22/08/2009,1045,3,1,1,1,2,3,1,36,11
1929,682109,428106,426257,2,1,22/08/2009,2200,3,1,4,1,1,3,2,29,9
1930,691009,436174,434682,1,1,22/08/2009,1302,3,1,1,1,2,3,2,77,11
1931,704609,435965,433878,2,2,22/08/2009,1905,6,1,1,1,1,3,2,54,9
1932,704609,435965,433878,2,2,22/08/2009,1905,6,1,1,1,2,3,1,48,9
1933,707609,431458,430308,2,1,22/08/2009,1400,6,1,1,1,2,2,1,16,3
1934,688209,434117,435130,2,1,23/08/2009,2015,6,2,4,2,2,3,2,22,9
1935,680309,423450,437607,1,1,24/08/2009,1455,3,2,1,2,3,3,1,16,9
1936,682409,428583,430764,1,1,24/08/2009,1400,6,1,1,1,2,2,2,59,11