Col.Number,Reference.Number,Easting,Northing,Number.of.Vehicles,Number.of.Casualties,Accident.Date,Time..24hr.,X1st.Road.Class,Road.Surface,Lighting.Conditions,Weather.Conditions,Casualty.Class,Casualty.Severity,Sex.of.Casualty,Age.of.Casualty,Type.of.Vehicle
1937,683609,428556,427767,1,1,24/08/2009,1835,3,2,1,1,1,3,1,27,20
1938,687809,442153,434446,2,1,24/08/2009,1750,3,2,1,2,1,3,1,27,9
1939,688009,421538,428486,2,2,24/08/2009,2045,3,1,4,1,1,3,1,57,9
1940,688009,421538,428486,2,2,24/08/2009,2045,3,1,4,1,1,3,2,30,9
1941,692309,428435,428730,2,1,24/08/2009,1615,3,2,1,2,1,3,1,17,2
1942,712809,430336,433278,2,1,24/08/2009,1845,6,1,1,1,1,3,1,33,9
1943,686709,433919,442115,2,2,25/08/2009,2125,6,1,6,1,1,3,1,37,9
1944,686709,433919,442115,2,2,25/08/2009,2125,6,1,6,1,2,3,1,30,9
1945,687909,430754,433456,2,2,25/08/2009,1610,6,1,1,1,1,3,1,27,9
1946,687909,430754,433456,2,2,25/08/2009,1610,6,1,1,1,2,3,2,25,9
1947,688809,430213,433393,1,1,25/08/2009,1330,6,1,1,1,2,3,2,22,11
1948,690509,431891,433592,1,1,25/08/2009,1400,3,1,1,1,2,3,2,76,11
1949,693409,432139,435818,2,1,25/08/2009,1545,3,1,1,1,1,3,1,15,1
1950,716809,435203,437597,3,1,25/08/2009,1813,3,1,1,1,1,3,1,52,9
1951,722709,428937,425981,2,3,25/08/2009,1830,3,1,1,1,2,3,2,22,9
1952,722709,428937,425981,2,3,25/08/2009,1830,3,1,1,1,2,2,2,28,9
1953,722709,428937,425981,2,3,25/08/2009,1830,3,1,1,1,1,3,1,24,9
1954,728009,431971,437043,2,4,25/08/2009,2145,6,1,4,1,1,3,1,22,9
1955,728009,431971,437043,2,4,25/08/2009,2145,6,1,4,1,1,3,1,27,9
1956,728009,431971,437043,2,4,25/08/2009,2145,6,1,4,1,2,3,1,24,9
1957,728009,431971,437043,2,4,25/08/2009,2145,6,1,4,1,2,3,1,23,9
1958,685009,429825,434375,1,1,26/08/2009,25,3,2,4,1,3,2,1,20,8
1959,686409,430095,433239,1,1,26/08/2009,100,6,1,4,1,3,3,2,20,8
1960,691209,430112,432156,2,1,26/08/2009,1318,3,1,1,1,1,3,1,54,9
1961,695009,429415,433924,3,3,26/08/2009,1015,2,2,1,1,1,3,1,26,9
1962,695009,429415,433924,3,3,26/08/2009,1015,2,2,1,1,1,3,2,57,9
1963,695009,429415,433924,3,3,26/08/2009,1015,2,2,1,1,2,3,1,55,9
1964,696909,434802,434618,2,1,26/08/2009,1215,3,2,1,5,1,3,1,21,9
1965,690009,431040,431363,1,1,27/08/2009,1300,6,1,1,1,2,3,2,65,11
1966,693609,428947,433425,2,2,27/08/2009,1810,3,1,1,1,1,3,1,30,9
1967,693609,428947,433425,2,2,27/08/2009,1810,3,1,1,1,2,3,2,28,9
1968,694609,432434,435048,2,2,27/08/2009,1600,6,1,1,1,1,3,1,40,19
1969,694609,432434,435048,2,2,27/08/2009,1600,6,1,1,1,2,3,1,38,19
1970,695909,425623,434244,1,1,27/08/2009,1733,3,1,1,1,3,3,2,22,3
1971,705009,428891,436610,2,3,27/08/2009,1255,4,1,1,1,1,3,1,47,9
1972,705009,428891,436610,2,3,27/08/2009,1255,4,1,1,1,1,3,2,44,9
1973,705009,428891,436610,2,3,27/08/2009,1255,4,1,1,1,2,3,2,21,9
1974,776209,430403,433663,1,1,27/08/2009,1221,6,1,1,1,2,3,2,65,11
1975,692709,432509,433777,1,1,28/08/2009,950,3,1,1,1,2,3,2,80,11
1976,697609,420215,445630,1,1,28/08/2009,1223,4,2,1,2,3,3,1,22,9
1977,698609,431470,435114,2,2,28/08/2009,2355,3,1,4,1,1,3,1,55,9
1978,698609,431470,435114,2,2,28/08/2009,2355,3,1,4,1,1,3,1,20,9
1979,699109,436707,428859,3,2,28/08/2009,1128,6,2,1,2,2,3,1,16,9
1980,699109,436707,428859,3,2,28/08/2009,1128,6,2,1,2,1,3,1,49,9
1981,700609,437395,433336,1,1,28/08/2009,1232,3,2,1,1,3,3,1,12,9
1982,700809,425906,428590,2,1,28/08/2009,1915,6,2,1,1,1,2,1,24,3
1983,704309,430803,435337,2,2,28/08/2009,1835,6,1,1,1,2,3,2,23,9
1984,704309,430803,435337,2,2,28/08/2009,1835,6,1,1,1,2,3,1,26,9
1985,720809,422300,433565,1,1,28/08/2009,1715,6,2,1,2,3,3,2,4,9
1986,761909,433343,436231,2,1,28/08/2009,1200,3,1,1,1,1,3,2,27,9
1987,670609,436120,435484,2,1,29/08/2009,1740,3,1,1,1,1,3,1,68,9
1988,701609,431773,431394,1,1,29/08/2009,1035,3,1,1,1,1,3,1,32,3
1989,704709,431502,435090,2,3,29/08/2009,2110,6,1,4,1,1,3,2,21,9
1990,704709,431502,435090,2,3,29/08/2009,2110,6,1,4,1,1,3,1,23,9
1991,704709,431502,435090,2,3,29/08/2009,2110,6,1,4,1,2,3,2,38,9
1992,705109,429184,433622,1,1,29/08/2009,334,2,1,4,1,2,3,1,43,9
1993,707809,435289,434829,2,1,29/08/2009,602,3,1,1,1,2,3,1,17,9
1994,713709,437244,429424,3,5,29/08/2009,1110,3,1,1,1,1,3,1,48,9
1995,713709,437244,429424,3,5,29/08/2009,1110,3,1,1,1,1,3,1,60,5
1996,713709,437244,429424,3,5,29/08/2009,1110,3,1,1,1,2,3,2,13,9
1997,713709,437244,429424,3,5,29/08/2009,1110,3,1,1,1,2,3,2,49,9
1998,713709,437244,429424,3,5,29/08/2009,1110,3,1,1,1,2,3,1,14,9
1999,722909,426385,435884,2,1,29/08/2009,1730,6,1,1,1,2,3,1,6,9
2000,701209,442592,434484,2,1,30/08/2009,157,1,2,6,1,2,3,1,21,9
2001,701509,421033,440020,2,2,30/08/2009,325,4,2,4,1,1,3,1,40,19
2002,701509,421033,440020,2,2,30/08/2009,325,4,2,4,1,2,3,1,44,8
2003,707309,431013,430768,2,1,30/08/2009,1920,6,1,1,1,1,3,1,21,9
2004,704409,433983,433654,3,2,31/08/2009,315,6,2,4,1,1,3,1,32,19
2005,704409,433983,433654,3,2,31/08/2009,315,6,2,4,1,2,3,2,29,19
2006,704809,437516,433239,2,1,31/08/2009,2120,3,1,4,1,1,3,1,31,9
2007,711909,430337,433279,2,2,31/08/2009,1315,6,1,1,1,1,3,1,24,9
2008,711909,430337,433279,2,2,31/08/2009,1315,6,1,1,1,2,3,2,2,9
2009,719209,427007,440064,1,1,31/08/2009,1700,3,1,1,1,2,3,2,28,9
2010,728809,427718,433704,1,1,31/08/2009,2050,3,2,1,2,3,2,1,13,9
2011,729009,432136,430007,2,2,31/08/2009,1430,1,1,1,1,1,3,2,22,9
2012,729009,432136,430007,2,2,31/08/2009,1430,1,1,1,1,2,3,1,23,9
2013,798309,430025,436445,2,1,31/08/2009,2200,3,1,4,9,1,3,1,38,9
2014,707709,436403,434699,1,1,01/09/2009,1200,6,1,1,1,2,3,2,79,11
2015,708009,428929,432428,4,1,01/09/2009,810,6,1,1,1,1,3,2,48,9
2016,710009,430860,433344,1,1,01/09/2009,1728,3,1,1,1,2,3,2,35,9
2017,710209,430780,433470,1,1,01/09/2009,1105,3,1,1,1,3,2,2,41,9
2018,710509,433600,425845,7,3,01/09/2009,813,1,1,1,1,1,3,2,32,9
2019,710509,433600,425845,7,3,01/09/2009,813,1,1,1,1,1,3,2,45,9
2020,710509,433600,425845,7,3,01/09/2009,813,1,1,1,1,1,3,1,34,9
2021,713609,432677,436909,2,3,01/09/2009,1853,6,1,1,1,1,3,2,18,9
2022,713609,432677,436909,2,3,01/09/2009,1853,6,1,1,1,2,3,2,18,9
2023,713609,432677,436909,2,3,01/09/2009,1853,6,1,1,1,2,3,2,18,9
2024,715509,425749,426342,4,2,01/09/2009,1804,1,2,1,8,1,3,1,24,9
2025,715509,425749,426342,4,2,01/09/2009,1804,1,2,1,8,1,3,2,19,9
2026,716509,431720,433955,2,1,01/09/2009,1755,6,1,1,1,1,3,1,22,1
2027,717309,431272,428911,2,1,01/09/2009,1800,6,1,1,1,1,2,1,32,1
2028,719009,421695,444211,2,2,01/09/2009,1756,6,1,1,1,1,3,2,37,9
2029,719009,421695,444211,2,2,01/09/2009,1756,6,1,1,1,1,3,1,22,9
2030,740809,432822,438758,2,1,01/09/2009,1230,6,1,1,1,2,3,2,46,9
2031,746609,427518,433834,2,1,01/09/2009,1650,6,2,1,2,1,3,1,32,1
2032,710909,426586,427687,2,2,02/09/2009,1130,6,1,1,1,1,3,2,43,9
2033,710909,426586,427687,2,2,02/09/2009,1130,6,1,1,1,2,3,2,21,9
2034,714309,428854,425986,4,1,02/09/2009,1640,3,2,1,2,1,3,1,37,19
2035,714609,429538,431209,1,1,02/09/2009,1350,6,1,1,1,3,3,1,5,9
2036,717109,428867,432487,1,1,02/09/2009,1505,3,2,1,2,1,3,1,29,1
2037,717509,436148,435264,1,1,02/09/2009,1515,3,1,1,1,3,3,2,30,9
2038,721209,419910,441060,2,1,02/09/2009,1735,3,2,1,2,1,3,1,42,9
2039,727009,430893,436415,1,1,02/09/2009,1100,6,1,1,1,2,3,2,65,11
2040,754309,434904,429047,2,1,02/09/2009,1300,3,2,1,2,1,3,1,49,1
2041,758509,429778,433635,2,1,02/09/2009,755,6,1,1,1,1,3,1,40,1
2042,717409,425336,435941,2,1,03/09/2009,840,4,2,1,2,1,3,2,32,9
2043,722509,431858,425432,4,3,03/09/2009,810,1,2,1,2,1,3,1,23,9
2044,722509,431858,425432,4,3,03/09/2009,810,1,2,1,2,1,3,2,31,9
2045,722509,431858,425432,4,3,03/09/2009,810,1,2,1,2,1,3,2,25,9
2046,729109,421549,435959,2,1,03/09/2009,1001,3,2,1,2,1,3,2,33,9
2047,722009,432208,432990,1,1,04/09/2009,1325,6,1,1,9,2,3,1,48,11
2048,722809,428912,435505,2,1,04/09/2009,1745,3,1,1,1,1,2,1,54,1
2049,723509,429408,433919,2,1,04/09/2009,2030,2,1,4,1,1,3,1,19,9
2050,728909,431379,435350,2,2,04/09/2009,1800,6,1,1,1,1,3,1,15,1
2051,728909,431379,435350,2,2,04/09/2009,1800,6,1,1,1,2,3,2,16,1
2052,719409,431019,430757,2,1,05/09/2009,20,6,1,4,1,1,3,2,22,9
2053,720209,431906,434835,1,1,05/09/2009,1310,6,1,1,1,2,3,1,74,11
2054,720409,437955,432915,1,2,05/09/2009,1550,3,1,1,1,1,3,1,19,9
2055,720409,437955,432915,1,2,05/09/2009,1550,3,1,1,1,2,3,2,17,9
2056,721109,423659,434671,2,1,05/09/2009,1820,6,1,1,1,1,3,1,39,1
2057,721509,439029,431761,2,1,05/09/2009,1510,3,1,1,1,1,2,1,25,1
2058,722109,437496,432923,1,1,05/09/2009,1000,6,1,1,1,1,3,1,29,19
2059,722209,423666,437572,2,4,05/09/2009,555,3,1,7,1,1,3,1,32,9
2060,722209,423666,437572,2,4,05/09/2009,555,3,1,7,1,1,2,2,42,9
2061,722209,423666,437572,2,4,05/09/2009,555,3,1,7,1,2,3,1,15,9
2062,722209,423666,437572,2,4,05/09/2009,555,3,1,7,1,2,3,2,6,9
2063,723009,421839,441216,3,2,05/09/2009,1245,3,1,1,1,1,3,1,38,20
2064,723009,421839,441216,3,2,05/09/2009,1245,3,1,1,1,2,3,2,45,20
2065,727609,420505,440240,2,1,06/09/2009,2025,3,1,4,1,1,3,1,62,1
2066,730309,441153,448922,1,1,06/09/2009,1230,2,1,1,1,2,3,2,67,9
2067,735409,432013,426246,2,1,06/09/2009,810,1,1,1,1,1,3,1,47,9
2068,721609,430067,425119,2,2,07/09/2009,1012,3,1,1,1,2,3,1,50,9
2069,721609,430067,425119,2,2,07/09/2009,1012,3,1,1,1,1,3,1,26,9
2070,723609,428658,434965,2,1,07/09/2009,1804,6,1,1,1,1,3,1,25,1
2071,723809,429145,434068,2,1,07/09/2009,930,6,1,1,1,1,3,1,35,1
2072,724509,427983,435222,2,1,07/09/2009,1750,6,1,1,1,1,2,1,31,4
2073,731509,431102,430276,1,1,07/09/2009,1344,6,1,1,1,2,3,2,34,11
2074,732209,430109,433598,1,1,07/09/2009,1640,6,1,1,1,3,3,1,26,9
2075,732509,429339,431338,1,1,07/09/2009,2225,6,1,4,1,2,2,1,70,11
2076,738409,433108,425914,2,3,07/09/2009,1945,1,1,1,1,1,2,1,44,9
2077,738409,433108,425914,2,3,07/09/2009,1945,1,1,1,1,2,3,2,39,9
2078,738409,433108,425914,2,3,07/09/2009,1945,1,1,1,1,2,3,1,11,9
2079,747409,436034,434795,1,1,07/09/2009,1710,6,1,1,1,3,2,1,17,9
2080,732609,436609,435873,2,1,08/09/2009,1335,6,1,1,1,1,3,2,18,9
2081,737509,426221,431868,1,1,08/09/2009,1640,6,1,1,1,3,3,1,9,9
2082,737909,435549,438366,2,1,08/09/2009,1525,6,1,1,1,1,3,2,44,9
2083,738509,440854,432895,1,1,08/09/2009,1332,6,1,1,1,1,3,1,34,4
2084,738709,430066,434182,1,1,08/09/2009,1615,3,1,1,1,3,3,1,24,9
2085,740509,442114,445167,1,1,08/09/2009,830,6,1,1,1,3,3,2,13,9
2086,740709,436329,435648,2,1,08/09/2009,2115,6,1,7,1,2,3,2,16,8
2087,744509,436147,435291,1,1,08/09/2009,920,3,1,1,1,1,3,1,49,9
2088,752409,420695,437163,2,1,08/09/2009,1730,3,1,1,1,1,3,2,24,9
2089,817409,432972,439890,2,2,08/09/2009,1725,6,1,1,1,1,3,1,36,9
2090,817409,432972,439890,2,2,08/09/2009,1725,6,1,1,1,2,3,1,38,9
2091,731709,418424,442588,4,1,09/09/2009,605,6,1,1,1,1,3,2,33,9
2092,734009,429963,430863,1,1,09/09/2009,1607,3,1,1,1,3,3,1,19,9
2093,735109,427311,433321,2,1,09/09/2009,1035,6,1,1,1,1,3,2,44,9
2094,736209,431640,429137,2,1,09/09/2009,2120,6,1,4,1,2,2,1,22,9
2095,737409,435229,433649,1,1,09/09/2009,1505,6,1,1,1,3,3,2,40,9
2096,737609,437024,429235,2,1,09/09/2009,1715,3,1,1,1,1,2,2,44,3
2097,738009,431280,433837,2,1,09/09/2009,940,6,1,1,1,1,3,1,42,9
2098,738609,434503,435434,3,1,09/09/2009,1950,6,1,1,1,1,3,1,12,1
2099,738809,432508,427306,2,1,09/09/2009,2250,3,1,4,1,1,3,1,27,9
2100,740609,431159,436390,2,2,09/09/2009,815,4,1,1,1,1,3,1,38,9
2101,740609,431159,436390,2,2,09/09/2009,815,4,1,1,1,1,3,2,28,9
2102,740909,437862,429858,3,2,09/09/2009,1700,3,1,1,1,1,3,2,27,9
2103,740909,437862,429858,3,2,09/09/2009,1700,3,1,1,1,1,3,2,61,9
2104,750709,430448,433717,1,1,09/09/2009,1320,6,1,1,1,3,2,1,33,11
2105,772209,444906,444750,2,1,09/09/2009,1915,3,1,1,1,1,3,1,44,1
2106,735909,434529,436872,1,1,10/09/2009,1715,6,1,1,1,3,2,1,10,9
2107,737309,431671,435358,2,1,10/09/2009,844,3,1,1,1,1,3,1,44,1
2108,738309,426276,442370,2,1,10/09/2009,2153,3,1,4,1,1,2,1,42,5
2109,741109,429973,445291,2,1,10/09/2009,1635,3,1,1,1,1,2,1,43,5
2110,741709,427692,436076,1,1,10/09/2009,45,4,1,4,1,3,3,1,22,8
2111,743109,429139,432052,1,1,10/09/2009,2034,6,1,4,1,3,2,2,42,9
2112,743909,428237,436523,2,2,10/09/2009,1520,4,1,1,1,1,3,1,39,9
2113,743909,428237,436523,2,2,10/09/2009,1520,4,1,1,1,2,3,2,14,9
2114,747209,426142,437271,2,1,10/09/2009,2130,6,1,4,1,1,3,1,17,3
2115,772309,440554,448560,2,1,10/09/2009,1215,4,1,1,1,1,3,2,63,1
2116,746909,421104,444568,2,2,11/09/2009,1240,6,1,1,1,2,3,1,18,9
2117,746909,421104,444568,2,2,11/09/2009,1240,6,1,1,1,2,3,2,18,9
2118,747009,431344,434110,2,1,11/09/2009,1300,6,1,1,1,1,3,2,50,9
2119,747509,438857,446387,2,1,11/09/2009,1448,6,1,1,1,2,3,2,80,11
2120,785209,423254,435774,2,1,11/09/2009,1210,3,1,1,1,1,3,1,29,1
2121,793409,430365,433721,2,1,11/09/2009,1333,6,1,1,1,2,3,1,25,10
2122,744409,441572,430325,2,3,12/09/2009,2015,4,1,7,1,1,3,2,19,9
2123,744409,441572,430325,2,3,12/09/2009,2015,4,1,7,1,1,3,1,18,9
2124,744409,441572,430325,2,3,12/09/2009,2015,4,1,7,1,2,3,2,18,9
2125,745009,423605,437875,1,1,12/09/2009,1238,6,1,1,1,2,3,2,75,11
2126,747309,420965,441141,1,1,12/09/2009,1430,6,1,1,1,2,3,2,69,11
2127,750009,432274,436260,1,1,12/09/2009,1348,6,1,1,1,2,3,2,69,11
2128,761409,427834,435803,2,1,12/09/2009,656,6,1,1,1,1,2,2,19,9
2129,781209,427653,436667,2,1,12/09/2009,1727,3,1,1,1,1,2,1,27,1
2130,750509,442103,434635,2,1,13/09/2009,930,3,1,1,1,1,3,1,65,1
2131,752509,431233,445743,2,1,13/09/2009,1020,3,1,1,1,1,3,1,38,9
2132,742109,426949,433434,2,1,14/09/2009,1130,6,1,1,1,1,3,1,28,9
2133,747809,431660,428590,3,1,14/09/2009,1940,6,1,4,1,2,3,1,21,9
2134,751309,438490,438789,2,1,14/09/2009,703,3,1,1,1,1,2,1,36,3
2135,760209,423545,442941,2,1,14/09/2009,255,6,1,6,1,1,3,1,18,3
2136,764009,431348,435058,2,1,14/09/2009,1835,3,1,1,1,1,3,2,27,1
2137,752209,435948,425912,2,1,15/09/2009,2050,1,1,4,1,1,3,2,45,9
2138,753209,431530,432543,2,1,15/09/2009,1042,3,1,1,1,1,3,1,38,3
2139,757309,442487,427645,2,2,15/09/2009,806,6,1,1,1,1,3,1,23,19
2140,757309,442487,427645,2,2,15/09/2009,806,6,1,1,1,2,3,1,20,19
2141,759409,432106,436049,2,2,15/09/2009,1930,6,1,4,1,1,3,2,27,9
2142,759409,432106,436049,2,2,15/09/2009,1930,6,1,4,1,2,3,2,26,9
2143,760409,433855,434061,4,1,15/09/2009,1247,3,1,1,1,2,3,1,33,9
2144,760809,428684,435375,1,1,15/09/2009,1900,6,1,1,1,3,3,2,4,9
2145,761509,425157,441198,2,1,15/09/2009,1820,6,1,1,1,1,3,1,18,3
2146,777109,423724,434194,2,1,15/09/2009,1140,6,1,1,1,1,3,1,22,1
2147,753009,421551,435965,2,2,16/09/2009,819,3,1,1,1,1,3,1,18,9
2148,753009,421551,435965,2,2,16/09/2009,819,3,1,1,1,1,3,1,61,9
2149,753109,431272,434138,1,1,16/09/2009,950,6,1,1,1,2,3,1,31,11
2150,757409,429864,433659,2,1,16/09/2009,100,6,1,4,1,1,3,1,26,9
2151,759709,426756,427125,2,1,16/09/2009,1545,6,1,1,1,1,2,2,49,3
2152,762009,446225,429783,2,1,16/09/2009,725,6,1,1,1,1,3,1,38,1
2153,765809,443515,435123,1,1,16/09/2009,1933,1,1,1,1,1,3,1,22,9
2154,774509,431884,434752,4,2,16/09/2009,1315,6,1,1,1,1,3,2,23,9
2155,774509,431884,434752,4,2,16/09/2009,1315,6,1,1,1,3,3,2,36,9
2156,762409,431075,433732,3,1,17/09/2009,1208,3,1,1,1,1,3,2,46,9
2157,765209,431976,435829,2,1,17/09/2009,905,3,1,1,1,1,3,1,23,1
2158,767109,430642,434705,2,1,17/09/2009,1950,3,1,4,1,1,2,1,26,1
2159,758309,429923,427733,1,1,18/09/2009,1305,6,1,1,1,2,3,1,27,11
2160,763609,433352,432967,1,1,18/09/2009,1205,6,1,1,1,2,3,2,60,11
2161,763809,430889,433535,2,1,18/09/2009,1450,6,1,1,1,1,3,1,35,1
2162,764109,431661,434093,2,2,18/09/2009,935,6,1,1,1,1,3,1,27,8
2163,764109,431661,434093,2,2,18/09/2009,935,6,1,1,1,1,3,1,47,8
2164,764309,431189,439313,2,1,18/09/2009,1912,3,1,1,1,1,3,2,21,9
2165,765509,427505,425509,2,2,18/09/2009,1800,3,1,1,1,1,3,1,34,19
2166,765509,427505,425509,2,2,18/09/2009,1800,3,1,1,1,2,3,2,33,19
2167,765909,433135,436121,2,2,18/09/2009,2047,3,1,4,1,1,3,1,19,9
2168,765909,433135,436121,2,2,18/09/2009,2047,3,1,4,1,2,3,1,19,9
2169,771309,425334,426579,3,2,18/09/2009,1647,1,1,1,1,1,3,1,72,9
2170,771309,425334,426579,3,2,18/09/2009,1647,1,1,1,1,1,3,1,38,9
2171,761709,420457,441582,1,1,19/09/2009,1235,6,1,1,1,2,2,2,55,11
2172,768109,423652,437377,1,1,19/09/2009,1200,3,1,1,1,2,3,2,60,11
2173,768409,433601,434441,2,1,20/09/2009,1500,6,1,1,1,1,3,1,12,1
2174,770509,430982,427051,2,1,20/09/2009,1940,3,1,4,1,1,2,1,22,4
2175,773209,435226,440384,2,2,20/09/2009,500,6,1,7,1,1,3,1,28,9
2176,773209,435226,440384,2,2,20/09/2009,500,6,1,7,1,2,3,1,25,9
2177,777409,432187,435079,2,1,20/09/2009,1730,6,1,1,1,1,3,1,40,9
2178,799009,431116,428652,1,1,20/09/2009,2310,6,1,4,1,2,3,1,37,11
2179,816309,428954,433664,2,1,20/09/2009,2338,3,1,4,1,1,3,1,23,9
2180,765609,433374,425875,2,1,21/09/2009,1110,1,1,1,1,1,3,1,55,9
2181,768809,431427,434071,3,1,21/09/2009,639,6,1,1,1,1,3,1,59,9
2182,770709,436856,428985,2,1,21/09/2009,1710,3,1,1,2,2,3,2,25,9
2183,774209,429790,438917,1,1,21/09/2009,840,3,1,1,1,2,3,2,81,11
2184,772509,430554,433696,1,1,22/09/2009,1135,6,1,1,1,2,3,2,43,11
2185,776909,431229,430569,4,4,22/09/2009,2225,1,1,4,1,1,3,1,28,9
2186,776909,431229,430569,4,4,22/09/2009,2225,1,1,4,1,1,3,1,42,9
2187,776909,431229,430569,4,4,22/09/2009,2225,1,1,4,1,2,3,1,13,9
2188,776909,431229,430569,4,4,22/09/2009,2225,1,1,4,1,2,3,2,28,9
2189,782009,429174,438562,2,2,22/09/2009,1100,3,2,1,2,1,3,2,66,9
2190,782009,429174,438562,2,2,22/09/2009,1100,3,2,1,2,1,3,1,63,9
2191,787209,435801,436760,1,1,22/09/2009,1010,6,1,1,1,3,2,2,43,9
2192,792009,414846,442849,1,1,22/09/2009,2317,6,1,6,1,1,3,2,18,9
2193,775409,436337,433955,1,1,23/09/2009,1110,6,1,1,1,2,3,1,0,11
2194,776609,430229,433392,1,1,23/09/2009,400,6,1,4,1,3,3,1,20,8
2195,779309,432762,434204,2,1,23/09/2009,1210,6,1,1,1,1,3,1,40,9
2196,787609,433385,437248,1,1,23/09/2009,330,6,1,4,1,1,2,1,28,9
2197,811209,432614,435846,3,1,23/09/2009,2150,3,1,4,1,1,3,1,27,9
2198,781009,431030,434895,2,3,24/09/2009,1335,6,1,1,1,1,3,1,19,9
2199,781009,431030,434895,2,3,24/09/2009,1335,6,1,1,1,1,3,2,31,9
2200,781009,431030,434895,2,3,24/09/2009,1335,6,1,1,1,2,3,2,19,9
2201,781309,424370,445351,2,2,24/09/2009,1824,3,1,1,1,1,3,1,36,9
2202,781309,424370,445351,2,2,24/09/2009,1824,3,1,1,1,2,3,2,32,9
2203,781509,422408,428984,2,1,24/09/2009,1635,3,1,1,1,1,3,1,26,3
2204,782709,427520,431356,2,1,24/09/2009,1503,3,1,1,1,1,3,1,40,5
2205,783609,425161,437835,2,2,24/09/2009,940,6,1,1,1,2,3,1,46,9
2206,783609,425161,437835,2,2,24/09/2009,940,6,1,1,1,2,3,1,38,9
2207,787709,436539,435580,2,2,24/09/2009,1700,6,1,1,1,1,3,2,45,9
2208,787709,436539,435580,2,2,24/09/2009,1700,6,1,1,1,2,3,2,23,5
2209,800209,429592,433435,1,1,24/09/2009,1945,6,1,1,1,2,3,2,78,11
2210,822709,431661,435028,1,1,24/09/2009,1755,6,1,1,1,3,3,1,1,9
2211,837709,435897,436416,2,1,24/09/2009,1120,3,1,1,1,2,3,1,24,11
2212,779109,425134,433917,3,2,25/09/2009,1000,6,1,1,1,1,3,2,54,9
2213,779109,425134,433917,3,2,25/09/2009,1000,6,1,1,1,1,3,2,29,9
2214,783209,430354,438557,2,1,25/09/2009,1715,3,1,1,1,1,3,2,33,9
2215,783909,419291,442231,1,1,25/09/2009,1830,6,1,1,1,3,3,1,41,8
2216,785509,430393,426353,2,1,25/09/2009,1145,6,1,1,1,1,3,1,37,9
2217,785809,430072,433830,2,1,25/09/2009,1,6,1,7,1,1,3,1,38,1
2218,792209,430670,433032,1,1,25/09/2009,2230,3,1,4,1,3,2,1,37,9
2219,806309,430799,433847,2,2,25/09/2009,2150,3,1,7,1,1,3,2,24,9
2220,806309,430799,433847,2,2,25/09/2009,2150,3,1,7,1,1,3,1,46,8
2221,818909,419308,441741,2,1,25/09/2009,1145,3,1,1,1,1,3,1,24,3
2222,784909,440853,445860,1,1,26/09/2009,1110,2,1,1,1,1,3,2,30,9
2223,787909,429250,438591,2,1,26/09/2009,2230,3,1,4,1,1,2,1,45,1
2224,788109,432157,436137,2,3,26/09/2009,2237,6,1,4,1,1,3,1,19,5
2225,788109,432157,436137,2,3,26/09/2009,2237,6,1,4,1,2,3,2,17,5
2226,788109,432157,436137,2,3,26/09/2009,2237,6,1,4,1,2,3,2,17,5
2227,788709,435791,435745,1,1,26/09/2009,1735,6,1,1,1,3,3,2,9,9
2228,789009,431524,432744,1,1,26/09/2009,1745,6,1,1,1,1,2,1,59,4
2229,792409,427470,436001,1,1,26/09/2009,2110,6,1,4,1,3,3,1,24,9
2230,793309,427851,434400,1,1,26/09/2009,226,3,1,4,1,3,2,1,19,9
2231,793509,427177,426451,2,1,26/09/2009,1912,3,1,1,1,1,2,1,20,3
2232,794309,428557,434855,2,2,26/09/2009,1715,6,1,1,1,2,3,1,19,9
2233,794309,428557,434855,2,2,26/09/2009,1715,6,1,1,1,2,3,2,19,9
2234,784309,428786,436949,1,1,27/09/2009,1822,6,1,1,1,3,3,2,45,9
2235,795409,430320,434118,2,1,27/09/2009,2240,6,1,4,1,1,2,1,22,5
2236,795809,430222,433754,1,2,27/09/2009,2040,6,1,4,1,3,3,1,21,8
2237,795809,430222,433754,1,2,27/09/2009,2040,6,1,4,1,3,3,2,19,8
2238,796809,428110,426282,2,3,27/09/2009,1455,3,1,1,1,1,3,1,18,9
2239,796809,428110,426282,2,3,27/09/2009,1455,3,1,1,1,2,3,2,18,9
2240,796809,428110,426282,2,3,27/09/2009,1455,3,1,1,1,2,3,1,2,9
2241,802309,430597,426445,2,1,27/09/2009,950,6,2,1,2,1,3,1,44,1
2242,794809,428905,435508,2,1,28/09/2009,1735,3,1,1,1,1,3,1,50,1
2243,814209,430087,437375,2,2,28/09/2009,1225,3,1,1,1,1,3,2,64,9
2244,814209,430087,437375,2,2,28/09/2009,1225,3,1,1,1,1,3,1,28,9
2245,797609,431884,435156,1,2,29/09/2009,1035,6,1,1,1,3,3,1,25,9
2246,797609,431884,435156,1,2,29/09/2009,1035,6,1,1,1,1,3,2,21,9
2247,799109,428272,433520,2,1,29/09/2009,730,6,1,1,1,1,3,2,39,1
2248,802409,429965,430874,2,1,29/09/2009,715,3,1,1,1,1,3,1,26,5
2249,803509,445258,427829,1,1,29/09/2009,730,6,1,1,1,1,3,1,20,4
2250,822609,430302,435025,2,2,29/09/2009,850,6,1,1,1,1,3,1,49,9
2251,822609,430302,435025,2,2,29/09/2009,850,6,1,1,1,2,3,2,41,9
2252,840509,430700,434876,2,1,29/09/2009,1736,3,1,1,1,1,3,1,22,1
2253,802609,424278,428343,2,1,30/09/2009,655,3,1,1,1,1,3,1,61,9
2254,807909,429608,431846,1,1,30/09/2009,1505,6,1,1,1,3,3,1,6,9
2255,808909,420829,439688,2,2,30/09/2009,1350,3,1,1,1,1,3,1,55,9