Col.Number,Reference.Number,Easting,Northing,Number.of.Vehicles,Number.of.Casualties,Accident.Date,Time..24hr.,X1st.Road.Class,Road.Surface,Lighting.Conditions,Weather.Conditions,Casualty.Class,Casualty.Severity,Sex.of.Casualty,Age.of.Casualty,Type.of.Vehicle
2256,808909,420829,439688,2,2,30/09/2009,1350,3,1,1,1,1,3,2,88,9
2257,812909,432337,436330,1,1,30/09/2009,1841,6,1,1,1,3,3,2,17,9
2258,817509,430959,433431,4,1,30/09/2009,933,3,1,1,1,1,3,2,58,9
2259,826209,444875,436477,1,1,30/09/2009,1800,4,1,1,1,1,2,1,17,5
2260,845109,428148,435835,2,1,30/09/2009,1445,3,1,1,1,1,3,1,19,1
2261,800109,429433,433462,2,1,01/10/2009,915,6,1,1,1,1,3,1,34,1
2262,802809,434709,428186,2,1,01/10/2009,750,3,1,1,1,1,3,2,34,9
2263,806109,428799,433315,2,1,01/10/2009,855,3,1,1,1,2,3,1,21,9
2264,811009,432337,432653,2,1,01/10/2009,1827,6,1,4,1,1,3,1,49,1
2265,814309,428050,432043,2,1,01/10/2009,1720,3,1,1,1,1,3,2,29,9
2266,901909,422225,433765,2,1,01/10/2009,1750,4,1,1,1,1,3,1,21,1
2267,804209,428110,432803,2,1,02/10/2009,1630,4,1,1,1,1,3,2,40,1
2268,807309,428878,430013,2,1,02/10/2009,1925,6,1,4,1,1,3,1,18,2
2269,812409,440229,432343,2,1,02/10/2009,1700,3,1,1,1,1,3,1,23,9
2270,813109,427063,437408,3,3,02/10/2009,1230,3,2,1,2,1,3,2,20,9
2271,813109,427063,437408,3,3,02/10/2009,1230,3,2,1,2,2,3,2,28,8
2272,813109,427063,437408,3,3,02/10/2009,1230,3,2,1,2,2,3,1,83,8
2273,813509,431165,439273,2,1,02/10/2009,1045,6,2,1,1,2,3,1,20,19
2274,846009,431374,435071,1,1,02/10/2009,930,3,1,1,1,3,3,1,18,11
2275,806909,428600,431563,2,1,03/10/2009,815,1,1,1,4,1,3,1,28,9
2276,808409,420648,434347,2,2,03/10/2009,1330,3,1,1,4,1,3,2,28,9
2277,808409,420648,434347,2,2,03/10/2009,1330,3,1,1,4,2,3,2,26,9
2278,810209,441193,448825,1,1,03/10/2009,630,2,1,6,4,1,3,1,29,9
2279,810409,423299,441643,2,1,03/10/2009,2205,6,2,4,4,1,3,1,35,9
2280,811309,439477,426194,2,3,03/10/2009,1620,3,1,1,4,1,3,2,22,9
2281,811309,439477,426194,2,3,03/10/2009,1620,3,1,1,4,1,3,1,19,9
2282,811309,439477,426194,2,3,03/10/2009,1620,3,1,1,4,2,3,2,43,9
2283,812709,435023,432532,1,1,03/10/2009,2110,6,1,7,4,1,3,1,18,9
2284,813409,426404,433964,2,1,03/10/2009,2340,3,1,4,1,1,3,2,25,9
2285,814809,423935,433605,2,2,03/10/2009,1930,6,1,4,4,1,3,2,51,9
2286,814809,423935,433605,2,2,03/10/2009,1930,6,1,4,4,2,3,2,61,9
2287,813909,419725,438727,1,1,04/10/2009,815,3,2,1,1,1,3,1,20,3
2288,815909,436159,434566,1,1,04/10/2009,1434,3,1,1,1,2,3,2,5,11
2289,811409,420532,434322,2,1,05/10/2009,1910,3,1,4,1,1,3,2,23,9
2290,813809,429221,431643,2,1,05/10/2009,1715,6,1,1,1,1,3,1,12,1
2291,815309,431015,440302,3,1,05/10/2009,1540,3,1,1,1,1,3,2,66,9
2292,816409,432514,427314,2,1,05/10/2009,1715,3,1,1,1,1,3,1,42,1
2293,816509,429654,430709,2,1,05/10/2009,930,6,1,1,1,2,3,2,31,8
2294,819209,430278,433737,1,1,05/10/2009,1330,6,1,1,1,3,3,1,19,9
2295,819709,431923,428325,2,2,05/10/2009,1155,1,1,1,1,1,3,1,26,9
2296,819709,431923,428325,2,2,05/10/2009,1155,1,1,1,1,2,3,2,23,9
2297,820109,421020,434483,2,1,05/10/2009,1140,4,1,1,1,1,2,1,24,3
2298,828109,427112,436977,3,1,05/10/2009,1300,6,2,1,2,1,3,1,19,1
2299,934609,425451,437937,2,2,05/10/2009,725,3,2,1,1,1,2,1,21,9
2300,934609,425451,437937,2,2,05/10/2009,725,3,2,1,1,1,3,2,26,9
2301,816609,435796,436343,2,1,06/10/2009,630,6,1,4,2,2,3,2,41,9
2302,817009,429147,436207,2,1,06/10/2009,1540,6,5,1,1,2,3,2,12,9
2303,817909,436484,435031,2,1,06/10/2009,900,6,2,1,2,1,3,2,32,9
2304,825109,436118,435507,1,1,06/10/2009,1455,3,2,1,1,3,3,1,18,9
2305,876409,439003,446045,2,1,06/10/2009,1510,3,2,1,2,1,3,2,81,9
2306,815809,430753,438582,1,1,07/10/2009,1247,6,1,1,1,2,3,2,79,11
2307,820009,430230,432029,1,1,07/10/2009,950,3,1,1,1,2,3,2,80,11
2308,822909,431905,435729,2,1,07/10/2009,1718,3,1,1,1,2,3,2,32,9
2309,824809,430036,438512,2,1,07/10/2009,1650,6,1,1,1,1,3,1,32,9
2310,824909,428837,440131,2,3,07/10/2009,1910,6,1,4,1,1,3,1,17,9
2311,824909,428837,440131,2,3,07/10/2009,1910,6,1,4,1,1,3,2,21,9
2312,824909,428837,440131,2,3,07/10/2009,1910,6,1,4,1,2,3,1,16,9
2313,833909,421526,428486,2,2,07/10/2009,1150,3,1,1,1,1,3,2,57,9
2314,833909,421526,428486,2,2,07/10/2009,1150,3,1,1,1,2,3,2,4,9
2315,839009,436133,434840,2,1,07/10/2009,910,3,1,1,1,1,3,2,79,9
2316,840409,432828,433603,3,1,07/10/2009,1425,6,1,1,1,1,3,1,62,3
2317,825509,430672,433450,4,2,08/10/2009,1430,6,1,1,1,1,3,1,32,19
2318,825509,430672,433450,4,2,08/10/2009,1430,6,1,1,1,1,3,2,29,9
2319,828609,424982,427538,2,1,08/10/2009,1920,3,1,4,1,1,3,1,18,3
2320,833309,432187,429090,2,3,08/10/2009,1012,1,1,1,1,1,3,1,39,9
2321,833309,432187,429090,2,3,08/10/2009,1012,1,1,1,1,1,3,1,22,9
2322,833309,432187,429090,2,3,08/10/2009,1012,1,1,1,1,2,3,2,19,9
2323,835409,429286,433479,2,1,08/10/2009,1230,6,1,1,1,1,2,1,22,5
2324,836309,444832,431567,2,2,08/10/2009,2017,3,1,6,1,1,2,1,38,5
2325,836309,444832,431567,2,2,08/10/2009,2017,3,1,6,1,2,2,2,43,5
2326,827109,427517,434869,2,1,09/10/2009,1655,6,1,1,1,1,3,1,23,1
2327,955509,431826,435622,1,1,09/10/2009,945,3,1,1,1,3,3,1,25,9
2328,825809,428578,432989,1,1,10/10/2009,810,3,2,1,4,1,3,2,26,9
2329,833809,430339,433381,1,1,10/10/2009,935,6,1,1,1,3,3,1,47,11
2330,834109,434973,436879,1,2,10/10/2009,1430,6,1,1,1,1,3,1,37,11
2331,834109,434973,436879,1,2,10/10/2009,1430,6,1,1,1,2,3,2,0,11
2332,838709,430704,439227,2,1,10/10/2009,845,3,1,1,1,1,3,1,39,1
2333,838909,432331,434981,2,1,10/10/2009,1355,4,1,1,1,1,3,1,11,1
2334,965209,428456,434483,1,1,10/10/2009,1630,6,1,4,1,3,2,2,45,9
2335,823909,423786,438053,1,1,11/10/2009,1100,6,1,1,1,3,3,2,65,9
2336,836709,435821,435757,2,1,12/10/2009,835,6,1,1,1,1,3,1,16,2
2337,837809,428653,437538,2,1,12/10/2009,1255,6,1,1,1,1,2,1,44,5
2338,845909,434748,438041,2,2,12/10/2009,1111,3,1,1,1,1,3,1,26,9
2339,845909,434748,438041,2,2,12/10/2009,1111,3,1,1,1,2,3,1,26,9
2340,836809,429137,435243,2,1,13/10/2009,1820,3,1,4,1,1,3,1,30,5
2341,836909,431261,433692,1,1,13/10/2009,1630,6,1,1,1,2,3,2,40,8
2342,838209,433155,434031,2,1,13/10/2009,1815,3,1,4,1,2,3,2,37,9
2343,838309,420340,434268,2,1,13/10/2009,1430,3,1,1,1,1,2,2,76,9
2344,838409,440059,432533,1,1,13/10/2009,1450,4,1,1,1,3,3,1,13,9
2345,840009,427984,435223,2,1,13/10/2009,1700,6,1,1,1,1,3,2,22,1
2346,840309,426339,431703,2,2,13/10/2009,1610,3,1,1,1,1,3,1,34,2
2347,840309,426339,431703,2,2,13/10/2009,1610,3,1,1,1,2,3,2,27,8
2348,842709,420927,434418,2,1,13/10/2009,830,3,1,1,1,1,3,1,36,9
2349,844509,441659,430764,2,1,13/10/2009,1542,6,1,1,1,1,3,1,13,1
2350,845309,434456,433702,2,5,13/10/2009,1820,6,1,1,1,1,3,2,34,9
2351,845309,434456,433702,2,5,13/10/2009,1820,6,1,1,1,1,3,1,32,8
2352,845309,434456,433702,2,5,13/10/2009,1820,6,1,1,1,2,3,1,17,8
2353,845309,434456,433702,2,5,13/10/2009,1820,6,1,1,1,2,3,1,63,8
2354,845309,434456,433702,2,5,13/10/2009,1820,6,1,1,1,2,3,2,58,8
2355,865609,427393,429667,2,1,13/10/2009,715,3,1,1,1,1,2,2,31,1
2356,837609,420767,434402,3,1,14/10/2009,900,3,2,1,1,1,3,2,26,9
2357,843809,442884,431656,3,2,14/10/2009,1453,3,1,1,1,1,3,2,35,9
2358,843809,442884,431656,3,2,14/10/2009,1453,3,1,1,1,1,3,2,65,9
2359,854509,430830,439647,2,1,14/10/2009,850,3,1,1,1,1,3,1,17,3
2360,861309,415867,441870,1,2,14/10/2009,2220,6,2,6,2,1,3,1,18,9
2361,861309,415867,441870,1,2,14/10/2009,2220,6,2,6,2,2,2,1,17,9
2362,844009,429137,431733,1,1,15/10/2009,1235,6,1,1,1,3,3,2,3,9
2363,844109,426911,438080,3,3,15/10/2009,725,3,2,1,2,1,3,2,65,9
2364,844109,426911,438080,3,3,15/10/2009,725,3,2,1,2,1,3,2,28,9
2365,844109,426911,438080,3,3,15/10/2009,725,3,2,1,2,1,3,2,41,9
2366,845409,442198,442885,1,1,15/10/2009,630,6,2,7,2,1,3,1,54,9
2367,847809,441633,430767,1,1,15/10/2009,1120,6,2,1,1,3,3,1,62,9
2368,848609,431893,430494,2,1,15/10/2009,620,3,2,4,1,1,3,1,27,1
2369,852309,425098,431061,1,1,15/10/2009,1230,3,1,1,1,2,3,2,74,11
2370,856909,428236,436524,2,2,15/10/2009,1355,4,1,1,1,1,3,2,23,9
2371,856909,428236,436524,2,2,15/10/2009,1355,4,1,1,1,1,3,2,50,9
2372,863309,432393,434895,1,1,15/10/2009,745,4,2,1,1,3,3,2,11,9
2373,869509,422016,436494,3,2,15/10/2009,1000,3,2,1,1,1,3,1,57,9
2374,869509,422016,436494,3,2,15/10/2009,1000,3,2,1,1,1,2,1,34,9
2375,846109,427526,436941,2,1,16/10/2009,850,3,1,1,1,2,3,2,42,9
2376,848209,429282,433492,2,1,16/10/2009,1820,6,1,4,1,1,3,1,63,9
2377,848409,426019,438934,1,1,16/10/2009,1535,6,1,1,1,3,3,2,23,11
2378,849809,436657,435952,1,1,16/10/2009,2245,6,1,4,1,2,3,1,15,9
2379,850109,440031,439603,2,1,16/10/2009,1610,3,1,1,1,1,3,1,25,5
2380,850209,427299,434685,2,1,16/10/2009,1600,3,1,1,9,1,3,2,45,9
2381,850909,431606,435243,2,1,16/10/2009,1515,3,1,1,1,2,3,2,46,9
2382,854909,430803,433846,2,1,16/10/2009,1200,3,1,1,1,1,3,1,26,9
2383,859609,441460,439840,4,8,16/10/2009,1558,3,1,1,1,1,3,1,34,11
2384,859609,441460,439840,4,8,16/10/2009,1558,3,1,1,1,2,3,1,11,11
2385,859609,441460,439840,4,8,16/10/2009,1558,3,1,1,1,2,3,2,12,11
2386,859609,441460,439840,4,8,16/10/2009,1558,3,1,1,1,2,3,2,11,11
2387,859609,441460,439840,4,8,16/10/2009,1558,3,1,1,1,2,3,2,14,11
2388,859609,441460,439840,4,8,16/10/2009,1558,3,1,1,1,2,3,2,11,11
2389,859609,441460,439840,4,8,16/10/2009,1558,3,1,1,1,2,3,1,11,11
2390,859609,441460,439840,4,8,16/10/2009,1558,3,1,1,1,2,3,1,12,11
2391,860109,436222,434266,2,1,16/10/2009,1530,6,1,1,1,1,3,2,44,1
2392,870009,425053,433332,2,1,16/10/2009,1715,6,1,1,1,1,2,1,26,3
2393,844609,429899,435449,1,1,17/10/2009,2130,6,1,4,1,1,3,1,20,9
2394,849109,435658,437028,4,1,17/10/2009,1115,3,1,1,1,1,3,1,53,9
2395,855709,430945,433298,2,1,17/10/2009,1705,3,1,1,1,1,3,1,29,9
2396,885309,430237,432959,2,1,17/10/2009,2245,6,1,4,1,1,2,1,36,3
2397,848809,431881,435323,1,1,18/10/2009,1835,6,1,4,1,3,3,1,17,9
2398,849209,431023,433513,2,1,18/10/2009,1330,3,1,1,1,1,2,2,62,9
2399,849309,428594,432781,3,1,18/10/2009,1751,3,1,1,1,1,3,1,24,9
2400,857209,424904,443281,2,1,18/10/2009,1340,6,1,1,1,1,3,2,51,9
2401,859909,431344,433934,2,2,19/10/2009,1410,6,1,1,1,1,3,2,44,9
2402,859909,431344,433934,2,2,19/10/2009,1410,6,1,1,1,2,3,2,37,9
2403,860409,431571,435177,1,1,19/10/2009,1845,6,1,4,1,3,3,2,47,9
2404,863409,430089,431274,2,1,19/10/2009,1715,3,1,1,1,1,3,1,21,1
2405,874709,431022,433511,2,2,19/10/2009,1546,6,1,1,1,1,3,1,30,9
2406,874709,431022,433511,2,2,19/10/2009,1546,6,1,1,1,2,3,1,67,9
2407,855209,423771,435633,1,1,20/10/2009,1625,3,1,1,1,2,3,2,20,11
2408,859809,437754,433053,1,4,20/10/2009,2345,3,2,4,1,1,3,1,22,9
2409,859809,437754,433053,1,4,20/10/2009,2345,3,2,4,1,2,3,1,21,9
2410,859809,437754,433053,1,4,20/10/2009,2345,3,2,4,1,2,3,1,19,9
2411,859809,437754,433053,1,4,20/10/2009,2345,3,2,4,1,2,3,1,22,9
2412,860009,424256,438995,2,1,20/10/2009,725,6,1,1,1,1,3,2,34,9
2413,863109,434711,425874,3,3,20/10/2009,857,1,1,1,1,1,3,1,42,19
2414,863109,434711,425874,3,3,20/10/2009,857,1,1,1,1,1,3,1,25,9
2415,863109,434711,425874,3,3,20/10/2009,857,1,1,1,1,1,3,1,57,9
2416,865209,429404,433791,1,1,20/10/2009,2030,2,2,4,2,1,3,1,28,9
2417,865309,430735,433449,1,1,20/10/2009,1835,6,2,4,1,3,3,1,25,9
2418,878409,431411,430752,2,1,20/10/2009,2215,6,1,4,1,1,3,1,18,9
2419,862209,441998,430355,1,1,21/10/2009,805,6,2,1,1,3,3,2,13,9
2420,863609,421823,446012,1,3,21/10/2009,2200,3,1,7,1,1,3,2,17,9
2421,863609,421823,446012,1,3,21/10/2009,2200,3,1,7,1,2,3,2,21,9
2422,863609,421823,446012,1,3,21/10/2009,2200,3,1,7,1,2,3,2,17,9
2423,870109,435088,435681,2,1,21/10/2009,1820,6,1,4,1,1,3,1,47,1
2424,876709,427151,432531,2,1,21/10/2009,915,6,2,1,1,1,3,1,48,9
2425,866809,430293,431180,2,1,22/10/2009,1541,6,1,1,1,1,3,1,35,3
2426,873909,435869,425813,2,3,22/10/2009,1050,3,1,1,1,1,3,1,61,9
2427,873909,435869,425813,2,3,22/10/2009,1050,3,1,1,1,1,3,1,38,9
2428,873909,435869,425813,2,3,22/10/2009,1050,3,1,1,1,2,3,2,20,9
2429,875309,435910,425855,2,3,22/10/2009,725,1,1,1,1,1,3,2,25,9
2430,875309,435910,425855,2,3,22/10/2009,725,1,1,1,1,1,3,1,37,9
2431,875309,435910,425855,2,3,22/10/2009,725,1,1,1,1,2,3,1,23,9
2432,875409,430716,436746,2,1,22/10/2009,1303,6,1,1,1,1,3,1,51,1
2433,919009,442691,428996,3,2,22/10/2009,729,3,1,1,1,1,2,1,52,9
2434,919009,442691,428996,3,2,22/10/2009,729,3,1,1,1,1,2,1,45,9
2435,877209,432591,430577,2,1,23/10/2009,915,4,1,1,1,1,3,2,34,9
2436,881209,430935,434847,1,1,23/10/2009,1200,6,1,1,1,3,2,2,33,9
2437,877009,434413,434383,2,2,24/10/2009,1608,3,1,1,1,1,3,1,48,9
2438,877009,434413,434383,2,2,24/10/2009,1608,3,1,1,1,1,2,1,72,90
2439,878309,426136,440434,2,1,24/10/2009,1420,6,1,1,1,1,3,1,42,1
2440,873609,424024,437714,2,1,25/10/2009,1240,3,2,1,2,1,3,1,32,1
2441,875109,419959,441964,1,1,25/10/2009,1700,6,2,4,2,3,3,2,17,9
2442,881909,427786,436375,2,3,25/10/2009,1505,3,2,1,2,2,3,2,18,9
2443,881909,427786,436375,2,3,25/10/2009,1505,3,2,1,2,2,3,2,18,9
2444,881909,427786,436375,2,3,25/10/2009,1505,3,2,1,2,2,3,2,19,9
2445,916909,420559,441123,1,1,25/10/2009,2020,6,2,4,5,3,3,2,60,9
2446,872109,431542,435162,2,3,26/10/2009,725,3,2,1,1,1,3,1,39,9
2447,872109,431542,435162,2,3,26/10/2009,725,3,2,1,1,2,3,1,16,9
2448,872109,431542,435162,2,3,26/10/2009,725,3,2,1,1,2,3,1,17,9
2449,875709,424580,435149,2,1,26/10/2009,1545,3,2,4,4,1,3,2,22,9
2450,885109,431978,431223,2,1,26/10/2009,615,3,2,7,1,1,3,1,33,1
2451,891109,430541,431257,2,2,26/10/2009,1705,1,1,1,1,1,3,2,26,9
2452,891109,430541,431257,2,2,26/10/2009,1705,1,1,1,1,2,3,1,26,9
2453,892609,429169,431578,2,1,26/10/2009,1830,6,1,4,1,1,3,1,28,1
2454,893309,430028,433372,2,1,26/10/2009,45,6,1,7,1,1,3,1,24,1
2455,896209,440438,447805,2,1,26/10/2009,1315,3,1,1,1,2,3,1,32,9
2456,930209,432058,435964,4,3,26/10/2009,1816,6,1,4,1,1,3,1,37,9
2457,930209,432058,435964,4,3,26/10/2009,1816,6,1,4,1,1,3,1,37,9
2458,930209,432058,435964,4,3,26/10/2009,1816,6,1,4,1,2,3,1,32,9
2459,877309,425212,440811,2,2,27/10/2009,815,6,2,1,7,1,3,1,35,9
2460,877309,425212,440811,2,2,27/10/2009,815,6,2,1,7,1,3,1,35,9
2461,882909,428870,434835,2,1,27/10/2009,2045,6,2,4,1,1,3,1,26,1
2462,903409,440713,428683,2,2,27/10/2009,1040,6,1,1,1,1,3,1,39,9
2463,903409,440713,428683,2,2,27/10/2009,1040,6,1,1,1,2,3,2,7,9
2464,878809,431968,431242,2,1,28/10/2009,830,3,1,1,1,2,3,2,18,9
2465,879409,421871,436574,4,3,28/10/2009,730,3,2,1,1,1,3,1,22,9
2466,879409,421871,436574,4,3,28/10/2009,730,3,2,1,1,1,3,2,33,9
2467,879409,421871,436574,4,3,28/10/2009,730,3,2,1,1,1,3,2,22,9
2468,882109,435484,439995,2,1,28/10/2009,1200,3,1,1,1,1,3,1,50,9
2469,882409,431438,432700,2,1,28/10/2009,1140,3,1,1,1,2,3,2,35,9
2470,886509,431797,428915,2,4,28/10/2009,650,6,2,1,1,1,3,1,21,9
2471,886509,431797,428915,2,4,28/10/2009,650,6,2,1,1,1,3,1,50,9
2472,886509,431797,428915,2,4,28/10/2009,650,6,2,1,1,2,3,2,25,9
2473,886509,431797,428915,2,4,28/10/2009,650,6,2,1,1,2,3,2,49,9
2474,891009,431859,435936,2,3,28/10/2009,2042,6,1,4,1,1,3,2,19,9
2475,891009,431859,435936,2,3,28/10/2009,2042,6,1,4,1,2,3,2,18,9
2476,891009,431859,435936,2,3,28/10/2009,2042,6,1,4,1,1,3,1,26,9
2477,891409,432099,435532,1,1,28/10/2009,1700,4,1,1,1,3,3,1,38,9
2478,934109,430491,437138,2,1,28/10/2009,1200,6,1,1,1,1,3,1,55,4
2479,881709,431678,434506,1,1,29/10/2009,1050,6,1,1,1,2,3,2,85,11
2480,883609,426604,436350,2,1,29/10/2009,1220,6,1,1,1,1,3,1,10,1
2481,885509,430339,433735,2,5,29/10/2009,1345,6,1,1,1,1,3,1,24,9
2482,885509,430339,433735,2,5,29/10/2009,1345,6,1,1,1,1,3,1,48,11
2483,885509,430339,433735,2,5,29/10/2009,1345,6,1,1,1,2,3,1,18,9
2484,885509,430339,433735,2,5,29/10/2009,1345,6,1,1,1,2,3,1,16,9
2485,885509,430339,433735,2,5,29/10/2009,1345,6,1,1,1,2,3,1,14,9
2486,885909,429454,434906,2,1,29/10/2009,925,3,1,1,1,1,3,2,34,1
2487,886209,430222,435117,2,3,29/10/2009,28,6,1,4,1,1,3,1,29,9
2488,886209,430222,435117,2,3,29/10/2009,28,6,1,4,1,1,3,1,31,9
2489,886209,430222,435117,2,3,29/10/2009,28,6,1,4,1,2,3,1,26,9
2490,899409,431880,435414,1,1,29/10/2009,1805,6,1,4,1,2,3,1,21,11
2491,1450509,436210,436844,2,1,29/10/2009,659,3,1,1,1,1,1,1,41,5
2492,885209,424626,434438,2,1,30/10/2009,925,6,1,1,1,1,3,2,31,9
2493,885409,429342,433701,1,1,30/10/2009,135,2,1,4,1,1,2,1,20,9
2494,890809,436984,433588,1,1,30/10/2009,1634,3,1,1,1,3,3,1,12,9
2495,892509,426258,429413,2,2,30/10/2009,1505,1,1,1,1,1,3,1,30,9
2496,892509,426258,429413,2,2,30/10/2009,1505,1,1,1,1,2,3,1,25,9
2497,890009,428433,435000,2,1,31/10/2009,30,6,2,7,1,1,3,1,22,1
2498,890309,437310,429480,2,1,31/10/2009,1415,3,1,1,1,1,3,1,39,4
2499,891509,443630,437799,1,1,31/10/2009,805,2,1,1,1,2,3,2,43,9
2500,891809,426379,435438,2,1,31/10/2009,1650,3,1,1,1,1,3,2,36,9
2501,891909,428958,429855,2,1,31/10/2009,30,3,2,7,2,2,3,1,42,9
2502,893509,432519,434723,2,2,31/10/2009,1727,4,1,4,1,1,3,2,36,9
2503,893509,432519,434723,2,2,31/10/2009,1727,4,1,4,1,1,2,1,23,5
2504,893909,432692,433871,2,1,31/10/2009,1125,3,1,1,1,1,3,1,72,9
2505,894209,435705,435738,1,1,31/10/2009,2345,6,1,4,1,3,3,2,22,9
2506,895509,439881,429903,1,1,31/10/2009,1745,6,1,4,1,3,3,2,12,9
2507,898609,435790,425978,2,1,31/10/2009,1930,1,2,4,1,1,3,2,22,9
2508,925709,420403,434120,2,2,31/10/2009,20,4,2,4,2,1,2,1,32,9
2509,925709,420403,434120,2,2,31/10/2009,20,4,2,4,2,1,3,1,52,8
2510,892209,430987,432040,2,1,01/11/2009,1105,3,2,1,5,2,3,2,18,9
2511,908809,425227,439892,1,1,01/11/2009,320,6,1,7,1,1,3,1,17,9
2512,936809,429098,434716,2,2,01/11/2009,1100,6,2,1,2,1,3,2,19,9
2513,936809,429098,434716,2,2,01/11/2009,1100,6,2,1,2,1,3,1,33,8
2514,890909,424731,434895,1,1,02/11/2009,1645,3,1,1,1,3,3,1,17,9
2515,893209,423013,437678,2,2,02/11/2009,1720,3,1,4,1,1,3,2,60,9
2516,893209,423013,437678,2,2,02/11/2009,1720,3,1,4,1,1,3,1,44,9
2517,894809,425975,434138,3,1,02/11/2009,1640,3,2,1,1,1,3,2,48,9
2518,894909,424266,437307,2,1,02/11/2009,1533,6,1,1,1,1,3,2,37,9
2519,896509,432157,436142,2,1,02/11/2009,2140,6,1,4,1,1,3,1,36,1
2520,897609,428018,427817,1,3,02/11/2009,1155,4,1,1,1,3,2,2,35,9
2521,897609,428018,427817,1,3,02/11/2009,1155,4,1,1,1,3,2,1,2,9
2522,897609,428018,427817,1,3,02/11/2009,1155,4,1,1,1,3,3,2,0,9
2523,899309,430659,434289,2,1,02/11/2009,1352,6,2,1,1,1,3,1,39,8
2524,900509,422596,429150,1,1,02/11/2009,940,3,1,1,1,3,3,2,20,20
2525,902809,436443,434699,1,1,02/11/2009,1200,6,2,1,1,3,3,1,65,9
2526,896809,430988,433130,2,1,03/11/2009,955,3,2,1,2,1,3,1,32,9
2527,898809,423343,437654,2,2,03/11/2009,1710,3,1,7,1,1,3,2,27,9
2528,898809,423343,437654,2,2,03/11/2009,1710,3,1,7,1,2,3,1,29,9
2529,900009,430531,437013,1,1,03/11/2009,745,6,2,1,2,3,3,1,66,9
2530,900709,428581,432963,3,3,03/11/2009,1215,3,2,1,4,1,3,1,46,9
2531,900709,428581,432963,3,3,03/11/2009,1215,3,2,1,4,1,3,1,48,9
2532,900709,428581,432963,3,3,03/11/2009,1215,3,2,1,4,2,3,2,46,9
2533,901109,430496,431167,2,1,03/11/2009,957,1,2,1,1,1,3,1,55,9
2534,901409,428553,427758,1,5,03/11/2009,2215,3,2,4,2,2,3,1,41,9
2535,901409,428553,427758,1,5,03/11/2009,2215,3,2,4,2,1,3,1,30,9
2536,901409,428553,427758,1,5,03/11/2009,2215,3,2,4,2,2,3,1,30,9
2537,901409,428553,427758,1,5,03/11/2009,2215,3,2,4,2,2,3,1,25,9
2538,901409,428553,427758,1,5,03/11/2009,2215,3,2,4,2,2,3,1,21,9
2539,902509,438955,426120,2,1,03/11/2009,1713,4,2,4,2,3,3,1,36,19
2540,904609,429596,432090,4,3,03/11/2009,1023,1,2,1,2,2,3,2,57,9
2541,904609,429596,432090,4,3,03/11/2009,1023,1,2,1,2,2,3,2,47,9
2542,904609,429596,432090,4,3,03/11/2009,1023,1,2,1,2,1,3,1,46,19
2543,904709,424691,427748,1,1,03/11/2009,1005,1,2,1,5,1,3,1,22,9
2544,917609,427162,432253,2,1,03/11/2009,1830,6,1,4,1,1,3,1,19,9
2545,920009,441743,444178,9,5,03/11/2009,1650,2,2,6,2,1,3,1,38,9
2546,920009,441743,444178,9,5,03/11/2009,1650,2,2,6,2,1,3,2,38,9
2547,920009,441743,444178,9,5,03/11/2009,1650,2,2,6,2,1,3,1,42,9
2548,920009,441743,444178,9,5,03/11/2009,1650,2,2,6,2,1,3,1,30,9
2549,920009,441743,444178,9,5,03/11/2009,1650,2,2,6,2,1,3,1,19,9
2550,931609,434677,438099,2,1,03/11/2009,720,3,2,4,2,1,3,1,30,9
2551,903709,428763,433286,2,3,04/11/2009,1010,6,1,1,1,1,3,1,32,19
2552,903709,428763,433286,2,3,04/11/2009,1010,6,1,1,1,2,3,1,22,19
2553,903709,428763,433286,2,3,04/11/2009,1010,6,1,1,1,2,3,2,45,11
2554,909409,432162,432913,2,1,04/11/2009,1715,6,2,4,2,1,3,2,32,9
2555,909509,432775,435937,3,1,04/11/2009,2015,3,2,4,2,2,3,2,26,9
2556,912909,424137,430431,2,2,04/11/2009,2150,3,2,4,1,1,3,1,42,8
2557,912909,424137,430431,2,2,04/11/2009,2150,3,2,4,1,1,3,1,26,9
2558,925909,431088,434206,5,2,04/11/2009,1130,6,1,1,1,1,3,1,76,9
2559,925909,431088,434206,5,2,04/11/2009,1130,6,1,1,1,1,3,1,43,9
2560,930509,428824,435226,3,3,04/11/2009,933,6,2,1,2,1,3,2,21,9
2561,930509,428824,435226,3,3,04/11/2009,933,6,2,1,2,1,3,1,37,9
2562,930509,428824,435226,3,3,04/11/2009,933,6,2,1,2,2,3,2,17,9
2563,935009,424995,426933,2,1,04/11/2009,1700,1,1,7,1,1,3,1,43,9
2564,971909,430079,433879,1,1,04/11/2009,730,6,1,1,1,2,3,2,43,11
2565,902209,424469,433641,2,2,05/11/2009,1510,4,2,1,2,1,3,1,44,9
2566,902209,424469,433641,2,2,05/11/2009,1510,4,2,1,2,2,3,1,24,9
2567,908909,423185,434298,1,1,05/11/2009,1935,6,2,4,2,1,3,1,18,9
2568,909009,425987,427348,1,1,05/11/2009,837,4,2,1,1,3,3,2,11,9
2569,911409,429695,433797,1,1,05/11/2009,1705,6,2,7,2,3,3,1,35,9
2570,913209,436052,444475,1,1,05/11/2009,925,6,2,1,1,2,3,1,71,11
2571,913709,432094,438849,1,1,05/11/2009,2230,6,2,4,1,3,3,1,20,9
2572,914209,431574,435200,2,1,05/11/2009,1130,3,2,1,1,1,3,1,33,1
2573,915409,428908,433712,2,1,05/11/2009,1825,3,2,4,1,1,3,1,35,1
2574,916409,428955,435470,2,1,05/11/2009,1740,3,2,4,1,1,3,2,20,3