Col.Number,Reference.Number,Easting,Northing,Number.of.Vehicles,Number.of.Casualties,Accident.Date,Time..24hr.,X1st.Road.Class,Road.Surface,Lighting.Conditions,Weather.Conditions,Casualty.Class,Casualty.Severity,Sex.of.Casualty,Age.of.Casualty,Type.of.Vehicle
2575,916709,442879,435298,2,1,05/11/2009,2125,4,2,6,2,1,3,2,36,9
2576,917109,431507,445771,2,1,05/11/2009,1400,3,1,1,1,1,3,1,26,19
2577,927709,422212,436736,3,4,05/11/2009,1230,3,2,1,1,1,3,2,51,9
2578,927709,422212,436736,3,4,05/11/2009,1230,3,2,1,1,1,3,1,81,9
2579,927709,422212,436736,3,4,05/11/2009,1230,3,2,1,1,1,3,1,42,9
2580,927709,422212,436736,3,4,05/11/2009,1230,3,2,1,1,2,3,2,77,9
2581,932609,432379,433665,2,1,05/11/2009,1500,6,2,1,1,2,3,2,30,9
2582,953209,432530,434887,2,2,05/11/2009,1959,6,2,4,1,1,3,2,40,9
2583,953209,432530,434887,2,2,05/11/2009,1959,6,2,4,1,2,3,2,62,9
2584,907209,425521,434273,2,3,06/11/2009,2000,3,2,4,1,1,3,2,52,9
2585,907209,425521,434273,2,3,06/11/2009,2000,3,2,4,1,2,3,2,9,9
2586,907209,425521,434273,2,3,06/11/2009,2000,3,2,4,1,2,3,2,7,9
2587,907909,430372,434047,1,2,06/11/2009,537,3,1,4,1,1,2,1,22,9
2588,907909,430372,434047,1,2,06/11/2009,537,3,1,4,1,2,3,2,32,9
2589,908509,429390,434941,2,1,06/11/2009,830,3,1,1,1,1,3,1,43,5
2590,910409,437528,433178,1,1,06/11/2009,1930,3,2,4,1,1,3,1,77,9
2591,910609,433010,437091,2,2,06/11/2009,2022,6,2,7,1,2,3,1,17,9
2592,910609,433010,437091,2,2,06/11/2009,2022,6,2,7,1,2,3,1,19,9
2593,916809,429651,432927,2,1,06/11/2009,1720,6,2,4,2,1,3,1,30,1
2594,917009,431167,434976,2,1,06/11/2009,2350,6,2,4,2,1,3,1,27,9
2595,922109,432921,425962,4,2,06/11/2009,1725,1,2,4,1,1,3,2,25,9
2596,922109,432921,425962,4,2,06/11/2009,1725,1,2,4,1,1,3,2,25,9
2597,922509,430794,424479,1,1,06/11/2009,2300,1,2,4,2,1,3,2,19,9
2598,938609,430483,437059,1,1,06/11/2009,1440,6,1,1,1,3,3,1,19,9
2599,961109,428904,440776,1,2,06/11/2009,330,6,1,4,1,2,3,1,21,8
2600,961109,428904,440776,1,2,06/11/2009,330,6,1,4,1,2,2,1,19,8
2601,988209,429143,435247,3,3,06/11/2009,840,3,2,1,2,1,3,1,45,9
2602,988209,429143,435247,3,3,06/11/2009,840,3,2,1,2,1,3,1,22,9
2603,988209,429143,435247,3,3,06/11/2009,840,3,2,1,2,2,3,2,29,9
2604,913809,443265,432762,1,1,07/11/2009,2115,6,1,5,1,1,2,1,32,9
2605,914809,426289,435587,2,2,07/11/2009,1640,4,1,1,1,1,3,2,18,9
2606,914809,426289,435587,2,2,07/11/2009,1640,4,1,1,1,2,3,2,53,9
2607,916009,430895,427041,1,1,07/11/2009,1615,3,1,1,1,3,2,2,11,9
2608,918909,431208,431499,1,1,07/11/2009,1405,6,1,1,1,2,3,2,20,11
2609,927809,426127,435591,2,1,07/11/2009,2000,4,2,4,2,2,3,2,23,9
2610,936309,430964,440115,2,1,07/11/2009,1235,3,1,1,1,1,3,2,62,9
2611,915709,426182,433060,2,2,08/11/2009,1520,4,1,1,1,1,3,2,56,9
2612,915709,426182,433060,2,2,08/11/2009,1520,4,1,1,1,1,3,1,33,9
2613,919209,427570,436880,2,1,08/11/2009,1535,3,2,1,1,1,2,1,42,1
2614,923309,432269,426313,1,1,08/11/2009,1445,1,1,1,1,1,3,1,21,9
2615,932109,434482,438257,2,1,08/11/2009,1800,3,2,4,1,1,3,1,21,9
2616,933109,420560,437108,1,1,08/11/2009,1705,3,2,7,1,2,2,1,26,9
2617,936009,427656,436650,2,1,08/11/2009,2310,3,2,4,1,1,2,2,28,9
2618,921909,437049,435614,2,1,09/11/2009,1400,6,1,1,1,1,3,1,30,1
2619,922609,429751,423980,1,2,09/11/2009,1500,6,2,1,1,2,3,1,17,9
2620,922609,429751,423980,1,2,09/11/2009,1500,6,2,1,1,1,3,2,19,9
2621,928009,430376,433494,1,1,09/11/2009,1144,6,1,1,1,2,3,2,33,10
2622,928109,427908,434076,2,1,09/11/2009,915,6,2,1,1,1,3,2,19,9
2623,935809,428047,432832,3,2,09/11/2009,1705,6,1,4,1,1,3,2,39,9
2624,935809,428047,432832,3,2,09/11/2009,1705,6,1,4,1,1,3,1,24,9
2625,932409,423847,434261,2,1,10/11/2009,1830,6,2,4,8,1,3,1,21,9
2626,935609,429586,434806,2,1,10/11/2009,810,3,2,1,2,1,3,1,24,1
2627,936609,424358,435306,1,2,10/11/2009,1230,3,1,1,1,2,3,2,32,11
2628,936609,424358,435306,1,2,10/11/2009,1230,3,1,1,1,2,3,2,39,11
2629,937809,435440,434941,1,1,10/11/2009,2110,3,1,4,1,3,3,1,17,9
2630,938009,428625,440691,2,1,10/11/2009,1615,6,1,4,1,1,3,2,60,9
2631,940009,428008,435411,1,3,10/11/2009,1035,6,1,1,1,2,3,1,12,11
2632,940009,428008,435411,1,3,10/11/2009,1035,6,1,1,1,2,3,1,35,11
2633,940009,428008,435411,1,3,10/11/2009,1035,6,1,1,1,2,3,2,12,11
2634,945109,428097,430025,2,1,10/11/2009,1955,3,2,4,1,1,3,1,26,1
2635,957809,431792,426347,3,2,10/11/2009,1802,1,1,4,1,1,3,1,35,9
2636,957809,431792,426347,3,2,10/11/2009,1802,1,1,4,1,1,3,2,38,9
2637,1014709,427595,436960,2,1,10/11/2009,2250,6,1,4,1,1,3,1,38,11
2638,933009,425961,434774,2,1,11/11/2009,1445,6,2,1,1,1,3,1,74,9
2639,937509,431791,432050,2,2,11/11/2009,1320,6,2,1,1,2,2,2,29,9
2640,937509,431791,432050,2,2,11/11/2009,1320,6,2,1,1,1,3,1,29,9
2641,937609,429325,431939,1,1,11/11/2009,1613,1,1,4,1,1,2,1,25,8
2642,938109,432434,435790,1,1,11/11/2009,1634,3,1,4,1,3,3,1,19,9
2643,957409,423992,427979,4,1,11/11/2009,1630,1,2,7,8,1,3,2,36,9
2644,935409,430066,433793,1,1,12/11/2009,1850,6,2,4,2,3,3,2,21,8
2645,938309,428616,427857,2,1,12/11/2009,1625,3,2,7,2,1,3,2,35,9
2646,940809,417636,443156,2,2,12/11/2009,1330,6,1,1,1,1,3,1,39,9
2647,940809,417636,443156,2,2,12/11/2009,1330,6,1,1,1,2,3,2,41,9
2648,947509,429579,439232,1,1,12/11/2009,1647,6,2,4,2,3,3,2,20,9
2649,1450709,420763,445685,1,1,12/11/2009,1720,3,2,4,2,3,1,2,52,9
2650,936209,426867,436006,3,2,13/11/2009,850,6,2,1,1,1,3,2,23,9
2651,936209,426867,436006,3,2,13/11/2009,850,6,2,1,1,1,3,1,57,9
2652,938209,429440,433447,1,1,13/11/2009,1730,6,2,4,2,3,3,2,22,8
2653,938409,430067,433797,1,1,13/11/2009,2030,6,2,4,5,3,3,1,22,9
2654,941009,439668,426126,2,2,13/11/2009,2125,6,2,5,8,1,3,1,57,9
2655,941009,439668,426126,2,2,13/11/2009,2125,6,2,5,8,2,3,2,42,9
2656,942009,428147,426239,3,1,13/11/2009,1650,3,2,4,1,1,3,1,30,9
2657,942609,430304,433064,2,1,13/11/2009,1750,6,2,4,5,1,3,2,24,9
2658,943409,429963,436654,3,1,13/11/2009,805,3,1,1,1,1,3,1,48,9
2659,945209,424750,434071,2,1,13/11/2009,1000,3,1,1,1,1,3,1,39,9
2660,959609,428907,435508,2,1,13/11/2009,1905,3,1,7,1,1,2,1,20,1
2661,965409,420289,445365,1,1,13/11/2009,1811,6,2,4,2,3,3,1,27,9
2662,1031809,428746,434431,1,1,13/11/2009,2030,6,2,4,1,3,2,1,45,8
2663,936909,419573,446274,1,2,14/11/2009,1110,6,1,1,1,1,3,1,40,9
2664,936909,419573,446274,1,2,14/11/2009,1110,6,1,1,1,2,3,2,67,9
2665,937209,427232,434728,2,1,14/11/2009,1110,3,1,1,1,1,3,2,29,1
2666,945309,425955,434938,1,1,14/11/2009,1750,6,2,4,8,3,3,2,12,9
2667,951609,432445,433798,1,1,14/11/2009,1900,6,1,4,1,3,3,1,38,9
2668,951809,440352,432326,2,2,14/11/2009,2315,3,1,4,1,1,3,2,21,9
2669,951809,440352,432326,2,2,14/11/2009,2315,3,1,4,1,2,3,2,24,9
2670,952109,432961,439237,2,1,14/11/2009,1855,3,2,4,1,1,3,2,67,9
2671,1095209,424178,434160,1,1,14/11/2009,1730,6,2,4,1,3,2,2,50,9
2672,944309,426331,433992,2,1,15/11/2009,1525,3,1,1,1,1,3,1,27,8
2673,951909,431085,434206,2,1,15/11/2009,1430,6,2,1,1,1,3,1,16,2
2674,952609,442412,434477,1,1,15/11/2009,1217,1,2,1,1,1,3,1,24,5
2675,956309,433425,432957,1,1,15/11/2009,1420,6,1,1,1,1,3,1,16,9
2676,964309,426174,439074,1,3,15/11/2009,500,6,2,4,2,1,3,2,20,9
2677,964309,426174,439074,1,3,15/11/2009,500,6,2,4,2,2,3,2,20,9
2678,964309,426174,439074,1,3,15/11/2009,500,6,2,4,2,2,3,1,19,9
2679,1094209,422409,433339,1,1,15/11/2009,1910,6,2,4,1,1,3,1,37,19
2680,944009,425946,434671,2,1,16/11/2009,1640,6,2,4,1,1,3,1,24,3
2681,951409,431696,439625,2,1,16/11/2009,1541,6,2,4,2,2,3,1,4,9
2682,952209,425559,439862,1,1,16/11/2009,825,6,2,1,2,3,3,1,11,9
2683,957109,434011,439964,2,1,16/11/2009,830,6,2,1,2,3,2,2,51,9
2684,958809,430867,436261,2,1,16/11/2009,1130,6,2,1,1,1,3,2,45,9
2685,959209,429680,432126,4,2,16/11/2009,908,1,2,1,2,1,3,2,25,9
2686,959209,429680,432126,4,2,16/11/2009,908,1,2,1,2,1,3,1,38,9
2687,957209,427861,436236,1,1,17/11/2009,1140,6,1,1,1,3,3,1,49,9
2688,957609,434064,435140,3,1,17/11/2009,836,6,2,1,1,1,3,2,23,9
2689,957709,431528,434299,2,1,17/11/2009,1352,6,2,1,1,2,3,2,41,9
2690,960209,424479,438084,1,1,17/11/2009,2012,6,2,4,5,2,3,1,50,11
2691,961709,431419,434084,2,1,17/11/2009,1722,6,1,7,1,1,3,1,42,3
2692,961809,436184,434367,2,1,17/11/2009,1935,3,2,4,2,1,3,1,51,9
2693,961909,433793,433978,3,1,17/11/2009,1510,6,2,1,1,1,2,1,22,3
2694,962609,420385,434150,2,1,17/11/2009,1637,4,2,4,5,1,3,2,31,9
2695,967109,428695,434958,1,1,17/11/2009,2310,6,2,4,2,3,2,1,20,8
2696,970709,424950,427657,2,1,17/11/2009,230,3,2,4,4,1,3,1,26,3
2697,973409,432922,434301,1,1,17/11/2009,1900,6,1,4,1,2,3,2,28,9
2698,996409,442308,442928,2,2,17/11/2009,1940,6,2,6,2,1,3,1,36,9
2699,996409,442308,442928,2,2,17/11/2009,1940,6,2,6,2,1,3,2,53,9
2700,996909,432513,438022,2,1,17/11/2009,2120,6,2,4,2,2,3,2,18,9
2701,956809,427654,431071,2,1,18/11/2009,1020,1,2,1,2,2,3,2,30,9
2702,957909,435490,433845,1,1,18/11/2009,817,6,2,1,2,3,3,2,11,9
2703,959809,433103,434037,2,1,18/11/2009,1330,6,2,1,5,1,3,2,32,9
2704,959909,433180,434013,1,1,18/11/2009,741,3,1,1,1,2,3,2,44,11
2705,967009,426328,438468,1,1,18/11/2009,850,6,1,1,1,3,3,1,7,9
2706,967509,428864,432340,2,2,18/11/2009,2245,6,2,4,1,1,3,1,30,9
2707,967509,428864,432340,2,2,18/11/2009,2245,6,2,4,1,2,3,1,25,9
2708,970609,433903,434111,2,1,18/11/2009,1719,3,1,4,1,1,3,1,44,1
2709,972909,431965,435830,1,1,18/11/2009,1313,3,2,1,2,3,2,2,53,19
2710,975509,425925,428303,2,1,18/11/2009,1740,4,2,4,4,1,3,1,43,9
2711,975609,432245,430944,2,1,18/11/2009,1620,4,2,4,2,1,3,1,61,3
2712,964609,429026,432290,2,1,19/11/2009,1140,6,1,1,1,1,3,1,59,9
2713,972109,440500,446308,4,2,19/11/2009,630,2,1,6,4,1,3,1,17,9
2714,972109,440500,446308,4,2,19/11/2009,630,2,1,6,4,1,3,1,53,19
2715,972509,430030,434055,1,1,19/11/2009,1800,6,1,4,1,3,3,1,34,9
2716,972609,430036,435546,2,1,19/11/2009,1830,6,1,7,1,1,3,1,30,9
2717,976309,429407,433914,2,1,19/11/2009,1405,2,1,1,4,1,3,2,36,9
2718,967809,429486,437234,2,2,20/11/2009,1350,6,2,1,1,1,3,2,38,9
2719,967809,429486,437234,2,2,20/11/2009,1350,6,2,1,1,1,3,2,70,9
2720,971609,433031,437105,2,1,20/11/2009,900,6,2,1,1,1,3,1,55,1
2721,971809,431419,434080,2,1,20/11/2009,1420,6,1,1,1,1,3,2,43,9
2722,972809,434896,433450,2,1,20/11/2009,2059,6,2,4,1,1,3,1,22,9
2723,973509,424669,434438,2,1,20/11/2009,1345,6,2,1,1,2,3,2,65,11
2724,974809,431583,426811,2,1,20/11/2009,1825,3,2,7,1,1,3,1,39,9
2725,976009,430535,433293,2,1,20/11/2009,1715,6,1,7,1,1,3,1,30,4
2726,987209,422003,433104,2,1,20/11/2009,1534,4,1,1,1,1,3,2,16,9
2727,992609,427833,436514,2,1,20/11/2009,1705,4,2,4,1,1,2,1,43,1
2728,971109,428978,435454,1,2,21/11/2009,1900,3,2,4,1,1,3,1,37,5
2729,971109,428978,435454,1,2,21/11/2009,1900,3,2,4,1,3,3,2,21,5
2730,974309,431780,434630,1,1,21/11/2009,1602,6,2,4,2,3,2,2,70,9
2731,1000509,432395,434802,2,1,21/11/2009,1517,6,1,1,1,2,3,2,54,11
2732,971209,425946,434676,2,1,22/11/2009,1555,6,2,4,2,1,2,1,45,5
2733,976709,429408,433918,2,4,22/11/2009,1410,6,1,1,1,2,3,2,24,9
2734,976709,429408,433918,2,4,22/11/2009,1410,6,1,1,1,1,3,2,33,9
2735,976709,429408,433918,2,4,22/11/2009,1410,6,1,1,1,2,3,2,38,9
2736,976709,429408,433918,2,4,22/11/2009,1410,6,1,1,1,2,3,1,26,9
2737,980209,424980,426960,3,2,22/11/2009,1735,1,2,4,2,2,3,2,15,9
2738,980209,424980,426960,3,2,22/11/2009,1735,1,2,4,2,2,3,2,15,9
2739,977209,429288,428272,1,1,23/11/2009,800,6,2,1,1,3,3,2,12,8
2740,977509,432064,435960,2,1,23/11/2009,1415,6,1,1,1,1,3,1,60,9
2741,977809,429902,432406,2,1,23/11/2009,145,3,2,4,5,1,3,1,39,8
2742,979209,433474,434050,1,1,23/11/2009,800,3,1,1,1,3,3,1,13,9
2743,985909,430958,435777,2,3,23/11/2009,1946,6,1,4,1,1,3,1,53,9
2744,985909,430958,435777,2,3,23/11/2009,1946,6,1,4,1,2,3,1,19,9
2745,985909,430958,435777,2,3,23/11/2009,1946,6,1,4,1,2,3,2,10,9
2746,981509,424464,438596,2,1,24/11/2009,1730,6,2,4,2,1,3,1,48,9
2747,981909,425578,434240,1,1,24/11/2009,1604,3,2,4,4,3,3,1,13,9
2748,982509,429021,437502,2,1,24/11/2009,915,4,2,1,1,1,3,1,52,9
2749,986709,431364,428350,1,1,24/11/2009,1620,6,1,4,1,3,2,1,11,9
2750,988109,428717,435609,2,1,24/11/2009,1200,3,1,1,1,1,3,2,19,1
2751,992809,430559,435120,2,1,24/11/2009,2230,3,2,4,5,1,3,1,56,9
2752,1081909,440966,431360,1,1,24/11/2009,1350,4,2,1,1,3,3,2,85,9
2753,985609,431803,434276,1,1,25/11/2009,1357,6,2,1,2,2,2,2,69,11
2754,987109,430427,431051,1,2,25/11/2009,1629,1,2,4,1,1,3,1,44,9
2755,987109,430427,431051,1,2,25/11/2009,1629,1,2,4,1,2,3,1,38,9
2756,987809,424690,435265,2,1,25/11/2009,1225,6,1,1,1,1,2,1,25,5
2757,1010409,427894,432917,1,1,25/11/2009,1915,6,2,4,1,3,3,2,52,9
2758,1019409,429711,434546,3,1,25/11/2009,1550,3,2,4,1,3,3,1,18,9
2759,1051109,431960,438842,2,1,25/11/2009,1208,6,1,1,1,1,3,2,83,9
2760,982109,428840,433981,2,1,26/11/2009,1205,6,2,1,1,2,3,2,60,11
2761,988709,430221,434362,2,2,26/11/2009,145,3,1,4,1,1,3,1,25,9
2762,988709,430221,434362,2,2,26/11/2009,145,3,1,4,1,2,3,1,19,9
2763,993809,431879,435373,2,2,26/11/2009,2245,6,1,4,1,1,3,2,34,9
2764,993809,431879,435373,2,2,26/11/2009,2245,6,1,4,1,2,3,2,13,9
2765,1000709,431208,433709,2,1,26/11/2009,1630,6,1,4,1,1,3,2,25,9
2766,1014009,432752,434842,2,2,26/11/2009,2050,6,2,4,1,2,3,2,22,9
2767,1014009,432752,434842,2,2,26/11/2009,2050,6,2,4,1,2,3,1,18,9
2768,993209,426414,442200,3,3,27/11/2009,918,3,2,1,1,1,3,2,47,9
2769,993209,426414,442200,3,3,27/11/2009,918,3,2,1,1,1,3,2,75,9
2770,993209,426414,442200,3,3,27/11/2009,918,3,2,1,1,2,2,1,12,9
2771,998609,430067,433799,1,1,27/11/2009,911,6,1,1,1,3,3,2,37,11
2772,1004909,433722,436157,1,1,27/11/2009,720,6,2,4,1,3,3,1,56,9
2773,987909,421928,432687,1,1,28/11/2009,1730,6,2,4,2,3,3,1,17,9
2774,991409,427889,436208,1,1,28/11/2009,1550,3,2,1,5,3,3,1,23,8
2775,992909,430319,433900,1,1,28/11/2009,1830,6,2,4,2,2,3,1,27,11
2776,993009,438613,436370,1,4,28/11/2009,1030,6,2,1,1,1,3,1,19,9
2777,993009,438613,436370,1,4,28/11/2009,1030,6,2,1,1,2,3,2,17,9
2778,993009,438613,436370,1,4,28/11/2009,1030,6,2,1,1,2,3,1,19,9
2779,993009,438613,436370,1,4,28/11/2009,1030,6,2,1,1,2,3,2,18,9
2780,996709,443677,432746,1,2,28/11/2009,1730,6,2,5,1,1,3,2,35,9
2781,996709,443677,432746,1,2,28/11/2009,1730,6,2,5,1,2,3,1,42,9
2782,1058809,426839,441373,2,1,28/11/2009,645,3,2,4,7,1,3,1,54,9
2783,990009,431251,441108,1,1,29/11/2009,647,3,2,6,2,1,3,1,21,9
2784,993509,424958,430951,3,1,29/11/2009,1705,3,2,4,2,1,2,1,55,9
2785,997309,431969,437037,2,1,30/11/2009,2040,6,1,4,1,1,3,2,25,9
2786,1010909,427946,436112,2,1,30/11/2009,1545,3,1,1,1,1,3,1,46,1
2787,1011309,414118,442717,1,1,30/11/2009,2200,6,2,6,1,2,3,2,17,9
2788,996609,420180,445517,4,1,01/12/2009,1000,6,2,1,1,1,3,1,80,9
2789,998209,425584,443070,2,1,01/12/2009,800,3,4,1,1,1,3,1,37,1
2790,1001709,427080,429422,2,1,01/12/2009,945,6,1,1,1,2,3,1,8,10
2791,1004609,428934,425980,1,1,01/12/2009,1411,3,2,1,1,1,3,2,25,2
2792,1005509,425529,434172,1,1,01/12/2009,755,6,4,1,1,3,3,1,12,9
2793,1006609,430924,434844,1,1,01/12/2009,1912,6,2,4,2,3,3,1,14,9
2794,1007509,428597,427833,1,1,01/12/2009,710,3,4,7,1,1,2,1,28,3
2795,1009009,433293,436226,2,1,01/12/2009,2145,3,2,4,2,1,3,1,41,9
2796,1009109,435165,434869,1,1,01/12/2009,1659,6,1,7,1,3,3,1,36,9
2797,1009209,431518,429085,2,1,01/12/2009,1750,6,2,4,4,1,3,2,35,9
2798,1004309,429386,433470,2,3,02/12/2009,1220,6,2,1,1,2,3,1,36,9
2799,1004309,429386,433470,2,3,02/12/2009,1220,6,2,1,1,1,3,1,21,9
2800,1004309,429386,433470,2,3,02/12/2009,1220,6,2,1,1,1,3,1,23,9
2801,1005609,429920,436989,1,1,02/12/2009,1625,3,2,4,1,3,3,1,74,9
2802,1005709,432320,435080,2,1,02/12/2009,1340,6,1,1,1,2,3,1,18,9
2803,1008409,430160,433925,2,1,02/12/2009,1640,6,2,4,2,1,3,1,30,9
2804,1008709,432361,433692,2,4,02/12/2009,1933,3,2,4,1,1,3,1,20,9
2805,1008709,432361,433692,2,4,02/12/2009,1933,3,2,4,1,1,3,2,35,9
2806,1008709,432361,433692,2,4,02/12/2009,1933,3,2,4,1,3,3,2,22,9
2807,1008709,432361,433692,2,4,02/12/2009,1933,3,2,4,1,3,3,1,23,9
2808,1019009,428012,431093,2,1,02/12/2009,1745,3,1,4,1,1,3,1,33,9
2809,1022109,443074,440606,2,1,02/12/2009,1500,2,1,1,1,1,3,1,58,9
2810,1025009,429779,430507,2,1,02/12/2009,605,6,2,4,1,1,3,2,37,1
2811,1006909,427410,434992,2,1,03/12/2009,1245,6,1,1,1,3,2,1,19,9
2812,1011009,423004,444618,1,1,03/12/2009,1524,3,2,1,1,1,2,1,20,9
2813,1012409,431725,433633,2,2,03/12/2009,615,3,2,4,1,1,3,2,38,9
2814,1012409,431725,433633,2,2,03/12/2009,615,3,2,4,1,1,3,2,36,9
2815,1022409,424784,432895,2,1,03/12/2009,1130,6,2,1,1,1,3,1,44,9
2816,1024709,427581,431052,2,2,03/12/2009,510,3,2,4,1,1,3,1,28,9
2817,1024709,427581,431052,2,2,03/12/2009,510,3,2,4,1,2,3,1,38,9
2818,1024809,432524,427549,2,2,03/12/2009,2210,3,1,4,1,1,2,1,21,9
2819,1024809,432524,427549,2,2,03/12/2009,2210,3,1,4,1,1,2,1,18,9
2820,1055209,419668,438602,1,4,03/12/2009,150,3,2,4,2,1,3,1,21,9
2821,1055209,419668,438602,1,4,03/12/2009,150,3,2,4,2,2,3,1,22,9
2822,1055209,419668,438602,1,4,03/12/2009,150,3,2,4,2,2,3,2,19,9
2823,1055209,419668,438602,1,4,03/12/2009,150,3,2,4,2,2,3,2,16,9
2824,1066309,431089,433338,1,2,03/12/2009,1505,6,1,1,1,3,2,2,11,11
2825,1066309,431089,433338,1,2,03/12/2009,1505,6,1,1,1,3,3,2,11,11
2826,1012909,431971,435839,2,1,04/12/2009,735,3,2,7,1,1,3,1,28,1
2827,1013309,443058,447463,2,2,04/12/2009,920,6,2,1,1,1,2,2,80,9
2828,1013309,443058,447463,2,2,04/12/2009,920,6,2,1,1,1,3,1,34,9
2829,1014509,434456,433702,2,2,04/12/2009,1705,6,1,4,1,1,3,1,60,9
2830,1014509,434456,433702,2,2,04/12/2009,1705,6,1,4,1,1,3,1,35,8
2831,1014809,435898,436416,1,1,04/12/2009,1041,3,1,1,1,3,3,2,42,9
2832,1016909,430379,433503,1,1,04/12/2009,1126,6,1,1,1,3,3,2,50,11
2833,1017509,435915,425857,2,2,04/12/2009,1015,1,1,1,1,1,3,1,39,9
2834,1017509,435915,425857,2,2,04/12/2009,1015,1,1,1,1,2,3,2,28,9
2835,1024409,423036,435904,2,1,04/12/2009,1411,3,1,1,1,1,3,2,39,9
2836,1015709,420842,434703,2,1,05/12/2009,1030,3,1,1,1,2,3,1,13,9
2837,1016409,429595,434699,1,1,05/12/2009,1654,3,2,4,2,3,3,1,59,9
2838,1016609,430774,433446,1,1,05/12/2009,1250,3,1,1,1,2,3,1,60,11
2839,1017009,430871,434252,2,3,05/12/2009,730,3,2,4,2,1,3,1,45,9
2840,1017009,430871,434252,2,3,05/12/2009,730,3,2,4,2,2,2,2,22,9
2841,1017009,430871,434252,2,3,05/12/2009,730,3,2,4,2,2,3,2,21,9
2842,1017409,424156,428205,2,3,05/12/2009,2020,3,2,4,2,1,3,2,50,9
2843,1017409,424156,428205,2,3,05/12/2009,2020,3,2,4,2,2,3,1,63,9
2844,1017409,424156,428205,2,3,05/12/2009,2020,3,2,4,2,2,3,1,56,9
2845,1023109,429354,434966,2,1,05/12/2009,40,3,2,4,1,1,3,1,19,9
2846,1024609,430085,431195,1,1,05/12/2009,1732,3,2,4,2,3,3,2,44,9
2847,1025209,425627,426883,1,1,05/12/2009,100,3,2,7,2,3,3,1,21,9
2848,1013409,431732,439022,2,1,06/12/2009,1315,6,1,1,1,1,3,2,74,9
2849,1019509,423894,428095,1,1,06/12/2009,1140,1,2,1,1,2,3,2,34,9
2850,1020909,425498,435150,2,5,06/12/2009,1855,6,1,7,1,1,3,1,39,9
2851,1020909,425498,435150,2,5,06/12/2009,1855,6,1,7,1,2,3,2,6,9
2852,1020909,425498,435150,2,5,06/12/2009,1855,6,1,7,1,2,3,2,34,9
2853,1020909,425498,435150,2,5,06/12/2009,1855,6,1,7,1,2,3,2,13,9
2854,1020909,425498,435150,2,5,06/12/2009,1855,6,1,7,1,2,3,2,12,9
2855,1027209,435369,436555,1,1,06/12/2009,1730,6,2,4,1,3,2,2,13,9
2856,1047409,431480,428569,2,1,06/12/2009,1155,6,1,1,1,1,3,2,32,9
2857,1051909,430702,433603,2,1,06/12/2009,230,3,2,4,9,2,3,2,36,8
2858,1058309,427327,437199,2,1,06/12/2009,2000,3,1,4,1,1,3,2,19,9
2859,1025109,432072,431106,2,1,07/12/2009,1750,3,2,4,1,1,3,1,34,5
2860,1025509,431583,426814,2,1,07/12/2009,1600,3,1,1,1,1,3,1,72,9
2861,1025909,443630,436726,9,4,07/12/2009,655,2,2,4,8,1,3,2,39,9
2862,1025909,443630,436726,9,4,07/12/2009,655,2,2,4,8,1,3,1,53,9
2863,1025909,443630,436726,9,4,07/12/2009,655,2,2,4,8,1,3,1,35,9
2864,1025909,443630,436726,9,4,07/12/2009,655,2,2,4,8,2,3,1,41,9
2865,1026409,431086,433547,2,1,07/12/2009,1520,3,1,1,1,1,3,2,58,9
2866,1027009,430884,436397,3,2,07/12/2009,1815,6,2,4,1,1,3,1,47,9
2867,1027009,430884,436397,3,2,07/12/2009,1815,6,2,4,1,1,3,2,20,9
2868,1039409,427590,431029,2,1,08/12/2009,700,1,2,4,1,1,3,2,36,9
2869,1048009,430445,424201,2,1,08/12/2009,1725,1,1,6,1,1,3,2,25,9
2870,1110209,430172,438251,1,1,08/12/2009,2045,3,2,4,1,1,3,1,75,9
2871,1027309,429737,430547,1,1,09/12/2009,750,3,2,1,1,3,2,2,12,9
2872,1028709,425245,434985,2,1,09/12/2009,720,6,2,4,1,1,3,1,16,2
2873,1029209,430780,438443,2,1,09/12/2009,1510,6,2,1,1,1,3,2,42,9
2874,1031109,429819,426400,2,1,09/12/2009,1515,1,1,1,1,1,3,2,42,9
2875,1033609,429920,426399,3,2,09/12/2009,1625,1,1,4,1,1,3,1,35,9
2876,1033609,429920,426399,3,2,09/12/2009,1625,1,1,4,1,1,3,1,46,9
2877,1034809,430253,433910,1,1,09/12/2009,1837,6,1,4,1,2,3,1,25,11
2878,1039609,431993,428408,2,1,09/12/2009,944,1,1,1,1,1,3,1,22,9
2879,1045209,431493,433966,3,4,09/12/2009,1553,6,2,4,1,1,3,1,25,9
2880,1045209,431493,433966,3,4,09/12/2009,1553,6,2,4,1,1,3,1,36,9
2881,1045209,431493,433966,3,4,09/12/2009,1553,6,2,4,1,2,3,2,34,8
2882,1045209,431493,433966,3,4,09/12/2009,1553,6,2,4,1,2,3,2,26,9
2883,1045309,432213,435172,1,1,09/12/2009,1900,4,2,4,1,3,3,2,16,9
2884,1046009,429237,433166,2,1,09/12/2009,745,6,1,1,1,1,2,1,38,5
2885,1049209,441062,449169,2,2,09/12/2009,1230,3,2,1,1,1,2,1,54,9
2886,1049209,441062,449169,2,2,09/12/2009,1230,3,2,1,1,1,2,2,57,9
2887,1057709,425254,433565,1,1,09/12/2009,1945,6,2,4,1,3,2,2,18,9
2888,1060809,422641,435004,1,1,09/12/2009,2301,6,2,4,2,1,2,2,20,9
2889,1031609,428433,434999,2,1,10/12/2009,1210,6,2,1,1,1,3,1,19,1
2890,1046209,429635,433801,1,1,10/12/2009,1215,6,1,1,1,3,2,2,16,9
2891,1048209,434440,428265,1,1,10/12/2009,2015,6,1,7,1,3,3,2,17,9
2892,1049509,432243,429048,2,1,10/12/2009,1725,1,1,4,1,1,3,1,49,9