Col.Number,Reference.Number,Easting,Northing,Number.of.Vehicles,Number.of.Casualties,Accident.Date,Time..24hr.,X1st.Road.Class,Road.Surface,Lighting.Conditions,Weather.Conditions,Casualty.Class,Casualty.Severity,Sex.of.Casualty,Age.of.Casualty,Type.of.Vehicle
2893,1049809,430876,434248,2,1,10/12/2009,1600,3,1,4,1,1,3,1,45,3
2894,1063809,436200,436852,1,1,10/12/2009,1945,6,1,4,1,3,3,1,77,9
2895,1033309,436066,436898,1,1,11/12/2009,1230,6,2,1,1,2,3,2,72,11
2896,1033409,427896,434623,1,1,11/12/2009,1635,6,2,4,1,3,3,1,18,9
2897,1037109,427552,426319,5,1,11/12/2009,2025,1,2,4,8,2,3,2,21,9
2898,1038409,424780,434832,2,1,11/12/2009,910,3,2,1,1,1,3,2,43,9
2899,1042109,422667,432357,1,1,11/12/2009,1004,6,2,1,1,1,3,1,49,19
2900,1047109,430084,435429,1,1,11/12/2009,1657,6,2,4,1,3,3,1,24,8
2901,1053209,431983,435796,2,1,11/12/2009,2200,4,1,4,1,1,3,1,23,3
2902,1060209,441573,434639,14,6,11/12/2009,1845,1,2,6,7,1,3,1,27,9
2903,1060209,441573,434639,14,6,11/12/2009,1845,1,2,6,7,1,3,1,39,9
2904,1060209,441573,434639,14,6,11/12/2009,1845,1,2,6,7,1,3,1,33,9
2905,1060209,441573,434639,14,6,11/12/2009,1845,1,2,6,7,2,3,2,27,9
2906,1060209,441573,434639,14,6,11/12/2009,1845,1,2,6,7,2,3,2,37,9
2907,1060209,441573,434639,14,6,11/12/2009,1845,1,2,6,7,2,3,2,35,9
2908,1068409,432663,436931,1,2,11/12/2009,1550,6,2,1,1,1,3,2,45,9
2909,1068409,432663,436931,1,2,11/12/2009,1550,6,2,1,1,2,3,1,48,9
2910,1034709,426918,439555,3,2,12/12/2009,1826,3,2,4,1,1,3,2,28,9
2911,1034709,426918,439555,3,2,12/12/2009,1826,3,2,4,1,2,3,2,51,9
2912,1035209,430191,434345,2,2,12/12/2009,1505,2,1,1,1,2,3,1,60,9
2913,1035209,430191,434345,2,2,12/12/2009,1505,2,1,1,1,2,3,1,53,9
2914,1040809,426431,427675,1,1,12/12/2009,1208,6,2,1,1,3,3,1,33,9
2915,1041709,424948,436736,1,1,12/12/2009,1756,3,2,4,1,1,3,1,27,9
2916,1044909,430263,426183,2,1,12/12/2009,30,6,1,7,1,1,3,1,31,8
2917,1046509,434603,434479,1,1,12/12/2009,1759,3,1,4,1,3,2,2,34,9
2918,1052709,443314,438991,3,2,12/12/2009,1333,2,1,1,1,1,3,1,45,9
2919,1052709,443314,438991,3,2,12/12/2009,1333,2,1,1,1,2,3,2,39,9
2920,1059609,442973,434563,2,2,12/12/2009,1428,1,1,1,1,2,3,2,36,9
2921,1059609,442973,434563,2,2,12/12/2009,1428,1,1,1,1,2,3,2,7,9
2922,1065209,439677,448617,1,1,12/12/2009,907,3,2,1,1,1,3,2,82,9
2923,1039809,427806,425853,2,1,13/12/2009,1605,3,2,1,1,1,3,2,36,9
2924,1047009,430450,433359,1,2,13/12/2009,300,6,1,4,1,3,3,2,25,9
2925,1047009,430450,433359,1,2,13/12/2009,300,6,1,4,1,3,3,2,23,9
2926,1047809,438162,431743,2,4,13/12/2009,1150,6,2,1,1,1,3,1,58,11
2927,1047809,438162,431743,2,4,13/12/2009,1150,6,2,1,1,2,3,2,67,11
2928,1047809,438162,431743,2,4,13/12/2009,1150,6,2,1,1,2,3,1,54,11
2929,1047809,438162,431743,2,4,13/12/2009,1150,6,2,1,1,2,3,2,45,11
2930,1055109,430650,434661,2,1,13/12/2009,1100,3,1,1,1,2,3,2,25,9
2931,1058709,433105,433476,2,1,13/12/2009,2100,6,1,4,1,1,3,2,27,9
2932,1064009,436125,436914,1,1,13/12/2009,2145,6,1,4,1,3,2,1,61,9
2933,1451509,432596,428266,2,1,13/12/2009,1815,3,2,4,1,3,1,1,26,9
2934,1043709,427705,434717,2,4,14/12/2009,2120,6,2,4,2,1,3,2,18,9
2935,1043709,427705,434717,2,4,14/12/2009,2120,6,2,4,2,1,3,1,18,9
2936,1043709,427705,434717,2,4,14/12/2009,2120,6,2,4,2,2,3,1,18,9
2937,1043709,427705,434717,2,4,14/12/2009,2120,6,2,4,2,2,3,1,19,9
2938,1046109,440676,428783,2,1,14/12/2009,140,6,2,4,1,1,2,1,18,3
2939,1046609,428526,434276,2,1,14/12/2009,1955,6,2,4,2,1,3,1,21,1
2940,1046909,436362,434698,2,2,14/12/2009,1105,6,1,1,1,1,3,1,35,9
2941,1046909,436362,434698,2,2,14/12/2009,1105,6,1,1,1,2,3,2,31,9
2942,1051309,436154,434714,3,1,14/12/2009,1755,3,2,4,2,1,3,2,34,9
2943,1056009,429232,435447,2,1,14/12/2009,1006,6,1,1,1,1,3,1,19,9
2944,1063309,439063,439209,2,1,14/12/2009,815,3,2,1,1,1,3,1,39,9
2945,1065609,429740,433414,2,1,14/12/2009,1800,6,2,4,1,1,3,2,39,9
2946,1069109,424565,428027,1,1,14/12/2009,1620,3,2,1,2,3,3,2,15,9
2947,1059709,424579,435154,2,1,15/12/2009,2130,3,2,4,8,1,3,1,30,9
2948,1064709,436209,436845,3,1,15/12/2009,1810,3,2,4,1,1,3,1,49,9
2949,1067909,437321,429489,3,2,15/12/2009,1520,3,2,1,1,1,3,1,54,9
2950,1067909,437321,429489,3,2,15/12/2009,1520,3,2,1,1,1,3,1,44,9
2951,1055309,428808,433297,3,2,16/12/2009,1215,3,2,1,2,1,3,2,43,9
2952,1055309,428808,433297,3,2,16/12/2009,1215,3,2,1,2,2,3,1,80,9
2953,1058009,429102,432189,2,1,16/12/2009,2130,6,2,4,1,1,3,1,25,9
2954,1062009,427830,430580,1,1,16/12/2009,1727,3,2,4,2,3,3,2,17,9
2955,1068809,431180,434718,3,3,16/12/2009,1250,6,2,1,2,1,3,2,30,9
2956,1068809,431180,434718,3,3,16/12/2009,1250,6,2,1,2,1,3,1,18,19
2957,1068809,431180,434718,3,3,16/12/2009,1250,6,2,1,2,2,3,1,31,19
2958,1069009,431803,435827,2,1,16/12/2009,1855,6,2,4,1,1,3,2,32,9
2959,1069809,436577,435721,2,2,16/12/2009,1220,6,1,1,1,1,3,1,20,9
2960,1069809,436577,435721,2,2,16/12/2009,1220,6,1,1,1,2,3,2,21,9
2961,1082209,434643,437505,2,3,16/12/2009,2031,3,2,4,2,1,3,2,39,9
2962,1082209,434643,437505,2,3,16/12/2009,2031,3,2,4,2,2,3,1,39,9
2963,1082209,434643,437505,2,3,16/12/2009,2031,3,2,4,2,2,3,1,19,9
2964,1089409,427198,431818,2,1,16/12/2009,800,3,2,1,7,1,3,1,30,9
2965,1057809,429653,439140,1,1,17/12/2009,1205,6,1,1,1,2,3,2,23,11
2966,1063609,429907,432147,4,2,17/12/2009,1715,1,2,4,1,1,3,1,53,9
2967,1063609,429907,432147,4,2,17/12/2009,1715,1,2,4,1,1,3,2,31,9
2968,1066409,441484,430774,1,1,17/12/2009,1155,6,1,1,1,3,3,1,73,9
2969,1066509,429058,433891,2,1,17/12/2009,1630,6,2,4,6,2,3,2,62,9
2970,1083409,428381,432673,1,1,17/12/2009,1640,6,1,7,1,3,3,2,50,9
2971,1451609,427549,430500,1,1,17/12/2009,1406,6,2,1,1,3,1,2,91,9
2972,1049909,430214,435117,3,1,18/12/2009,925,6,3,1,3,1,3,2,27,9
2973,1057209,431300,429109,1,1,18/12/2009,1840,6,3,4,1,2,3,1,66,11
2974,1057609,424291,433955,1,1,18/12/2009,1200,3,3,1,1,1,3,1,28,9
2975,1057909,436513,428366,2,1,18/12/2009,633,6,4,6,1,1,3,1,62,9
2976,1059909,420799,436997,3,1,18/12/2009,1210,6,3,1,3,3,2,2,61,9
2977,1064109,431432,431600,2,1,18/12/2009,1100,3,3,1,3,3,3,1,18,9
2978,1064409,432701,434958,2,1,18/12/2009,2245,6,3,4,3,2,3,2,54,11
2979,1066209,431347,437166,2,2,18/12/2009,850,6,3,1,3,1,3,2,38,9
2980,1066209,431347,437166,2,2,18/12/2009,850,6,3,1,3,1,3,2,46,10
2981,1066609,429151,433513,1,1,18/12/2009,1630,6,4,4,1,3,3,1,41,9
2982,1067709,429280,433494,2,1,18/12/2009,1740,6,2,4,1,1,3,1,43,9
2983,1069409,432164,434821,2,2,18/12/2009,1107,6,4,1,3,2,3,2,15,9
2984,1069409,432164,434821,2,2,18/12/2009,1107,6,4,1,3,2,3,2,16,9
2985,1072809,426214,437739,2,1,18/12/2009,1240,6,4,1,3,1,3,1,45,19
2986,1072909,426131,427613,2,2,18/12/2009,1205,4,2,1,1,1,3,1,43,9
2987,1072909,426131,427613,2,2,18/12/2009,1205,4,2,1,1,1,3,1,25,9
2988,1074909,437613,425470,5,4,18/12/2009,857,1,2,1,1,1,3,2,50,9
2989,1074909,437613,425470,5,4,18/12/2009,857,1,2,1,1,1,3,1,29,9
2990,1074909,437613,425470,5,4,18/12/2009,857,1,2,1,1,2,3,1,20,9
2991,1074909,437613,425470,5,4,18/12/2009,857,1,2,1,1,2,3,1,20,9
2992,1061309,422872,439315,2,2,19/12/2009,700,6,4,7,1,1,3,1,22,9
2993,1061309,422872,439315,2,2,19/12/2009,700,6,4,7,1,1,3,1,40,11
2994,1067309,431165,434990,2,3,19/12/2009,1530,3,2,1,3,1,3,1,75,9
2995,1067309,431165,434990,2,3,19/12/2009,1530,3,2,1,3,1,3,1,37,9
2996,1067309,431165,434990,2,3,19/12/2009,1530,3,2,1,3,2,3,2,54,9
2997,1079909,440400,449273,2,1,20/12/2009,1030,4,2,1,1,1,3,1,41,1
2998,1071109,425546,435376,2,2,21/12/2009,825,6,4,1,1,1,3,2,29,9
2999,1071109,425546,435376,2,2,21/12/2009,825,6,4,1,1,1,3,1,53,9
3000,1073209,433700,425861,3,5,21/12/2009,1730,1,4,4,1,1,2,1,47,9
3001,1073209,433700,425861,3,5,21/12/2009,1730,1,4,4,1,1,3,2,18,9
3002,1073209,433700,425861,3,5,21/12/2009,1730,1,4,4,1,2,2,2,45,9
3003,1073209,433700,425861,3,5,21/12/2009,1730,1,4,4,1,1,3,1,52,9
3004,1073209,433700,425861,3,5,21/12/2009,1730,1,4,4,1,2,3,2,50,9
3005,1074709,424081,428217,2,1,21/12/2009,1000,3,3,1,8,1,3,1,34,9
3006,1075309,430693,432923,2,1,21/12/2009,1005,6,2,1,1,1,3,1,28,9
3007,1079009,431640,435002,1,1,21/12/2009,2130,6,3,7,3,1,3,1,31,9
3008,1080509,429931,433585,1,1,21/12/2009,1448,6,2,1,1,3,3,1,46,11
3009,1083509,429559,431560,2,2,21/12/2009,2245,6,2,4,1,1,3,1,55,9
3010,1083509,429559,431560,2,2,21/12/2009,2245,6,2,4,1,1,3,1,19,9
3011,1079209,425220,434356,2,1,22/12/2009,845,3,2,1,1,1,3,1,58,9
3012,1085809,424594,428010,2,1,22/12/2009,126,3,3,4,1,1,3,1,62,9
3013,1086309,425171,437850,4,1,23/12/2009,800,3,3,1,8,1,3,2,42,9
3014,1091109,434990,436888,2,2,23/12/2009,1425,6,2,1,1,1,3,2,23,9
3015,1091109,434990,436888,2,2,23/12/2009,1425,6,2,1,1,2,3,2,67,9
3016,1093709,431332,434833,2,1,23/12/2009,2050,6,4,4,3,3,3,1,60,9
3017,1094709,423957,438251,1,1,23/12/2009,1500,6,2,1,1,3,3,2,77,9
3018,1086509,431983,430373,1,1,24/12/2009,702,1,3,4,3,1,3,1,24,9
3019,1093509,441107,432024,1,1,24/12/2009,1715,3,4,4,7,1,3,2,45,9
3020,1094809,440749,434468,1,1,24/12/2009,2346,1,2,6,7,1,2,1,41,9
3021,1095009,426135,437193,1,1,24/12/2009,15,6,3,4,3,1,3,2,36,9
3022,1106909,431007,439223,2,1,24/12/2009,1630,3,3,4,7,1,3,1,21,9
3023,1087009,432363,436360,2,1,25/12/2009,1235,6,4,1,3,1,3,1,53,9
3024,1087409,427609,429941,3,2,25/12/2009,2020,6,4,4,8,3,3,1,39,9
3025,1087409,427609,429941,3,2,25/12/2009,2020,6,4,4,8,3,3,2,34,9
3026,1087909,435143,428614,2,1,25/12/2009,2015,6,4,4,8,3,3,1,44,9
3027,1093909,436304,435058,3,1,25/12/2009,2140,6,4,4,1,3,3,1,37,9
3028,1104409,427309,430777,4,8,25/12/2009,1320,1,1,1,1,1,3,1,35,9
3029,1104409,427309,430777,4,8,25/12/2009,1320,1,1,1,1,2,2,2,30,9
3030,1104409,427309,430777,4,8,25/12/2009,1320,1,1,1,1,2,2,2,10,9
3031,1104409,427309,430777,4,8,25/12/2009,1320,1,1,1,1,2,3,1,9,9
3032,1104409,427309,430777,4,8,25/12/2009,1320,1,1,1,1,2,3,2,4,9
3033,1104409,427309,430777,4,8,25/12/2009,1320,1,1,1,1,2,3,2,9,9
3034,1104409,427309,430777,4,8,25/12/2009,1320,1,1,1,1,2,3,1,54,9
3035,1104409,427309,430777,4,8,25/12/2009,1320,1,1,1,1,1,3,1,39,9
3036,1083209,430688,433690,2,1,26/12/2009,1345,3,2,1,1,2,3,2,12,8
3037,1084809,428213,431202,2,1,26/12/2009,1800,3,1,4,1,1,3,1,34,9
3038,1094109,429320,436083,8,1,26/12/2009,645,6,4,4,8,1,3,1,32,8
3039,1092709,420266,434235,2,2,27/12/2009,1415,3,2,1,1,2,3,2,35,9
3040,1092709,420266,434235,2,2,27/12/2009,1415,3,2,1,1,2,3,1,1,9
3041,1098309,426143,437272,2,2,27/12/2009,45,6,4,4,1,1,2,1,30,9
3042,1098309,426143,437272,2,2,27/12/2009,45,6,4,4,1,2,2,1,34,9
3043,1082909,429798,431075,1,1,28/12/2009,1600,6,4,4,1,3,3,1,16,19
3044,1088509,431447,434162,1,1,28/12/2009,700,6,4,4,1,3,3,2,24,21
3045,1092509,425921,436242,1,2,28/12/2009,2355,3,2,4,1,1,2,1,28,9
3046,1092509,425921,436242,1,2,28/12/2009,2355,3,2,4,1,2,3,2,22,9
3047,1101409,431419,434085,2,1,28/12/2009,1707,6,2,4,1,2,3,2,41,9
3048,1110409,431875,435943,2,1,28/12/2009,1715,4,2,4,1,1,3,1,27,9
3049,1092409,423477,434036,2,2,29/12/2009,2309,6,2,4,2,1,3,1,19,9
3050,1092409,423477,434036,2,2,29/12/2009,2309,6,2,4,2,1,3,1,25,9
3051,1102709,429247,433845,2,1,29/12/2009,2000,6,2,4,2,1,3,1,19,1
3052,1097109,430513,433709,1,1,31/12/2009,1320,6,1,1,1,2,3,2,75,11
3053,1100409,441649,434613,4,1,31/12/2009,639,1,1,7,1,1,3,1,42,9
3054,1101709,438554,433797,1,1,31/12/2009,1139,1,1,1,1,1,3,1,26,9
3055,1103809,433646,435324,2,1,31/12/2009,1914,6,2,4,1,2,3,2,5,9
3056,1107309,425112,436680,2,2,31/12/2009,1330,6,2,1,1,1,3,1,38,9
3057,1107309,425112,436680,2,2,31/12/2009,1330,6,2,1,1,2,3,2,24,9
3058,10BA0000011,430408,437054,2,1,01/01/2010,1650,6,2,4,3,1,3,2,62,9
3059,10BA0000014,435011,436276,2,1,01/01/2010,205,6,2,4,1,2,3,1,36,19
3060,10BA0000037,430429,437764,1,1,01/01/2010,124,6,4,4,1,3,3,2,34,19
3061,10BA0000064,429002,436842,2,1,01/01/2010,550,6,2,4,1,1,3,1,27,9
3062,10CA0000023,429399,433811,2,3,01/01/2010,1825,2,2,4,1,1,3,1,18,9
3063,10CA0000023,429399,433811,2,3,01/01/2010,1825,2,2,4,1,2,3,1,20,9
3064,10CA0000023,429399,433811,2,3,01/01/2010,1825,2,2,4,1,2,3,2,21,9
3065,10CA0000024,432367,427238,1,4,01/01/2010,1715,3,2,4,1,1,3,1,19,9
3066,10CA0000024,432367,427238,1,4,01/01/2010,1715,3,2,4,1,2,3,1,18,9
3067,10CA0000024,432367,427238,1,4,01/01/2010,1715,3,2,4,1,2,3,1,19,9
3068,10CA0000024,432367,427238,1,4,01/01/2010,1715,3,2,4,1,2,3,1,21,9
3069,10CA0000026,430653,434680,2,1,02/01/2010,1730,3,2,4,3,1,3,1,26,9
3070,10CA0000038,428267,426152,2,2,02/01/2010,1820,3,3,4,3,1,3,1,26,9
3071,10CA0000038,428267,426152,2,2,02/01/2010,1820,3,3,4,3,1,3,1,38,9
3072,10BA0000071,435011,436276,2,2,03/01/2010,2020,6,2,4,1,1,3,1,20,9
3073,10BA0000071,435011,436276,2,2,03/01/2010,2020,6,2,4,1,2,3,2,18,9
3074,10CA0000039,428594,427816,1,2,03/01/2010,1155,3,4,1,1,1,3,1,67,9
3075,10CA0000039,428594,427816,1,2,03/01/2010,1155,3,4,1,1,2,3,2,64,9
3076,10CA0000040,428552,427713,1,2,03/01/2010,1015,3,3,1,1,1,3,1,20,9
3077,10CA0000040,428552,427713,1,2,03/01/2010,1015,3,3,1,1,2,3,2,18,9
3078,10CA0000203,424323,427170,2,3,03/01/2010,2243,3,2,4,8,2,3,2,36,9
3079,10CA0000203,424323,427170,2,3,03/01/2010,2243,3,2,4,8,2,3,2,9,9
3080,10CA0000203,424323,427170,2,3,03/01/2010,2243,3,2,4,8,2,3,2,17,9
3081,10AA0000097,424066,439065,2,2,04/01/2010,2045,6,4,4,3,1,3,1,39,9
3082,10AA0000097,424066,439065,2,2,04/01/2010,2045,6,4,4,3,1,3,2,57,9
3083,10AA0000200,429601,434670,2,2,04/01/2010,1330,3,2,1,1,2,3,1,19,9
3084,10AA0000200,429601,434670,2,2,04/01/2010,1330,3,2,1,1,2,3,1,20,9
3085,10BA0000020,428698,436765,3,1,04/01/2010,815,6,4,1,1,1,3,1,35,1
3086,10BA0000162,431287,435025,1,1,04/01/2010,920,3,1,1,1,3,3,2,17,8
3087,10CA0000035,432073,430377,1,1,04/01/2010,1000,3,4,1,1,1,3,2,20,9
3088,10AA0000089,421392,445782,2,2,05/01/2010,926,3,3,1,3,1,3,2,30,9
3089,10AA0000089,421392,445782,2,2,05/01/2010,926,3,3,1,3,1,3,2,46,9
3090,10AA0000116,421491,434043,2,2,05/01/2010,2015,4,3,4,3,1,3,1,30,9
3091,10AA0000116,421491,434043,2,2,05/01/2010,2015,4,3,4,3,1,3,2,33,9
3092,10BA0000140,432062,436085,2,4,06/01/2010,1600,6,4,1,1,1,3,1,19,9
3093,10BA0000140,432062,436085,2,4,06/01/2010,1600,6,4,1,1,2,3,1,4,9
3094,10BA0000140,432062,436085,2,4,06/01/2010,1600,6,4,1,1,2,3,2,20,9
3095,10BA0000140,432062,436085,2,4,06/01/2010,1600,6,4,1,1,2,3,1,18,9
3096,10BA0000145,434488,435735,1,1,06/01/2010,1445,6,3,1,1,3,3,2,8,8
3097,10BA0000133,431978,435830,3,2,07/01/2010,1840,3,4,4,2,1,3,1,59,9
3098,10BA0000133,431978,435830,3,2,07/01/2010,1840,3,4,4,2,1,3,2,23,9
3099,10AA0000122,428948,435467,2,1,08/01/2010,1600,6,2,4,1,2,3,1,6,9
3100,10AA0000180,422298,433420,1,1,08/01/2010,1330,4,3,1,1,2,3,1,82,11
3101,10AA0000579,427568,434539,2,1,08/01/2010,835,3,4,1,1,2,3,2,60,11
3102,10AA0000093,428138,435846,2,1,09/01/2010,420,3,3,4,8,1,3,1,40,11
3103,10AA0000151,424819,437833,1,1,09/01/2010,100,3,4,7,1,2,3,1,30,8
3104,10BA0000123,432177,434624,2,2,09/01/2010,1600,6,1,1,1,1,3,1,35,9
3105,10BA0000123,432177,434624,2,2,09/01/2010,1600,6,1,1,1,2,3,2,26,9
3106,10CA0000303,426784,430438,2,1,09/01/2010,2358,3,4,4,3,3,3,1,24,9
3107,10AA0000117,426380,437870,2,2,10/01/2010,4,6,3,4,8,1,3,1,22,9
3108,10AA0000117,426380,437870,2,2,10/01/2010,4,6,3,4,8,1,3,1,40,9
3109,10AA0000386,422475,432947,1,1,10/01/2010,1305,6,3,1,3,3,3,1,26,9
3110,10BA0000195,431966,435821,2,6,10/01/2010,1905,3,2,4,2,1,3,1,53,9
3111,10BA0000195,431966,435821,2,6,10/01/2010,1905,3,2,4,2,1,3,1,23,9
3112,10BA0000195,431966,435821,2,6,10/01/2010,1905,3,2,4,2,2,3,2,40,9
3113,10BA0000195,431966,435821,2,6,10/01/2010,1905,3,2,4,2,2,3,1,22,9
3114,10BA0000195,431966,435821,2,6,10/01/2010,1905,3,2,4,2,2,3,1,15,9
3115,10BA0000195,431966,435821,2,6,10/01/2010,1905,3,2,4,2,2,3,1,21,9
3116,10CA0000193,429716,431856,1,1,10/01/2010,449,6,4,4,8,1,3,1,24,9
3117,10AA0000155,425451,438747,2,1,11/01/2010,1940,6,3,4,1,2,3,2,61,9
3118,10AA0000157,419385,432660,1,3,11/01/2010,1555,6,3,4,1,3,3,2,7,9
3119,10AA0000157,419385,432660,1,3,11/01/2010,1555,6,3,4,1,3,3,2,33,9
3120,10AA0000157,419385,432660,1,3,11/01/2010,1555,6,3,4,1,3,3,2,5,9
3121,10BA0000224,435127,441257,2,1,11/01/2010,825,6,3,1,3,1,3,1,26,9
3122,10BA0000236,431815,439663,2,1,11/01/2010,950,6,4,1,1,3,3,2,51,9
3123,10CA0000298,424277,428345,2,1,11/01/2010,1320,3,4,1,8,1,2,1,19,1
3124,10CA0000444,430804,433254,2,3,11/01/2010,46,3,2,4,1,2,3,2,82,9
3125,10CA0000444,430804,433254,2,3,11/01/2010,46,3,2,4,1,2,3,2,56,9
3126,10CA0000444,430804,433254,2,3,11/01/2010,46,3,2,4,1,2,3,1,19,9
3127,10AA0000204,427953,432874,1,1,12/01/2010,630,4,4,7,4,3,2,1,93,9
3128,10AA0000395,425412,440434,2,1,12/01/2010,1420,6,2,1,2,1,3,1,35,1
3129,10CA0000267,430092,432869,2,1,12/01/2010,1750,3,2,4,8,1,3,1,46,9
3130,10MU0000265,439212,434013,1,1,12/01/2010,2005,1,2,6,1,1,3,1,28,19
3131,10AA0000275,426338,438939,2,2,13/01/2010,1350,6,4,1,8,1,3,1,28,9
3132,10AA0000275,426338,438939,2,2,13/01/2010,1350,6,4,1,8,2,3,1,25,9
3133,10BA0000256,439474,429485,1,1,13/01/2010,845,6,4,1,1,2,3,1,19,19
3134,10BA0000385,431035,439065,2,1,13/01/2010,715,6,4,4,1,1,3,1,32,9
3135,10CA0000317,424964,427568,1,1,13/01/2010,139,3,4,4,2,1,3,1,39,21
3136,10CA0001024,429797,433779,2,1,13/01/2010,830,6,1,1,1,1,3,1,25,9
3137,10BA0000322,430725,435018,2,1,14/01/2010,1900,3,2,4,1,1,3,1,61,9
3138,10BA0000388,436093,434819,2,1,14/01/2010,1900,3,2,4,1,1,2,1,16,1
3139,10BA0000384,434455,433701,2,1,15/01/2010,1615,6,2,1,1,2,3,2,14,9
3140,10BA0000555,430801,438596,1,1,15/01/2010,1800,6,2,4,1,3,3,2,17,9
3141,10CA0000326,425689,426886,1,1,15/01/2010,1339,4,2,1,2,2,3,1,62,11
3142,10CA0000391,429188,431294,1,1,15/01/2010,905,6,2,1,2,3,3,1,44,9
3143,10AA0000302,425218,437646,1,1,16/01/2010,100,6,2,4,1,1,2,1,25,9
3144,10AA0000338,425824,429806,1,1,16/01/2010,1325,3,1,1,1,1,3,1,59,8
3145,10BA0000406,432090,435866,1,1,16/01/2010,2100,3,2,4,1,3,3,2,36,9
3146,10CA0000332,425687,426882,1,1,16/01/2010,1210,4,2,1,2,2,3,2,14,11
3147,10MU0000431,436189,431145,1,1,16/01/2010,927,1,2,1,2,1,3,2,23,9
3148,10BA0000381,443329,437455,1,1,17/01/2010,1445,6,3,1,1,3,3,2,16,9
3149,10AA0000397,428527,434276,3,2,18/01/2010,1635,6,2,4,1,1,3,1,35,8
3150,10AA0000397,428527,434276,3,2,18/01/2010,1635,6,2,4,1,1,3,1,43,9
3151,10AA0000400,425062,433368,2,1,18/01/2010,2056,4,2,4,1,1,3,2,22,9
3152,10AA0000677,427712,433705,2,1,18/01/2010,1100,3,2,1,1,1,3,2,48,9
3153,10BA0000494,431782,437636,2,1,18/01/2010,1250,6,2,1,1,1,3,2,67,9
3154,10CA0000435,429972,433280,2,1,18/01/2010,745,6,1,4,1,1,3,1,31,1
3155,10MU0000428,432336,426036,2,1,18/01/2010,741,1,1,1,1,1,3,1,39,9
3156,10AA0000450,420069,440803,2,1,19/01/2010,717,3,2,4,1,1,3,1,36,1
3157,10MU0000429,430186,432023,2,1,19/01/2010,1702,1,1,4,1,1,3,2,58,9
3158,10AA0000480,429067,435488,3,1,20/01/2010,2000,6,1,4,1,1,3,1,46,8
3159,10AA0000567,428966,435475,2,1,20/01/2010,1945,6,2,4,1,2,3,2,20,8
3160,10BA0000493,432515,435811,1,1,20/01/2010,1500,3,2,1,1,1,2,1,30,9
3161,10CA0000451,430636,433680,2,1,20/01/2010,2013,6,1,4,1,1,3,1,37,1
3162,10AA0000457,426026,432976,1,1,21/01/2010,815,6,1,1,1,3,3,2,13,8
3163,10AA0000474,426982,439914,2,1,21/01/2010,1045,3,1,1,1,1,3,2,38,9
3164,10AA0000486,427480,433696,2,1,21/01/2010,835,3,1,1,1,1,3,1,32,2
3165,10CA0000481,431038,430851,1,1,21/01/2010,1710,6,1,4,1,3,2,2,13,9
3166,10CA0000522,428584,427728,1,1,21/01/2010,1220,3,1,1,1,1,2,1,55,21
3167,10CA0000541,433672,429612,2,1,21/01/2010,730,3,1,7,1,1,3,1,57,9
3168,10AA0000488,424614,435108,2,1,22/01/2010,1300,3,2,1,2,1,3,2,49,9
3169,10AA0000602,428649,433174,2,1,22/01/2010,1500,3,1,1,1,2,3,2,32,9
3170,10BA0005204,445690,431405,2,2,22/01/2010,715,3,2,6,1,1,3,2,22,9
3171,10BA0005204,445690,431405,2,2,22/01/2010,715,3,2,6,1,1,3,1,47,9
3172,10CA0000500,431964,430482,2,1,22/01/2010,1549,3,2,1,2,2,3,2,22,9
3173,10CA0000520,425794,429763,1,2,22/01/2010,2035,3,2,4,1,1,3,1,25,9
3174,10CA0000520,425794,429763,1,2,22/01/2010,2035,3,2,4,1,2,2,1,29,9
3175,10CA0000536,430560,434089,2,1,22/01/2010,1250,6,2,1,2,1,3,1,31,19
3176,10CA0000538,430070,433366,1,1,22/01/2010,528,6,2,4,2,3,3,1,30,8
3177,10CA0000542,429739,432940,5,1,22/01/2010,1340,6,2,1,2,2,3,2,52,9
3178,10MU0000551,426342,426035,2,2,22/01/2010,808,1,2,1,2,1,3,1,43,9
3179,10MU0000551,426342,426035,2,2,22/01/2010,808,1,2,1,2,2,3,2,38,9
3180,10MU0000661,423935,428097,1,1,22/01/2010,2049,1,2,4,1,1,3,1,21,9
3181,10MU0000698,426709,429863,1,1,22/01/2010,1439,1,2,1,2,1,3,1,28,9
3182,10AA0000533,427980,435129,4,1,23/01/2010,120,6,1,4,1,1,3,1,21,9
3183,10AA0000556,426542,432008,2,1,23/01/2010,1215,6,1,1,1,1,3,1,49,19
3184,10BA0000543,432566,434372,2,1,23/01/2010,1135,6,2,1,1,1,3,1,27,9
3185,10CA0000504,429795,433788,1,1,23/01/2010,1020,6,1,1,1,3,2,1,19,9
3186,10CA0000531,435796,428227,1,1,23/01/2010,1239,3,2,1,1,1,3,2,24,9
3187,10AA0000491,421055,439380,2,2,24/01/2010,1140,3,1,1,1,1,3,1,86,9
3188,10AA0000491,421055,439380,2,2,24/01/2010,1140,3,1,1,1,2,3,2,86,9
3189,10BA0000517,440139,426162,2,1,24/01/2010,920,3,2,1,1,1,3,1,42,1
3190,10CA0000558,428741,432716,2,2,24/01/2010,1310,3,2,1,1,1,3,2,24,9
3191,10CA0000558,428741,432716,2,2,24/01/2010,1310,3,2,1,1,2,3,2,23,9
3192,10AA0000637,429309,435027,2,1,25/01/2010,1735,3,1,4,1,1,3,2,37,9
3193,10BA0000789,434563,433642,2,1,25/01/2010,814,6,2,1,8,1,3,2,52,9
3194,10MU0000645,432052,425612,2,1,25/01/2010,1848,1,2,4,1,1,3,2,18,9
3195,10AA0000604,427997,436012,2,1,26/01/2010,1830,3,1,4,1,1,3,1,23,1
3196,10AA0000614,427325,437192,2,1,26/01/2010,1655,3,1,4,1,1,3,2,47,4
3197,10BA0000606,429175,438565,2,2,26/01/2010,825,3,1,1,1,1,3,2,43,9
3198,10BA0000606,429175,438565,2,2,26/01/2010,825,3,1,1,1,2,3,2,10,9