Col.Number,Reference.Number,Easting,Northing,Number.of.Vehicles,Number.of.Casualties,Accident.Date,Time..24hr.,X1st.Road.Class,Road.Surface,Lighting.Conditions,Weather.Conditions,Casualty.Class,Casualty.Severity,Sex.of.Casualty,Age.of.Casualty,Type.of.Vehicle
3791,10AA0002736,420930,436856,1,4,14/04/2010,2120,3,1,4,1,2,3,1,17,9
3792,10AA0002736,420930,436856,1,4,14/04/2010,2120,3,1,4,1,2,3,2,16,9
3793,10BA0002693,429945,436623,2,1,14/04/2010,740,3,1,1,1,1,3,1,49,1
3794,10BA0003376,430458,437480,4,2,14/04/2010,1925,6,1,1,1,1,3,2,18,9
3795,10BA0003376,430458,437480,4,2,14/04/2010,1925,6,1,1,1,1,3,2,18,9
3796,10CA0002731,429209,433502,1,1,14/04/2010,820,6,1,1,1,3,3,1,29,9
3797,10CA0002735,425796,428120,2,1,14/04/2010,2344,3,1,4,1,1,2,1,30,3
3798,10CA0002738,430404,433672,1,1,15/04/2010,1358,6,1,1,1,3,2,2,42,11
3799,10CA0002787,432301,432573,2,1,15/04/2010,1535,3,1,1,1,1,3,2,31,9
3800,10CA0002814,430645,434701,2,1,15/04/2010,1559,3,1,1,1,2,3,2,70,11
3801,10MU0002737,431913,428038,2,1,15/04/2010,1513,1,1,1,1,1,3,2,34,9
3802,10AA0002745,428047,434299,2,1,16/04/2010,748,3,1,1,1,1,3,1,40,9
3803,10CA0002727,429981,433281,1,1,16/04/2010,1635,6,1,1,1,3,3,1,37,11
3804,10BA0002809,433343,436230,2,1,17/04/2010,1000,3,1,1,1,2,3,2,26,9
3805,10BA0003816,440430,448142,1,2,17/04/2010,1500,6,1,1,1,3,3,2,28,8
3806,10BA0003816,440430,448142,1,2,17/04/2010,1500,6,1,1,1,3,3,2,53,8
3807,10BA0157603,434234,438660,1,2,17/04/2010,2,3,1,6,1,1,3,2,27,9
3808,10BA0157603,434234,438660,1,2,17/04/2010,2,3,1,6,1,2,1,1,30,9
3809,10CA0002832,429629,430865,1,1,17/04/2010,1835,6,1,1,1,3,3,1,9,9
3810,10AA0002828,419275,446306,1,2,18/04/2010,1150,6,1,1,1,1,3,1,25,9
3811,10AA0002828,419275,446306,1,2,18/04/2010,1150,6,1,1,1,2,2,1,20,9
3812,10AA0003148,427348,435789,2,1,18/04/2010,122,4,1,4,1,1,3,1,43,9
3813,10BA0002812,436495,437142,2,1,18/04/2010,1435,3,1,1,1,1,3,1,69,5
3814,10AA0002821,428119,435888,2,1,19/04/2010,1845,3,1,1,1,1,3,1,27,1
3815,10BA0002835,438617,430531,2,1,19/04/2010,1005,3,1,1,1,1,3,2,49,9
3816,10BA0002859,438740,438887,2,1,19/04/2010,810,3,1,1,1,1,3,1,51,5
3817,10BA0002864,430544,439559,1,1,19/04/2010,1735,6,1,1,1,2,3,1,40,11
3818,10CA0002829,430409,433687,1,1,19/04/2010,1620,6,1,1,1,3,3,2,12,9
3819,10CA0160378,428338,430634,1,1,19/04/2010,800,6,2,1,2,3,1,1,55,21
3820,10AA0002817,427897,436192,2,1,20/04/2010,1015,3,1,1,1,1,2,1,21,1
3821,10AA0002907,426821,434970,2,1,20/04/2010,730,3,1,1,1,1,3,1,48,1
3822,10CA0002881,429093,429965,2,1,20/04/2010,2015,3,1,1,1,1,3,1,26,1
3823,10CA0002883,432514,427314,1,1,20/04/2010,1545,3,1,1,1,3,3,1,12,9
3824,10AA0002877,428664,434138,2,2,21/04/2010,1733,6,1,1,1,2,3,2,15,11
3825,10AA0002877,428664,434138,2,2,21/04/2010,1733,6,1,1,1,2,3,2,15,11
3826,10AA0002909,429528,434850,1,1,21/04/2010,1445,3,1,1,1,3,3,1,23,9
3827,10BA0002987,432585,436058,1,1,21/04/2010,1450,6,1,1,1,1,3,1,49,9
3828,10CA0002851,430684,432929,2,1,21/04/2010,2230,3,1,4,1,1,3,2,25,9
3829,10CA0002898,431524,432510,2,2,21/04/2010,1145,3,1,1,1,1,3,1,37,9
3830,10CA0002898,431524,432510,2,2,21/04/2010,1145,3,1,1,1,2,3,2,29,9
3831,10CA0003077,428550,431537,2,1,21/04/2010,1715,3,1,1,1,1,3,1,26,9
3832,10AA0002892,427204,434743,2,1,22/04/2010,830,3,1,1,1,1,3,1,35,1
3833,10AA0002911,427493,435938,1,1,22/04/2010,300,6,1,4,1,3,3,2,20,8
3834,10AA0002933,427570,436870,2,1,22/04/2010,810,3,1,1,1,1,3,1,25,1
3835,10AA0003106,426057,436615,2,1,22/04/2010,1250,6,1,1,1,1,3,2,32,1
3836,10BA0003171,430949,438645,4,2,22/04/2010,1425,6,1,1,1,1,3,1,19,9
3837,10BA0003171,430949,438645,4,2,22/04/2010,1425,6,1,1,1,1,3,2,42,9
3838,10BA0003460,430837,436573,3,1,22/04/2010,1130,4,1,1,1,3,2,1,40,19
3839,10CA0002912,429584,431558,1,1,22/04/2010,1730,6,1,1,1,3,3,1,12,8
3840,10CA0002944,425981,426782,2,1,22/04/2010,1950,3,1,1,1,1,3,1,46,1
3841,10CA0002979,430207,433759,1,1,22/04/2010,1700,6,1,1,1,3,3,1,22,11
3842,10AA0002998,426815,437534,2,1,23/04/2010,1515,6,1,1,1,1,3,1,51,9
3843,10BA0003368,433561,432095,1,1,23/04/2010,1830,3,1,1,1,1,3,1,37,21
3844,10CA0002928,428849,433931,1,1,23/04/2010,330,6,1,4,1,3,3,1,20,8
3845,10CA0002949,426460,428515,2,1,23/04/2010,1019,3,1,1,1,1,3,1,43,1
3846,10CA0002997,430359,433408,1,1,23/04/2010,1250,6,1,1,1,3,3,2,25,11
3847,10CA0003045,434487,427976,1,1,23/04/2010,1820,3,1,1,1,3,3,2,11,9
3848,10DA0002964,435789,425977,2,2,23/04/2010,815,1,1,1,9,1,3,2,33,9
3849,10DA0002964,435789,425977,2,2,23/04/2010,815,1,1,1,9,2,3,2,22,9
3850,10BA0002939,431282,437129,2,1,24/04/2010,2140,6,1,4,1,1,3,1,33,9
3851,10BA0002977,430402,435021,2,2,24/04/2010,945,6,1,1,1,1,3,1,25,9
3852,10BA0002977,430402,435021,2,2,24/04/2010,945,6,1,1,1,1,3,2,55,9
3853,10BA0003001,431252,438280,2,2,24/04/2010,1240,6,1,1,1,1,3,2,53,9
3854,10BA0003001,431252,438280,2,2,24/04/2010,1240,6,1,1,1,1,3,1,22,9
3855,10BA0005780,432948,434453,2,1,24/04/2010,1900,6,1,1,1,2,2,1,38,9
3856,10CA0002954,427921,430416,3,3,24/04/2010,1435,3,1,1,1,1,3,2,27,9
3857,10CA0002954,427921,430416,3,3,24/04/2010,1435,3,1,1,1,2,3,2,38,9
3858,10CA0002954,427921,430416,3,3,24/04/2010,1435,3,1,1,1,2,3,2,27,9
3859,10CA0003659,431192,434850,2,1,24/04/2010,1035,6,1,1,1,1,3,1,42,5
3860,10AA0002993,430048,434794,1,1,25/04/2010,1835,6,1,1,1,3,2,1,7,9
3861,10BA0002983,432027,442126,2,3,25/04/2010,1235,3,1,1,1,1,3,1,36,9
3862,10BA0002983,432027,442126,2,3,25/04/2010,1235,3,1,1,1,2,3,2,33,9
3863,10BA0002983,432027,442126,2,3,25/04/2010,1235,3,1,1,1,2,3,2,5,9
3864,10MU0003046,436943,425907,2,1,25/04/2010,1257,1,1,1,1,2,3,2,62,9
3865,10AA0003007,427809,436340,2,1,26/04/2010,1605,3,1,1,1,1,3,1,26,5
3866,10AA0003012,428093,432956,1,1,26/04/2010,2000,6,1,1,1,3,3,2,52,11
3867,10AA0003024,428532,435076,1,1,26/04/2010,1735,6,1,1,1,3,3,2,8,9
3868,10AA0003098,422042,443848,2,2,26/04/2010,1150,6,1,1,1,1,3,1,48,9
3869,10AA0003098,422042,443848,2,2,26/04/2010,1150,6,1,1,1,1,3,2,48,9
3870,10BA0003088,436083,434784,2,1,26/04/2010,1445,6,1,1,1,1,3,2,43,9
3871,10CA0003006,429962,433214,1,1,26/04/2010,1530,6,1,1,1,3,3,1,40,9
3872,10CA0003061,431693,428634,2,2,26/04/2010,2050,6,1,4,1,1,3,2,74,9
3873,10CA0003061,431693,428634,2,2,26/04/2010,2050,6,1,4,1,1,2,1,17,2
3874,10CA0003192,429859,433411,2,1,26/04/2010,915,6,1,1,1,1,3,2,55,1
3875,10AA0003042,428272,432846,1,1,27/04/2010,1710,4,1,1,1,2,3,1,2,11
3876,10BA0003067,432780,435396,2,1,27/04/2010,2100,6,1,4,1,1,3,1,35,1
3877,10BA0003097,431474,432437,2,2,27/04/2010,1200,3,1,1,1,1,3,2,22,9
3878,10BA0003097,431474,432437,2,2,27/04/2010,1200,3,1,1,1,1,3,1,38,90
3879,10BA0003123,431550,435830,2,3,27/04/2010,1905,6,1,1,1,2,3,2,9,9
3880,10BA0003123,431550,435830,2,3,27/04/2010,1905,6,1,1,1,2,3,1,7,9
3881,10BA0003123,431550,435830,2,3,27/04/2010,1905,6,1,1,1,2,3,2,33,9
3882,10BA0003124,433294,440133,1,1,27/04/2010,2238,6,1,4,1,3,2,1,34,9
3883,10CA0003055,429952,433130,1,1,27/04/2010,1606,6,1,1,1,3,3,2,61,8
3884,10CA0003105,429108,426561,1,1,27/04/2010,2315,3,1,6,1,1,3,1,32,9
3885,10CA0003231,430888,434282,1,1,27/04/2010,1540,3,1,1,1,3,2,2,35,9
3886,10AA0003064,424067,435806,2,1,28/04/2010,1355,6,1,1,1,1,3,2,27,9
3887,10AA0003326,419973,444969,2,2,28/04/2010,1542,3,1,1,1,2,3,1,45,9
3888,10AA0003326,419973,444969,2,2,28/04/2010,1542,3,1,1,1,1,2,2,43,9
3889,10BA0003108,432445,434845,1,1,28/04/2010,1830,6,1,1,8,3,3,2,47,9
3890,10CA0003109,429241,433874,2,1,28/04/2010,900,6,1,1,1,1,3,1,23,9
3891,10CA0003239,430424,433711,1,1,28/04/2010,1144,6,1,1,1,2,2,2,86,11
3892,10CA0003307,427139,426476,1,2,28/04/2010,1611,3,1,1,1,1,3,1,46,3
3893,10CA0003307,427139,426476,1,2,28/04/2010,1611,3,1,1,1,3,3,1,18,3
3894,10MU0003215,427698,431166,4,1,28/04/2010,1935,1,1,1,1,2,3,2,32,9
3895,10AA0003102,421757,435236,2,1,29/04/2010,855,4,1,1,1,3,3,2,39,9
3896,10AA0003116,419316,441764,2,2,29/04/2010,2255,6,2,4,1,1,3,2,58,9
3897,10AA0003116,419316,441764,2,2,29/04/2010,2255,6,2,4,1,2,3,2,63,9
3898,10BA0003908,430868,436259,2,2,29/04/2010,1507,6,1,1,1,1,3,1,28,9
3899,10BA0003908,430868,436259,2,2,29/04/2010,1507,6,1,1,1,2,3,2,24,9
3900,10CA0003198,430475,433715,1,1,29/04/2010,1500,6,1,1,1,3,1,2,85,9
3901,10MU0003290,436263,425941,2,1,29/04/2010,2118,1,2,6,2,2,3,2,12,9
3902,10AA0003107,433017,435014,1,1,30/04/2010,1415,6,1,1,1,2,3,1,91,11
3903,10AA0003127,428098,434807,1,1,30/04/2010,1730,6,2,1,1,3,3,1,4,9
3904,10AA0003252,427739,436441,3,2,30/04/2010,1830,6,1,1,1,1,3,1,36,9
3905,10AA0003252,427739,436441,3,2,30/04/2010,1830,6,1,1,1,2,3,2,39,9
3906,10CA0003113,421957,429261,2,1,30/04/2010,1300,4,1,1,1,1,3,2,39,9
3907,10CA0003165,429842,425307,2,1,30/04/2010,1200,3,1,1,1,1,3,2,28,9
3908,10CA0003201,428331,429610,3,2,30/04/2010,1630,3,2,1,2,2,3,2,57,9
3909,10CA0003201,428331,429610,3,2,30/04/2010,1630,3,2,1,2,2,3,2,26,9
3910,10MU0003225,431871,425415,3,1,30/04/2010,833,1,1,1,1,1,3,2,25,9
3911,10AA0003095,421625,436504,1,1,01/05/2010,950,6,1,1,1,3,3,1,3,9
3912,10AA0003332,421361,444878,2,2,01/05/2010,815,3,1,1,1,1,3,2,48,9
3913,10AA0003332,421361,444878,2,2,01/05/2010,815,3,1,1,1,2,3,2,57,9
3914,10AA0003377,421780,446000,2,1,01/05/2010,1600,3,1,1,1,2,3,2,36,5
3915,10BA0003159,436159,434604,2,1,01/05/2010,1200,3,1,1,1,1,3,1,31,1
3916,10BA0004198,435940,432739,1,1,01/05/2010,905,6,1,1,1,1,2,1,79,9
3917,10CA0003158,429781,433661,2,1,01/05/2010,2130,6,1,4,1,1,3,2,20,9
3918,10AA0003470,425300,435958,2,3,02/05/2010,945,4,1,1,1,1,3,1,39,9
3919,10AA0003470,425300,435958,2,3,02/05/2010,945,4,1,1,1,1,3,2,27,9
3920,10AA0003470,425300,435958,2,3,02/05/2010,945,4,1,1,1,2,3,1,8,9
3921,10BA0003177,430805,436637,2,1,02/05/2010,1435,6,1,1,1,1,3,1,35,1
3922,10BA0003199,430118,438165,3,4,02/05/2010,1548,3,1,1,1,1,3,1,34,9
3923,10BA0003199,430118,438165,3,4,02/05/2010,1548,3,1,1,1,2,3,2,31,9
3924,10BA0003199,430118,438165,3,4,02/05/2010,1548,3,1,1,1,2,3,2,28,9
3925,10BA0003199,430118,438165,3,4,02/05/2010,1548,3,1,1,1,2,3,1,29,9
3926,10AA0003218,423838,434266,2,1,03/05/2010,1910,6,1,1,1,1,3,1,33,11
3927,10CA0003654,428091,429997,2,1,03/05/2010,1350,3,2,1,2,1,3,1,21,9
3928,10MU0003329,428021,426431,2,1,03/05/2010,1637,1,1,1,1,1,3,2,28,9
3929,10AA0003666,429525,434851,1,1,04/05/2010,1910,3,1,1,1,3,3,2,19,9
3930,10BA0003228,436174,434635,2,1,04/05/2010,1240,3,1,1,1,1,3,1,36,1
3931,10BA0003361,443671,431688,1,1,04/05/2010,1230,3,1,1,1,1,3,2,53,9
3932,10CA0003224,426746,427514,2,1,04/05/2010,730,4,1,1,1,1,3,1,34,1
3933,10CA0003265,430375,433497,1,1,04/05/2010,1212,6,1,1,1,3,3,2,20,8
3934,10AA0003335,424678,444841,2,1,05/05/2010,1840,3,1,1,1,1,3,1,33,5
3935,10AA0003359,420270,437118,1,1,05/05/2010,731,3,1,1,1,1,2,1,36,5
3936,10BA0003412,430420,437826,2,1,05/05/2010,2125,6,1,4,1,2,3,1,19,9
3937,10BA0003806,431665,435349,2,1,05/05/2010,2130,3,1,1,1,3,3,2,30,9
3938,10CA0003263,430807,433222,2,1,05/05/2010,500,3,1,1,1,1,3,1,35,9
3939,10CA0003285,429788,433791,1,1,05/05/2010,1645,6,1,1,1,3,3,2,31,9
3940,10CA0003292,429836,427667,2,1,05/05/2010,1720,6,1,1,1,1,3,2,7,1
3941,10AA0003322,424112,434581,1,1,06/05/2010,1650,6,1,1,1,3,2,1,18,9
3942,10BA0003325,432259,439373,2,1,06/05/2010,820,3,2,1,2,1,2,1,18,5
3943,10BA0003343,430489,437157,2,1,06/05/2010,1815,6,1,1,1,1,3,1,31,5
3944,10BA0003387,437583,433207,2,2,06/05/2010,1755,3,1,1,1,1,3,2,27,9
3945,10BA0003387,437583,433207,2,2,06/05/2010,1755,3,1,1,1,2,3,2,27,9
3946,10CA0003321,428897,433383,3,2,06/05/2010,750,3,2,1,2,1,3,1,48,9
3947,10CA0003321,428897,433383,3,2,06/05/2010,750,3,2,1,2,1,3,2,18,9
3948,10CA0003327,429981,433444,1,1,06/05/2010,1330,6,2,1,1,3,3,1,50,19
3949,10MU0003364,428269,431573,2,1,06/05/2010,1416,1,1,1,1,1,3,2,38,9
3950,10AA0003315,422873,439313,2,4,07/05/2010,1110,6,1,1,1,1,3,1,81,9
3951,10AA0003315,422873,439313,2,4,07/05/2010,1110,6,1,1,1,1,3,2,37,9
3952,10AA0003315,422873,439313,2,4,07/05/2010,1110,6,1,1,1,2,3,2,66,9
3953,10AA0003315,422873,439313,2,4,07/05/2010,1110,6,1,1,1,2,3,1,4,9
3954,10AA0003324,427316,433637,2,1,07/05/2010,1040,3,1,1,1,1,3,2,40,9
3955,10BA0003384,434666,435103,2,1,07/05/2010,1400,6,1,1,1,1,3,2,42,9
3956,10CA0003379,428166,430072,2,5,07/05/2010,1740,6,1,1,1,1,3,2,23,9
3957,10CA0003379,428166,430072,2,5,07/05/2010,1740,6,1,1,1,1,3,1,47,9
3958,10CA0003379,428166,430072,2,5,07/05/2010,1740,6,1,1,1,2,3,2,43,9
3959,10CA0003379,428166,430072,2,5,07/05/2010,1740,6,1,1,1,2,3,2,10,9
3960,10CA0003379,428166,430072,2,5,07/05/2010,1740,6,1,1,1,2,3,2,7,9
3961,10CA0003496,429089,432201,1,1,07/05/2010,610,6,1,1,1,1,3,1,25,9
3962,10CA0003568,431604,431169,3,4,07/05/2010,1518,6,1,1,1,1,3,2,27,9
3963,10CA0003568,431604,431169,3,4,07/05/2010,1518,6,1,1,1,2,3,2,22,9
3964,10CA0003568,431604,431169,3,4,07/05/2010,1518,6,1,1,1,2,3,2,6,9
3965,10CA0003568,431604,431169,3,4,07/05/2010,1518,6,1,1,1,2,3,2,2,9
3966,10MU0003462,443438,438581,3,1,07/05/2010,1724,2,1,1,1,2,3,2,58,9
3967,10AA0003311,420485,433949,1,1,08/05/2010,1530,6,1,1,1,3,3,1,10,9
3968,10BA0003396,442957,431618,2,1,09/05/2010,830,3,1,1,1,1,3,1,20,1
3969,10BA0003414,431594,434405,2,1,09/05/2010,2030,6,1,1,1,1,3,1,36,8
3970,10BA0003572,430937,435425,2,1,09/05/2010,1730,6,1,1,1,1,2,2,10,1
3971,10CA0003374,429964,433327,1,1,09/05/2010,15,6,1,4,1,1,2,2,42,9
3972,10CA0004411,429796,433797,2,1,09/05/2010,2305,6,2,4,1,1,3,1,30,9
3973,10AA0003375,421811,432943,1,3,10/05/2010,1620,4,1,1,1,2,3,2,8,11
3974,10AA0003375,421811,432943,1,3,10/05/2010,1620,4,1,1,1,2,3,1,30,11
3975,10AA0003375,421811,432943,1,3,10/05/2010,1620,4,1,1,1,2,3,2,10,11
3976,10AA0003458,426847,437802,2,1,10/05/2010,1700,3,1,1,1,2,3,2,20,9
3977,10AA0003524,424695,438447,2,1,10/05/2010,610,6,2,1,1,1,3,1,31,3
3978,10BA0003336,430455,437508,2,2,10/05/2010,710,6,1,1,1,1,3,1,24,9
3979,10BA0003336,430455,437508,2,2,10/05/2010,710,6,1,1,1,1,2,1,26,4
3980,10BA0003356,432262,435282,1,1,10/05/2010,750,6,2,1,1,3,3,1,11,9
3981,10BA0003415,440575,448900,2,2,10/05/2010,1300,4,1,1,1,1,3,1,37,19
3982,10BA0003415,440575,448900,2,2,10/05/2010,1300,4,1,1,1,2,2,2,33,9
3983,10BA0003514,443093,445556,1,1,10/05/2010,1200,3,1,1,1,3,3,2,55,9
3984,10BA0003576,431536,433707,1,1,10/05/2010,1900,6,1,1,1,3,3,2,23,9
3985,10CA0003348,430336,433361,1,1,10/05/2010,220,6,1,4,1,3,2,1,25,8
3986,10MU0003472,434309,425878,2,1,10/05/2010,1250,1,1,1,1,1,3,1,81,9
3987,10AA0003459,427886,440270,2,2,11/05/2010,740,6,1,1,1,1,3,1,62,9
3988,10AA0003459,427886,440270,2,2,11/05/2010,740,6,1,1,1,1,3,1,43,9
3989,10AA0003676,427546,438689,2,1,11/05/2010,1825,6,1,1,1,1,3,2,50,9
3990,10BA0003457,431127,434259,2,1,11/05/2010,1920,6,1,1,1,1,3,1,21,1
3991,10CA0003439,426238,427449,1,1,11/05/2010,1900,4,1,1,1,3,3,2,17,9
3992,10BA0196118,432534,433773,1,1,12/05/2010,1317,3,1,1,1,3,1,2,32,9
3993,10CA0003477,429010,429692,2,2,12/05/2010,1122,6,1,1,1,1,3,1,45,8
3994,10CA0003477,429010,429692,2,2,12/05/2010,1122,6,1,1,1,2,3,2,23,8
3995,10CA0004300,429975,433281,1,1,12/05/2010,1630,6,1,1,1,3,3,1,21,11
3996,10AA0004038,427980,436049,1,1,13/05/2010,1040,3,1,1,1,1,2,1,41,1
3997,10AA0004041,425022,434400,2,1,13/05/2010,2230,3,1,4,1,1,3,1,62,5
3998,10BA0003538,431593,439582,2,1,13/05/2010,2030,6,1,4,1,1,3,1,41,1
3999,10BA0003560,435235,432992,1,1,13/05/2010,732,6,1,1,1,3,3,2,50,9
4000,10CA0003522,426077,428165,2,1,13/05/2010,1105,4,1,1,1,1,3,1,33,9
4001,10CA0003547,430064,431113,1,1,13/05/2010,1906,3,1,1,1,3,3,1,8,9
4002,10AA0003504,422055,433783,2,1,14/05/2010,1105,6,1,1,1,1,2,1,16,1
4003,10AA0003646,422909,433571,1,2,14/05/2010,1255,6,1,1,1,1,3,1,50,11
4004,10AA0003646,422909,433571,1,2,14/05/2010,1255,6,1,1,1,2,3,1,32,11
4005,10BA0003535,431970,435825,2,2,14/05/2010,1455,3,1,1,1,1,3,1,50,9
4006,10BA0003535,431970,435825,2,2,14/05/2010,1455,3,1,1,1,2,3,1,24,9
4007,10BA0003561,431724,438820,1,1,14/05/2010,1325,6,1,1,1,3,3,1,4,9
4008,10BA0003584,432227,435158,2,2,14/05/2010,1455,6,1,1,1,1,3,2,46,9
4009,10BA0003584,432227,435158,2,2,14/05/2010,1455,6,1,1,1,2,3,2,18,9
4010,10CA0003605,430219,432057,1,1,14/05/2010,915,3,1,1,1,1,3,2,22,1
4011,10CA0003732,428979,425976,2,2,14/05/2010,1500,3,1,1,1,1,3,1,44,9
4012,10CA0003732,428979,425976,2,2,14/05/2010,1500,3,1,1,1,2,3,1,46,9
4013,10AA0003603,424104,431568,2,3,15/05/2010,1445,6,1,1,1,1,3,2,68,9
4014,10AA0003603,424104,431568,2,3,15/05/2010,1445,6,1,1,1,1,3,2,35,9
4015,10AA0003603,424104,431568,2,3,15/05/2010,1445,6,1,1,1,2,3,2,10,9
4016,10BA0003515,434344,435499,1,1,15/05/2010,1805,6,1,1,1,3,2,1,3,9
4017,10BA0003569,431226,434785,2,2,15/05/2010,2008,6,1,1,1,1,3,1,37,9
4018,10BA0003569,431226,434785,2,2,15/05/2010,2008,6,1,1,1,2,3,2,33,9
4019,10CA0003577,429920,427803,2,1,15/05/2010,2210,6,1,7,1,1,3,1,23,9
4020,10CA0003611,429139,433088,2,1,15/05/2010,1957,6,1,1,1,1,3,2,21,9
4021,10AA0003579,427452,431885,2,3,16/05/2010,1010,3,1,1,1,1,3,1,45,9
4022,10AA0003579,427452,431885,2,3,16/05/2010,1010,3,1,1,1,1,3,1,31,9
4023,10AA0003579,427452,431885,2,3,16/05/2010,1010,3,1,1,1,2,3,2,43,9
4024,10BA0003587,435744,437005,2,1,16/05/2010,1835,6,1,1,1,1,3,1,27,9
4025,10BA0003616,430603,437922,1,1,16/05/2010,10,6,1,4,1,2,3,2,51,8
4026,10AA0003635,421663,434385,2,1,17/05/2010,1545,4,1,1,1,1,3,1,14,1
4027,10AA0003660,427655,436024,1,1,17/05/2010,1351,4,1,1,1,3,3,2,79,9
4028,10CA0003639,429167,431111,2,1,17/05/2010,1830,6,1,1,1,1,3,1,17,1
4029,10CA0003730,431898,430496,2,1,17/05/2010,1020,3,1,1,1,1,3,1,46,1
4030,10CA0003733,431952,430324,1,1,17/05/2010,1710,3,1,1,1,1,3,1,38,21
4031,10AA0003618,426851,437896,1,1,18/05/2010,815,3,1,1,1,2,3,2,75,11
4032,10AA0003650,427798,436377,1,1,18/05/2010,1900,6,1,1,1,3,3,1,8,8
4033,10AA0003657,422187,436398,2,1,18/05/2010,905,3,1,1,1,1,3,1,41,1
4034,10AA0003663,425056,439256,2,1,18/05/2010,2306,6,1,7,1,2,3,2,53,8
4035,10AA0003678,421715,433959,2,1,18/05/2010,1620,3,1,1,1,2,3,2,54,9
4036,10BA0003765,430170,438243,2,1,18/05/2010,1620,3,1,1,1,1,3,1,51,1
4037,10CA0003679,430402,433655,1,1,18/05/2010,1120,6,1,1,1,3,3,1,62,11
4038,10AA0003692,427349,436094,1,1,19/05/2010,317,6,1,4,1,2,3,2,20,8
4039,10AA0003720,428058,435956,2,1,19/05/2010,1445,3,1,1,1,1,3,1,22,1
4040,10AA0003741,420645,445085,2,1,19/05/2010,1440,6,1,1,1,1,3,2,20,3
4041,10AA0003869,426181,433583,2,1,19/05/2010,1610,6,1,1,1,1,3,1,23,9
4042,10BA0003658,432630,434923,2,3,19/05/2010,945,6,1,1,1,1,3,1,20,3
4043,10BA0003658,432630,434923,2,3,19/05/2010,945,6,1,1,1,1,3,2,49,9
4044,10BA0003658,432630,434923,2,3,19/05/2010,945,6,1,1,1,2,3,2,49,9
4045,10BA0207610,438825,430992,1,1,19/05/2010,1940,3,1,1,1,1,1,1,35,5
4046,10CA0003689,429926,432841,2,1,19/05/2010,1630,3,1,1,1,1,3,1,37,1
4047,10CA0003780,428097,426639,4,1,19/05/2010,1905,3,1,1,1,2,3,1,21,9
4048,10AA0004015,420598,434330,1,1,20/05/2010,1820,3,1,1,1,2,3,2,45,11
4049,10BA0003718,444870,436474,2,1,20/05/2010,1919,4,1,1,1,1,3,1,19,9
4050,10CA0003739,430069,433822,1,1,20/05/2010,1030,6,1,1,1,3,3,1,55,11
4051,10AA0003872,424371,445352,2,1,21/05/2010,1515,3,1,1,1,1,3,1,18,9
4052,10BA0003821,430834,439685,1,1,21/05/2010,1115,3,1,1,1,1,2,2,85,9
4053,10CA0003787,430099,431473,2,2,21/05/2010,720,3,1,1,1,1,3,1,18,9
4054,10CA0003787,430099,431473,2,2,21/05/2010,720,3,1,1,1,1,3,1,44,3
4055,10CA0003881,424609,428004,2,1,21/05/2010,1830,3,1,1,1,1,3,1,18,9
4056,10MU0003833,436188,431145,1,1,21/05/2010,140,1,1,6,1,1,2,1,19,19
4057,10BA0003812,435392,435918,2,1,22/05/2010,1610,6,1,1,1,1,3,1,5,1
4058,10CA0003979,430738,424544,2,1,22/05/2010,1304,3,1,1,1,1,3,1,49,9
4059,10AA0003743,427469,434591,2,2,23/05/2010,1210,3,1,1,1,2,3,2,41,9
4060,10AA0003743,427469,434591,2,2,23/05/2010,1210,3,1,1,1,2,3,1,33,9
4061,10AA0004036,421827,436598,2,1,23/05/2010,2240,3,1,7,1,1,3,1,38,8
4062,10BA0003798,440100,448342,2,1,23/05/2010,1255,3,1,1,1,1,2,1,89,9
4063,10BA0003825,441517,430725,2,2,23/05/2010,1820,4,1,1,1,1,3,1,49,9
4064,10BA0003825,441517,430725,2,2,23/05/2010,1820,4,1,1,1,2,3,2,52,9
4065,10MU0003814,428829,426407,1,2,23/05/2010,1000,1,1,1,1,1,3,2,25,9
4066,10MU0003814,428829,426407,1,2,23/05/2010,1000,1,1,1,1,2,3,2,27,9
4067,10BA0003805,434064,435140,2,1,24/05/2010,805,6,1,1,1,1,3,1,23,1
4068,10BA0003813,435429,439797,2,3,24/05/2010,1930,3,1,1,1,1,3,1,29,9
4069,10BA0003813,435429,439797,2,3,24/05/2010,1930,3,1,1,1,1,3,2,54,9
4070,10BA0003813,435429,439797,2,3,24/05/2010,1930,3,1,1,1,2,3,1,27,9
4071,10BA0003841,431228,434783,2,2,24/05/2010,2130,6,1,4,1,2,3,1,34,9
4072,10BA0003841,431228,434783,2,2,24/05/2010,2130,6,1,4,1,2,3,1,31,9
4073,10CA0003836,428751,432727,2,1,24/05/2010,1945,3,1,1,1,1,3,1,24,1
4074,10AA0003875,423979,443923,2,2,25/05/2010,1025,3,2,1,8,1,3,1,58,9
4075,10AA0003875,423979,443923,2,2,25/05/2010,1025,3,2,1,8,1,3,1,56,9
4076,10BA0003867,436175,434693,2,2,25/05/2010,1300,3,1,1,1,1,2,2,37,9
4077,10BA0003867,436175,434693,2,2,25/05/2010,1300,3,1,1,1,2,3,2,37,9
4078,10CA0003839,432545,427800,2,6,25/05/2010,1520,3,1,1,1,1,3,1,46,8
4079,10CA0003839,432545,427800,2,6,25/05/2010,1520,3,1,1,1,1,3,2,32,9
4080,10CA0003839,432545,427800,2,6,25/05/2010,1520,3,1,1,1,2,3,1,82,8
4081,10CA0003839,432545,427800,2,6,25/05/2010,1520,3,1,1,1,2,3,2,73,8
4082,10CA0003839,432545,427800,2,6,25/05/2010,1520,3,1,1,1,2,3,2,6,9
4083,10CA0003839,432545,427800,2,6,25/05/2010,1520,3,1,1,1,2,3,2,3,9
4084,10MU0004133,444817,432313,1,1,25/05/2010,2350,2,1,6,1,1,3,2,19,9
4085,10AA0003984,424395,439037,1,1,26/05/2010,2205,6,1,7,1,3,3,1,42,9
4086,10AA0004006,425963,434808,2,1,26/05/2010,1130,6,1,1,1,1,3,1,26,1
4087,10AA0004030,428680,434127,1,1,26/05/2010,1745,6,1,1,1,3,3,1,24,11