Col.Number,Reference.Number,Easting,Northing,Number.of.Vehicles,Number.of.Casualties,Accident.Date,Time..24hr.,X1st.Road.Class,Road.Surface,Lighting.Conditions,Weather.Conditions,Casualty.Class,Casualty.Severity,Sex.of.Casualty,Age.of.Casualty,Type.of.Vehicle
4088,10BA0003864,441050,432134,2,1,26/05/2010,1140,6,1,1,1,1,3,2,35,9
4089,10BA0003989,431235,435000,1,1,26/05/2010,1315,3,1,1,1,2,3,1,75,11
4090,10CA0003863,426219,427421,1,1,26/05/2010,845,4,1,1,1,2,3,1,60,11
4091,10AA0003987,428433,435000,2,1,27/05/2010,1407,6,1,1,1,1,3,1,35,1
4092,10BA0003940,430152,436257,2,1,27/05/2010,1759,3,1,1,1,1,3,1,30,3
4093,10BA0003946,430800,435339,2,1,27/05/2010,1249,6,1,1,1,1,3,1,22,9
4094,10BA0003990,437308,435784,1,1,27/05/2010,825,6,1,1,1,3,3,1,12,9
4095,10BA0003991,431967,435828,2,1,27/05/2010,1525,3,1,1,1,1,3,1,45,9
4096,10BA0004009,435012,436278,2,1,27/05/2010,2315,6,1,7,1,1,3,1,20,3
4097,10BA0004031,440906,439813,3,1,27/05/2010,1740,3,1,1,1,1,3,1,50,9
4098,10CA0003980,431741,434582,1,1,27/05/2010,2035,6,1,1,1,2,3,2,50,11
4099,10CA0004003,430985,433143,2,1,27/05/2010,1546,3,1,1,1,1,3,1,71,9
4100,10CA0004046,428609,432730,2,1,27/05/2010,2330,3,1,4,1,1,3,2,37,9
4101,10MU0004070,437308,425724,2,1,27/05/2010,835,1,1,1,1,1,3,2,34,9
4102,10AA0003985,427484,434584,2,1,28/05/2010,1110,3,1,1,1,1,3,1,15,1
4103,10AA0004829,418475,444634,2,1,28/05/2010,735,3,1,1,1,1,3,2,49,1
4104,10BA0003981,437474,429594,2,1,28/05/2010,535,3,2,1,1,1,3,1,49,9
4105,10BA0004013,437766,433086,2,1,28/05/2010,1910,3,1,1,1,1,3,2,47,9
4106,10BA0004017,441140,428315,1,1,28/05/2010,1615,6,1,1,1,3,3,1,28,9
4107,10BA0004032,436366,436540,1,1,28/05/2010,1710,6,1,1,1,3,3,2,11,9
4108,10CA0003969,430152,432852,1,1,28/05/2010,1050,3,1,1,1,3,3,2,55,9
4109,10CA0003993,430856,434119,2,1,28/05/2010,1310,3,1,1,1,1,3,1,38,9
4110,10AA0003988,421125,434478,2,4,29/05/2010,1705,4,2,1,8,1,3,2,27,9
4111,10AA0003988,421125,434478,2,4,29/05/2010,1705,4,2,1,8,1,3,1,18,9
4112,10AA0003988,421125,434478,2,4,29/05/2010,1705,4,2,1,8,2,3,1,17,9
4113,10AA0003988,421125,434478,2,4,29/05/2010,1705,4,2,1,8,2,3,1,17,9
4114,10AA0005095,426273,433442,3,2,29/05/2010,1955,6,2,1,2,1,3,2,37,9
4115,10AA0005095,426273,433442,3,2,29/05/2010,1955,6,2,1,2,2,3,2,37,9
4116,10BA0003982,434880,438143,2,1,29/05/2010,1141,3,2,1,5,2,3,2,57,9
4117,10BA0003998,431907,435740,2,3,29/05/2010,1730,3,2,1,1,1,3,1,20,9
4118,10BA0003998,431907,435740,2,3,29/05/2010,1730,3,2,1,1,2,3,1,20,9
4119,10BA0003998,431907,435740,2,3,29/05/2010,1730,3,2,1,1,2,3,2,19,9
4120,10BA0004035,433323,441770,2,2,29/05/2010,1135,6,2,1,2,1,3,2,27,9
4121,10BA0004035,433323,441770,2,2,29/05/2010,1135,6,2,1,2,2,3,2,25,9
4122,10BA0004039,442629,426475,2,3,29/05/2010,1710,3,2,1,1,1,3,1,43,9
4123,10BA0004039,442629,426475,2,3,29/05/2010,1710,3,2,1,1,2,3,2,32,9
4124,10BA0004039,442629,426475,2,3,29/05/2010,1710,3,2,1,1,2,3,2,4,9
4125,10CA0003942,429950,433094,2,1,29/05/2010,310,6,2,7,2,1,3,1,48,9
4126,10CA0003968,429183,431910,2,1,29/05/2010,1245,6,1,1,1,1,3,2,31,9
4127,10MU0005777,432137,430007,1,2,29/05/2010,1641,1,2,1,2,1,3,1,44,9
4128,10MU0005777,432137,430007,1,2,29/05/2010,1641,1,2,1,2,2,3,2,37,9
4129,10AA0003996,428557,433010,2,2,30/05/2010,2318,3,1,4,1,1,3,1,47,9
4130,10AA0003996,428557,433010,2,2,30/05/2010,2318,3,1,4,1,1,3,1,45,8
4131,10AA0004252,427005,438153,2,1,30/05/2010,900,3,1,1,1,1,3,1,25,9
4132,10BA0004196,437044,438282,2,2,30/05/2010,1435,6,1,1,1,1,3,1,55,9
4133,10BA0004196,437044,438282,2,2,30/05/2010,1435,6,1,1,1,1,3,2,46,9
4134,10CA0003986,429931,433590,1,1,30/05/2010,1647,6,1,1,1,3,3,1,24,11
4135,10CA0004101,431008,428212,2,1,30/05/2010,2200,6,1,4,1,1,3,2,35,9
4136,10AA0003945,426073,436836,1,1,31/05/2010,1830,6,1,1,1,1,3,1,58,9
4137,10AA0004284,423669,434163,2,1,31/05/2010,1450,6,1,1,1,1,3,1,16,2
4138,10BA0004150,432391,437579,1,1,31/05/2010,1740,6,1,1,1,1,3,1,18,9
4139,10BA0004153,438431,436412,2,1,31/05/2010,1037,6,1,1,1,1,3,1,44,9
4140,10MU0004061,432129,427397,2,2,31/05/2010,1110,1,1,1,1,1,3,1,59,9
4141,10MU0004061,432129,427397,2,2,31/05/2010,1110,1,1,1,1,1,3,2,25,9
4142,10AA0004096,420754,433798,2,1,01/06/2010,1155,6,1,1,1,1,3,2,27,9
4143,10AA0004367,426969,439829,2,1,01/06/2010,2110,3,2,1,2,2,3,2,18,9
4144,10BA0004140,440390,433173,1,1,01/06/2010,1107,4,2,1,2,3,3,2,80,9
4145,10CA0004021,430440,433953,1,1,01/06/2010,330,6,1,4,1,3,3,2,19,9
4146,10CA0004044,429871,434398,3,2,01/06/2010,1520,2,2,1,2,1,3,1,34,9
4147,10CA0004044,429871,434398,3,2,01/06/2010,1520,2,2,1,2,1,3,2,33,9
4148,10CA0004059,429373,433780,2,2,01/06/2010,1920,6,1,1,1,1,3,2,47,9
4149,10CA0004059,429373,433780,2,2,01/06/2010,1920,6,1,1,1,2,3,2,25,9
4150,10AA0004071,419555,442204,2,1,02/06/2010,1215,6,1,1,1,1,3,2,30,9
4151,10AA0005740,426331,433705,2,1,02/06/2010,1920,6,1,1,1,1,3,1,54,9
4152,10BA0004123,431474,433964,2,2,02/06/2010,1258,6,1,1,1,1,3,1,46,8
4153,10BA0004123,431474,433964,2,2,02/06/2010,1258,6,1,1,1,2,3,2,35,8
4154,10BA0004197,436157,434499,1,1,02/06/2010,910,3,1,1,1,3,3,2,50,9
4155,10BA0004519,429252,438588,3,3,02/06/2010,2017,3,1,1,1,1,3,2,17,9
4156,10BA0004519,429252,438588,3,3,02/06/2010,2017,3,1,1,1,2,3,1,16,9
4157,10BA0004519,429252,438588,3,3,02/06/2010,2017,3,1,1,1,1,3,2,41,9
4158,10AA0004590,420317,437121,1,1,03/06/2010,1100,3,1,1,1,2,3,1,74,11
4159,10BA0004135,436028,443794,1,2,03/06/2010,2250,6,1,6,1,1,3,1,21,9
4160,10BA0004135,436028,443794,1,2,03/06/2010,2250,6,1,6,1,2,3,1,20,9
4161,10BA0004159,431824,435510,2,1,03/06/2010,1830,6,1,1,1,1,3,2,9,1
4162,10AA0004083,422898,433560,2,1,04/06/2010,2100,6,2,1,2,1,3,1,55,9
4163,10AA0004173,428202,435787,2,1,04/06/2010,1205,3,1,1,1,1,3,1,55,1
4164,10AA0004177,428469,435197,2,2,04/06/2010,110,6,1,4,1,1,3,1,52,9
4165,10AA0004177,428469,435197,2,2,04/06/2010,110,6,1,4,1,1,3,1,34,9
4166,10AA0004224,428123,432796,2,1,04/06/2010,1910,4,1,1,1,1,3,1,24,8
4167,10BA0004128,431160,436388,2,1,04/06/2010,1720,4,1,1,1,1,3,2,44,9
4168,10BA0004129,432096,435481,2,3,04/06/2010,1945,4,1,1,1,1,3,1,38,9
4169,10BA0004129,432096,435481,2,3,04/06/2010,1945,4,1,1,1,2,3,1,47,9
4170,10BA0004129,432096,435481,2,3,04/06/2010,1945,4,1,1,1,2,3,2,33,9
4171,10BA0004152,431418,435591,2,1,04/06/2010,1130,6,1,1,1,1,3,1,15,1
4172,10BA0004157,431568,434379,1,1,04/06/2010,1240,6,1,1,1,3,3,2,4,11
4173,10BA0004214,430783,438588,1,1,04/06/2010,820,6,1,1,1,3,3,2,30,9
4174,10MU0004725,428184,426384,3,3,04/06/2010,1725,1,1,1,1,1,3,2,26,9
4175,10MU0004725,428184,426384,3,3,04/06/2010,1725,1,1,1,1,2,3,2,5,9
4176,10MU0004725,428184,426384,3,3,04/06/2010,1725,1,1,1,1,2,3,2,49,9
4177,10BA0004124,429038,438550,3,1,05/06/2010,2344,3,1,4,1,1,3,1,50,9
4178,10BA0004125,429102,438945,3,2,05/06/2010,1610,6,1,1,1,1,3,1,27,90
4179,10BA0004125,429102,438945,3,2,05/06/2010,1610,6,1,1,1,1,3,1,58,9
4180,10CA0004122,431517,430022,2,4,05/06/2010,2338,6,1,4,1,1,3,1,38,8
4181,10CA0004122,431517,430022,2,4,05/06/2010,2338,6,1,4,1,2,3,1,55,8
4182,10CA0004122,431517,430022,2,4,05/06/2010,2338,6,1,4,1,2,3,2,59,8
4183,10CA0004122,431517,430022,2,4,05/06/2010,2338,6,1,4,1,2,3,1,59,8
4184,10CA0004156,426392,427742,2,2,05/06/2010,1315,6,1,1,1,1,3,2,39,1
4185,10CA0004156,426392,427742,2,2,05/06/2010,1315,6,1,1,1,3,2,2,71,90
4186,10CA0004242,429797,433999,2,1,05/06/2010,1543,6,1,1,1,1,3,2,21,9
4187,10MU0004172,443596,435546,2,2,05/06/2010,1037,1,1,1,1,1,3,1,51,9
4188,10MU0004172,443596,435546,2,2,05/06/2010,1037,1,1,1,1,2,3,1,3,9
4189,10MU0004178,443627,437600,2,2,05/06/2010,1200,2,1,1,1,1,3,1,56,9
4190,10MU0004178,443627,437600,2,2,05/06/2010,1200,2,1,1,1,2,3,2,59,9
4191,10AA0004258,425058,433371,2,1,06/06/2010,1235,4,2,1,2,1,3,1,47,9
4192,10MU0004185,431092,424744,2,1,06/06/2010,1319,1,2,1,2,1,3,1,33,9
4193,10AA0004174,419949,441970,1,1,07/06/2010,1745,6,1,1,1,2,3,2,75,11
4194,10AA0004203,424967,445055,2,2,07/06/2010,1627,3,1,1,1,1,2,1,43,11
4195,10AA0004203,424967,445055,2,2,07/06/2010,1627,3,1,1,1,1,2,1,77,9
4196,10AA0004244,425704,434303,3,1,07/06/2010,1445,6,1,1,1,1,3,2,20,9
4197,10BA0004144,435528,440086,1,2,07/06/2010,240,3,1,7,1,1,3,1,19,9
4198,10BA0004144,435528,440086,1,2,07/06/2010,240,3,1,7,1,2,3,1,19,9
4199,10BA0004213,432206,432985,3,1,07/06/2010,1600,6,2,1,1,1,3,2,25,9
4200,10BA0004225,444511,444764,2,1,07/06/2010,728,3,1,1,1,1,3,2,52,9
4201,10MU0004602,432404,426083,2,1,07/06/2010,1700,1,1,1,1,1,3,1,61,9
4202,10AA0004254,423873,434255,4,1,08/06/2010,940,3,2,1,2,1,3,2,19,9
4203,10AA0004256,422873,439313,3,1,08/06/2010,1355,6,2,1,2,1,3,2,45,9
4204,10AA0004278,426151,435590,2,1,08/06/2010,1900,4,2,1,1,1,3,1,26,1
4205,10AA0004375,424887,443500,2,2,08/06/2010,1451,3,2,1,1,1,3,2,64,9
4206,10AA0004375,424887,443500,2,2,08/06/2010,1451,3,2,1,1,1,3,2,53,9
4207,10CA0004239,429560,427669,1,1,08/06/2010,1505,6,2,1,1,2,3,2,5,11
4208,10CA0004290,425848,426820,3,3,08/06/2010,1048,3,1,1,1,1,3,2,54,9
4209,10CA0004290,425848,426820,3,3,08/06/2010,1048,3,1,1,1,1,3,2,37,9
4210,10CA0004290,425848,426820,3,3,08/06/2010,1048,3,1,1,1,2,3,2,66,19
4211,10AA0004210,426815,434974,1,1,09/06/2010,745,3,1,1,1,2,3,2,25,11
4212,10AA0004243,427843,435954,2,4,09/06/2010,2100,6,1,1,1,1,3,1,22,9
4213,10AA0004243,427843,435954,2,4,09/06/2010,2100,6,1,1,1,1,3,1,41,9
4214,10AA0004243,427843,435954,2,4,09/06/2010,2100,6,1,1,1,2,3,1,21,9
4215,10AA0004243,427843,435954,2,4,09/06/2010,2100,6,1,1,1,2,3,1,21,9
4216,10BA0004217,436170,434462,2,1,09/06/2010,1112,3,2,1,1,1,3,1,67,9
4217,10BA0004341,446361,430910,1,1,09/06/2010,1607,3,2,1,8,1,3,1,27,9
4218,10BA0004373,432764,433770,2,1,09/06/2010,1248,6,2,1,8,1,3,1,58,9
4219,10CA0004263,429572,433803,2,1,09/06/2010,1445,6,2,1,1,1,2,1,47,5
4220,10CA0004279,430733,435010,2,3,09/06/2010,1600,3,2,1,2,1,3,1,26,9
4221,10CA0004279,430733,435010,2,3,09/06/2010,1600,3,2,1,2,2,3,1,38,9
4222,10CA0004279,430733,435010,2,3,09/06/2010,1600,3,2,1,2,2,3,1,21,9
4223,10AA0005475,428571,433907,1,1,10/06/2010,1525,3,1,1,1,2,3,1,65,11
4224,10BA0004339,431462,435092,1,1,10/06/2010,1515,6,2,1,1,3,3,1,12,9
4225,10BA0004365,443907,431651,2,1,10/06/2010,1637,3,1,1,1,1,3,2,24,9
4226,10BA0004371,437548,433165,2,3,10/06/2010,1617,3,1,1,1,1,3,2,33,9
4227,10BA0004371,437548,433165,2,3,10/06/2010,1617,3,1,1,1,2,3,2,14,9
4228,10BA0004371,437548,433165,2,3,10/06/2010,1617,3,1,1,1,2,3,1,10,9
4229,10CA0004317,430134,433773,1,1,10/06/2010,1345,6,1,1,1,3,2,2,82,8
4230,10CA0004388,430246,433248,1,1,10/06/2010,1900,6,1,1,1,3,3,1,25,8
4231,10BA0241025,437476,429596,1,1,11/06/2010,1441,3,1,1,1,1,1,1,37,5
4232,10CA0004260,427842,428074,1,1,11/06/2010,856,6,1,1,1,3,3,1,20,19
4233,10CA0004285,422472,427896,2,1,11/06/2010,1311,3,1,1,1,1,3,2,31,9
4234,10MU0004310,443591,437896,1,2,11/06/2010,1552,2,1,1,1,1,3,1,50,9
4235,10MU0004310,443591,437896,1,2,11/06/2010,1552,2,1,1,1,2,3,1,21,9
4236,10MU0004323,447413,429835,2,1,11/06/2010,613,2,1,1,1,1,3,1,29,20
4237,10MU0004418,428665,431580,2,1,11/06/2010,1610,1,1,1,1,1,3,1,47,9
4238,10AA0004343,425062,433381,2,1,12/06/2010,1218,6,1,1,1,1,3,1,43,5
4239,10AA0004364,426623,433087,1,1,12/06/2010,1105,4,1,1,1,2,3,1,58,11
4240,10AA0004382,429216,434151,2,2,12/06/2010,750,6,1,1,1,1,3,2,81,9
4241,10AA0004382,429216,434151,2,2,12/06/2010,750,6,1,1,1,1,3,1,38,3
4242,10CA0004270,429634,433379,1,1,12/06/2010,657,6,1,1,1,2,2,1,35,11
4243,10CA0004301,426525,428603,2,1,12/06/2010,1815,3,1,1,1,1,3,1,19,9
4244,10AA0004374,420840,439775,1,1,13/06/2010,1244,4,1,1,1,3,2,1,12,9
4245,10AA0004424,424674,434997,2,1,13/06/2010,2220,3,1,4,1,3,3,2,30,9
4246,10AA0004443,424375,435634,2,2,13/06/2010,1237,6,1,1,1,1,3,2,38,9
4247,10AA0004443,424375,435634,2,2,13/06/2010,1237,6,1,1,1,1,3,1,25,9
4248,10BA0004503,434462,433713,2,2,13/06/2010,1655,6,2,1,2,1,2,1,57,9
4249,10BA0004503,434462,433713,2,2,13/06/2010,1655,6,2,1,2,1,2,2,38,9
4250,10CA0004331,430379,432150,2,1,13/06/2010,1503,6,2,1,2,2,3,1,6,9
4251,10CA0004447,431458,430252,1,1,13/06/2010,2045,6,2,1,2,3,3,2,30,9
4252,10AA0004344,419544,441595,3,1,14/06/2010,1857,3,1,1,1,1,2,1,30,9
4253,10BA0004410,432113,435378,2,1,14/06/2010,1500,4,1,1,1,1,3,1,40,8
4254,10BA0006990,431885,435471,2,1,14/06/2010,1802,6,1,1,1,2,3,1,44,9
4255,10AA0004423,420604,441478,2,4,15/06/2010,1600,6,1,1,1,1,3,1,18,9
4256,10AA0004423,420604,441478,2,4,15/06/2010,1600,6,1,1,1,1,3,2,43,9
4257,10AA0004423,420604,441478,2,4,15/06/2010,1600,6,1,1,1,2,3,1,19,9
4258,10AA0004423,420604,441478,2,4,15/06/2010,1600,6,1,1,1,2,3,1,12,9
4259,10AA0004446,424370,445352,2,2,15/06/2010,1755,3,1,1,1,1,3,2,41,9
4260,10AA0004446,424370,445352,2,2,15/06/2010,1755,3,1,1,1,1,3,1,40,9
4261,10AA0004521,424706,434470,2,1,15/06/2010,1515,6,1,1,1,1,3,1,13,1
4262,10BA0004392,431602,434425,1,1,15/06/2010,1535,6,1,1,1,2,3,1,65,11
4263,10BA0004396,433595,436294,2,2,15/06/2010,2240,6,1,4,1,1,3,1,16,1
4264,10BA0004396,433595,436294,2,2,15/06/2010,2240,6,1,4,1,2,3,1,16,1
4265,10BA0004409,433168,434012,2,1,15/06/2010,1705,3,1,1,1,1,3,1,27,3
4266,10BA0004415,431905,435731,2,1,15/06/2010,840,3,1,1,1,1,2,1,42,1
4267,10CA0004353,429573,433790,1,1,15/06/2010,943,6,1,1,1,2,3,2,62,11
4268,10CA0004381,431015,428484,2,1,15/06/2010,1445,6,1,1,1,1,3,2,19,9
4269,10CA0004391,427843,426267,2,1,15/06/2010,1150,3,1,1,1,2,3,1,23,9
4270,10CA0004504,429734,430545,2,2,15/06/2010,1435,3,1,1,1,1,3,1,24,9
4271,10CA0004504,429734,430545,2,2,15/06/2010,1435,3,1,1,1,1,3,1,59,9
4272,10AA0004438,428507,434480,1,1,16/06/2010,113,6,1,7,1,2,3,1,25,8
4273,10AA0004945,425919,436256,2,1,16/06/2010,812,3,1,1,1,1,3,1,43,1
4274,10BA0004416,430894,435526,2,1,16/06/2010,1515,6,1,1,1,1,3,1,31,1
4275,10BA0004489,432844,434338,2,1,17/06/2010,2210,6,1,4,1,1,3,1,16,1
4276,10CA0004485,430696,433644,2,1,17/06/2010,1620,3,1,1,1,3,3,1,62,1
4277,10CA0004496,427842,430577,2,1,17/06/2010,1220,3,1,1,1,1,3,1,22,9
4278,10CA0004507,430694,433653,2,2,17/06/2010,1645,3,1,1,1,1,3,1,35,1
4279,10CA0004507,430694,433653,2,2,17/06/2010,1645,3,1,1,1,3,3,2,20,1
4280,10BA0004478,440652,448196,1,1,18/06/2010,1520,6,1,1,1,3,3,1,14,9
4281,10BA0004493,431469,433529,2,1,18/06/2010,1650,6,1,1,1,1,3,1,12,1
4282,10BA0004499,439133,426666,4,2,18/06/2010,710,3,1,1,1,1,3,1,18,9
4283,10BA0004499,439133,426666,4,2,18/06/2010,710,3,1,1,1,1,3,1,61,9
4284,10BA0004951,437501,433074,2,2,18/06/2010,1535,6,1,1,1,1,3,2,66,9
4285,10BA0004951,437501,433074,2,2,18/06/2010,1535,6,1,1,1,2,3,2,4,9
4286,10BA0006989,431208,433712,2,2,18/06/2010,1340,6,1,1,1,2,3,2,83,9
4287,10BA0006989,431208,433712,2,2,18/06/2010,1340,6,1,1,1,2,3,2,40,9
4288,10CA0004487,431478,428776,2,2,18/06/2010,1555,6,1,1,1,1,3,1,13,1
4289,10CA0004487,431478,428776,2,2,18/06/2010,1555,6,1,1,1,1,3,1,18,3
4290,10MU0004501,429419,433959,2,1,18/06/2010,1305,2,1,1,1,1,3,1,39,9
4291,10MU0004502,432134,430047,1,1,18/06/2010,1505,1,1,1,1,1,3,2,53,9
4292,10AA0004482,424244,438996,1,1,19/06/2010,1940,6,1,1,1,3,3,1,31,9
4293,10BA0004465,432101,436042,2,2,19/06/2010,310,6,1,4,1,2,3,2,31,9
4294,10BA0004465,432101,436042,2,2,19/06/2010,310,6,1,4,1,2,3,2,26,9
4295,10BA0006540,431597,436155,3,2,19/06/2010,1940,4,1,1,1,1,2,1,21,4
4296,10BA0006540,431597,436155,3,2,19/06/2010,1940,4,1,1,1,1,3,1,27,9
4297,10AA0004454,427386,433435,3,2,20/06/2010,1755,6,1,1,1,1,3,1,31,9
4298,10AA0004454,427386,433435,3,2,20/06/2010,1755,6,1,1,1,1,3,2,41,9
4299,10AA0004468,420947,434430,2,2,20/06/2010,1330,3,1,1,1,1,3,1,43,9
4300,10AA0004468,420947,434430,2,2,20/06/2010,1330,3,1,1,1,2,3,2,16,9
4301,10AA0004582,423999,436673,2,1,20/06/2010,1305,6,1,1,1,1,3,1,48,1
4302,10MU0004529,433629,429688,3,1,20/06/2010,2015,1,1,1,1,1,3,1,51,9
4303,10AA0004527,428500,433282,2,3,21/06/2010,1830,3,1,1,1,1,2,1,24,9
4304,10AA0004527,428500,433282,2,3,21/06/2010,1830,3,1,1,1,1,2,1,37,9
4305,10AA0004527,428500,433282,2,3,21/06/2010,1830,3,1,1,1,2,2,2,24,9
4306,10AA0004547,423963,434172,2,1,21/06/2010,1345,3,1,1,1,1,3,1,31,9
4307,10AA0004557,425925,434600,2,1,21/06/2010,1415,6,1,1,1,1,3,2,32,9
4308,10BA0004575,431875,435942,2,3,21/06/2010,1910,4,1,1,1,1,3,1,39,9
4309,10BA0004575,431875,435942,2,3,21/06/2010,1910,4,1,1,1,1,3,1,23,9
4310,10BA0004575,431875,435942,2,3,21/06/2010,1910,4,1,1,1,2,3,1,21,9
4311,10BA0004594,440390,433240,1,1,21/06/2010,1110,4,1,1,1,3,2,2,68,9
4312,10CA0004567,429925,433805,1,1,21/06/2010,1235,6,1,1,1,3,3,2,22,9
4313,10MU0004600,441149,445498,4,2,21/06/2010,1044,2,1,1,1,1,3,2,47,9
4314,10MU0004600,441149,445498,4,2,21/06/2010,1044,2,1,1,1,1,3,1,35,9
4315,10BA0004578,436697,433044,2,2,22/06/2010,1700,6,1,1,1,1,2,1,93,9
4316,10BA0004578,436697,433044,2,2,22/06/2010,1700,6,1,1,1,2,3,2,84,9
4317,10BA0004586,431942,435730,2,1,23/06/2010,1415,6,1,1,1,2,3,2,51,9
4318,10BA0004638,443083,433504,2,1,23/06/2010,1130,3,1,1,1,1,3,1,23,9
4319,10BA0004729,434232,433849,2,1,23/06/2010,1550,6,1,1,1,1,3,1,25,1
4320,10CA0004616,425105,429094,1,1,23/06/2010,1944,6,1,1,1,3,2,1,9,9
4321,10MU0004645,432776,426014,2,1,23/06/2010,835,1,1,1,1,1,3,2,29,9
4322,10AA0004579,430363,434665,2,1,24/06/2010,1756,6,1,1,1,1,3,2,33,9
4323,10AA0004584,424016,437296,2,1,24/06/2010,2030,3,1,1,1,1,3,1,24,1
4324,10AA0004972,421500,433987,2,3,24/06/2010,1510,3,1,1,1,1,3,2,22,9
4325,10AA0004972,421500,433987,2,3,24/06/2010,1510,3,1,1,1,1,2,1,37,9
4326,10AA0004972,421500,433987,2,3,24/06/2010,1510,3,1,1,1,2,3,1,36,9
4327,10BA0004593,432287,435988,2,1,24/06/2010,1700,6,1,1,1,1,3,2,47,9
4328,10CA0004581,431255,425990,1,1,24/06/2010,1610,6,1,1,1,3,3,2,8,9
4329,10CA0004589,428660,429348,1,1,24/06/2010,938,6,1,1,1,2,3,2,52,11
4330,10CA0004607,436168,427509,2,1,24/06/2010,2035,3,1,1,1,1,2,1,63,3
4331,10CA0004756,430013,434133,2,1,24/06/2010,1030,6,1,1,1,1,3,2,27,1
4332,10MU0004723,431221,426511,7,6,24/06/2010,1701,1,1,1,1,1,3,1,42,9
4333,10MU0004723,431221,426511,7,6,24/06/2010,1701,1,1,1,1,1,3,1,39,9
4334,10MU0004723,431221,426511,7,6,24/06/2010,1701,1,1,1,1,1,3,2,54,9
4335,10MU0004723,431221,426511,7,6,24/06/2010,1701,1,1,1,1,1,3,1,30,9
4336,10MU0004723,431221,426511,7,6,24/06/2010,1701,1,1,1,1,2,2,1,29,9
4337,10MU0004723,431221,426511,7,6,24/06/2010,1701,1,1,1,1,2,2,1,28,9
4338,10AA0004642,423295,434687,2,1,25/06/2010,2052,6,1,1,1,1,3,1,22,1
4339,10AA0004662,427277,433078,2,1,25/06/2010,1600,6,1,1,1,2,3,2,22,9
4340,10BA0004630,436849,433636,1,1,25/06/2010,1540,6,1,1,1,2,2,1,5,11
4341,10BA0004693,434367,438457,2,1,25/06/2010,1600,3,1,1,1,2,3,2,20,9
4342,10BA0004937,436301,433611,2,1,25/06/2010,1006,6,1,1,1,1,3,1,17,3
4343,10MU0004644,428025,431431,3,1,25/06/2010,1625,1,1,1,1,1,3,2,26,9
4344,10AA0004920,428513,433382,2,1,26/06/2010,1700,6,1,1,1,1,3,2,26,1
4345,10MU0004643,431957,428237,1,2,26/06/2010,433,1,1,1,1,2,3,2,20,9
4346,10MU0004643,431957,428237,1,2,26/06/2010,433,1,1,1,1,2,2,1,22,9
4347,10AA0004691,427745,436148,2,1,27/06/2010,1750,4,1,1,1,1,3,1,24,1
4348,10BA0004715,430630,437289,1,1,27/06/2010,1710,6,1,1,1,3,3,2,17,9
4349,10CA0004637,428830,430266,2,2,27/06/2010,333,6,1,7,1,1,2,1,22,9
4350,10CA0004637,428830,430266,2,2,27/06/2010,333,6,1,7,1,1,2,2,60,9
4351,10MU0004779,430071,434419,3,1,27/06/2010,1735,2,1,1,1,1,3,1,42,5
4352,10AA0004722,422998,432690,3,2,28/06/2010,1520,6,1,1,1,1,3,2,37,9
4353,10AA0004722,422998,432690,3,2,28/06/2010,1520,6,1,1,1,2,3,2,12,9
4354,10BA0004726,432115,435376,2,1,28/06/2010,1855,4,1,1,1,1,3,2,28,9
4355,10CA0004701,430467,433992,2,1,28/06/2010,1225,6,1,1,1,2,3,2,49,11
4356,10CA0004794,427701,431593,2,2,28/06/2010,1208,3,1,1,1,1,3,1,53,9
4357,10CA0004794,427701,431593,2,2,28/06/2010,1208,3,1,1,1,2,3,2,48,9
4358,10CA0004796,422156,428049,2,1,28/06/2010,1130,4,1,1,1,1,3,2,61,9
4359,10MU0004732,431049,424680,1,1,28/06/2010,2135,1,2,4,1,1,3,1,38,9
4360,10AA0004752,428840,436571,2,1,29/06/2010,814,6,1,1,1,1,3,2,37,9
4361,10BA0004751,430959,433407,2,1,29/06/2010,1945,3,1,1,1,1,3,1,28,5
4362,10CA0004758,430846,433997,1,1,29/06/2010,1350,6,1,1,1,3,2,1,47,9
4363,10CA0004770,429405,433469,2,1,29/06/2010,1630,6,1,1,1,1,3,2,62,9
4364,10CA0004884,428793,430526,3,2,29/06/2010,1632,6,1,1,1,1,3,1,30,9
4365,10CA0004884,428793,430526,3,2,29/06/2010,1632,6,1,1,1,2,3,2,4,9
4366,10AA0004780,427374,437138,2,1,30/06/2010,830,3,1,1,1,1,2,1,32,1
4367,10BA0004748,440344,432860,1,1,30/06/2010,1520,4,1,1,1,3,3,2,2,9
4368,10BA0004839,433892,435204,2,1,30/06/2010,1230,6,1,1,1,1,3,2,28,9
4369,10BA0004841,437982,432919,2,1,30/06/2010,959,3,1,1,1,1,3,2,41,9
4370,10BA0004847,431401,435025,3,2,30/06/2010,1315,6,1,1,1,1,2,2,80,9
4371,10BA0004847,431401,435025,3,2,30/06/2010,1315,6,1,1,1,1,3,1,40,9
4372,10BA0004903,436975,433610,2,2,30/06/2010,1845,3,1,1,1,1,3,2,29,9
4373,10BA0004903,436975,433610,2,2,30/06/2010,1845,3,1,1,1,2,3,2,7,9
4374,10CA0004999,430977,428447,2,1,30/06/2010,1040,6,1,1,1,1,3,1,21,2
4375,10AA0004785,423479,434610,4,1,01/07/2010,1708,6,1,1,1,1,3,1,19,9
4376,10BA0004803,430740,435058,3,1,01/07/2010,1653,6,1,1,1,1,3,1,24,9
4377,10MU0004797,424727,427497,2,1,01/07/2010,1740,1,1,1,1,2,3,2,31,9
4378,10AA0005075,427576,434802,2,1,02/07/2010,1530,6,1,1,1,1,3,1,33,9
4379,10BA0004804,432155,435617,2,2,02/07/2010,1610,6,1,1,1,1,3,1,45,9
4380,10BA0004804,432155,435617,2,2,02/07/2010,1610,6,1,1,1,2,3,2,14,9
4381,10CA0004806,430375,433531,1,1,02/07/2010,1243,6,1,1,1,2,3,1,77,11
4382,10CA0004882,435911,425988,2,4,02/07/2010,5,3,2,4,2,1,3,1,21,9
4383,10CA0004882,435911,425988,2,4,02/07/2010,5,3,2,4,2,2,3,2,16,9