Col.Number,Reference.Number,Easting,Northing,Number.of.Vehicles,Number.of.Casualties,Accident.Date,Time..24hr.,X1st.Road.Class,Road.Surface,Lighting.Conditions,Weather.Conditions,Casualty.Class,Casualty.Severity,Sex.of.Casualty,Age.of.Casualty,Type.of.Vehicle
4384,10CA0004882,435911,425988,2,4,02/07/2010,5,3,2,4,2,2,3,2,15,9
4385,10CA0004882,435911,425988,2,4,02/07/2010,5,3,2,4,2,2,3,2,16,9
4386,10AA0004802,428530,436885,2,1,03/07/2010,1602,4,1,1,1,1,3,2,46,9
4387,10AA0004928,429701,435051,2,4,03/07/2010,10,6,1,4,1,1,3,2,21,9
4388,10AA0004928,429701,435051,2,4,03/07/2010,10,6,1,4,1,2,3,2,16,9
4389,10AA0004928,429701,435051,2,4,03/07/2010,10,6,1,4,1,2,3,2,16,9
4390,10AA0004928,429701,435051,2,4,03/07/2010,10,6,1,4,1,2,3,2,17,9
4391,10AA0004934,422387,432648,2,1,03/07/2010,1610,6,1,1,1,1,3,1,9,1
4392,10CA0004915,425542,426595,3,2,03/07/2010,1122,4,1,1,1,2,3,2,12,9
4393,10CA0004915,425542,426595,3,2,03/07/2010,1122,4,1,1,1,2,3,2,41,9
4394,10AA0004935,425945,434675,2,2,04/07/2010,1730,6,1,1,1,1,3,1,58,9
4395,10AA0004935,425945,434675,2,2,04/07/2010,1730,6,1,1,1,2,3,2,56,9
4396,10AA0004831,423475,434031,2,4,05/07/2010,10,6,1,4,1,1,3,1,25,9
4397,10AA0004831,423475,434031,2,4,05/07/2010,10,6,1,4,1,1,2,1,63,9
4398,10AA0004831,423475,434031,2,4,05/07/2010,10,6,1,4,1,2,3,2,17,9
4399,10AA0004831,423475,434031,2,4,05/07/2010,10,6,1,4,1,2,3,2,17,9
4400,10AA0004890,423881,434903,1,1,05/07/2010,2030,6,1,1,1,3,3,1,12,9
4401,10BA0004881,430981,438656,3,1,05/07/2010,1755,6,1,1,1,1,3,1,25,9
4402,10BA0004896,432280,436272,2,1,05/07/2010,1810,6,1,1,1,1,3,2,22,1
4403,10BA0004897,444969,428122,1,2,05/07/2010,2025,6,1,1,1,1,3,1,21,9
4404,10BA0004897,444969,428122,1,2,05/07/2010,2025,6,1,1,1,2,3,1,21,9
4405,10BA0004901,433598,435587,2,1,05/07/2010,1520,6,1,1,1,1,3,1,18,3
4406,10BA0004902,430784,438588,2,3,05/07/2010,2027,6,1,1,1,1,3,1,43,9
4407,10BA0004902,430784,438588,2,3,05/07/2010,2027,6,1,1,1,2,3,1,22,9
4408,10BA0004902,430784,438588,2,3,05/07/2010,2027,6,1,1,1,2,3,1,22,9
4409,10BA0004904,432539,434899,1,1,05/07/2010,1800,6,1,1,1,2,3,1,36,9
4410,10BA0004910,434829,438005,1,1,05/07/2010,710,3,1,1,1,2,3,2,60,11
4411,10CA0004888,424249,428209,2,1,05/07/2010,1645,3,1,1,4,1,3,1,48,5
4412,10AA0004938,427569,434537,2,1,06/07/2010,950,3,1,1,1,1,3,1,41,1
4413,10AA0278852,428769,434209,1,1,06/07/2010,1649,6,1,1,1,3,1,1,4,9
4414,10MU0005013,437708,431607,2,2,06/07/2010,1305,1,1,1,1,1,3,2,22,9
4415,10MU0005013,437708,431607,2,2,06/07/2010,1305,1,1,1,1,2,3,2,46,9
4416,10AA0004964,422707,445558,1,1,07/07/2010,25,3,1,6,1,1,2,2,25,9
4417,10BA0004965,435303,435118,2,2,07/07/2010,1747,6,1,1,1,1,3,1,20,9
4418,10BA0004965,435303,435118,2,2,07/07/2010,1747,6,1,1,1,3,3,2,16,9
4419,10BA0004968,442323,428105,1,1,07/07/2010,1951,6,1,1,1,2,3,1,17,9
4420,10AA0005063,420532,444017,2,1,08/07/2010,1900,6,1,1,1,1,3,1,17,3
4421,10CA0005036,430002,434152,2,4,08/07/2010,725,3,1,1,1,1,2,2,50,9
4422,10CA0005036,430002,434152,2,4,08/07/2010,725,3,1,1,1,2,3,2,14,9
4423,10CA0005036,430002,434152,2,4,08/07/2010,725,3,1,1,1,1,3,1,43,9
4424,10CA0005036,430002,434152,2,4,08/07/2010,725,3,1,1,1,2,3,2,30,9
4425,10MU0005011,435917,425859,2,3,08/07/2010,1800,1,1,1,1,1,3,1,60,9
4426,10MU0005011,435917,425859,2,3,08/07/2010,1800,1,1,1,1,2,3,2,26,9
4427,10MU0005011,435917,425859,2,3,08/07/2010,1800,1,1,1,1,2,3,2,60,9
4428,10MU0005033,432393,426256,2,1,08/07/2010,1637,1,1,1,1,2,3,2,26,9
4429,10MU0005037,431963,428416,2,2,08/07/2010,1055,1,1,1,1,1,3,1,48,9
4430,10MU0005037,431963,428416,2,2,08/07/2010,1055,1,1,1,1,1,3,2,27,9
4431,10AA0004958,428472,435199,2,1,10/07/2010,2235,6,1,4,1,1,3,1,25,1
4432,10AA0004963,423542,435415,2,3,10/07/2010,1905,4,1,1,1,1,3,1,23,9
4433,10AA0004963,423542,435415,2,3,10/07/2010,1905,4,1,1,1,1,3,1,26,8
4434,10AA0004963,423542,435415,2,3,10/07/2010,1905,4,1,1,1,2,3,1,16,9
4435,10AA0004971,424455,433725,1,3,10/07/2010,1914,6,1,1,1,1,3,1,17,9
4436,10AA0004971,424455,433725,1,3,10/07/2010,1914,6,1,1,1,2,3,1,14,9
4437,10AA0004971,424455,433725,1,3,10/07/2010,1914,6,1,1,1,2,3,1,17,9
4438,10AA0005101,418436,442245,2,1,10/07/2010,1145,6,1,1,1,1,2,1,27,5
4439,10BA0005146,431883,435239,3,2,10/07/2010,335,6,1,7,1,1,3,1,23,9
4440,10BA0005146,431883,435239,3,2,10/07/2010,335,6,1,7,1,1,3,1,43,9
4441,10CA0004997,430075,431160,1,1,10/07/2010,1155,3,1,1,1,3,3,1,14,9
4442,10CA0005014,429399,431340,3,1,10/07/2010,930,6,1,1,1,1,3,2,22,9
4443,10CA0005658,428268,429587,2,1,10/07/2010,1450,3,1,1,1,1,3,2,30,9
4444,10AA0005118,428080,434946,1,1,11/07/2010,1330,6,1,1,1,3,3,2,5,9
4445,10BA0005008,437963,428081,2,1,11/07/2010,1755,6,1,1,1,1,3,1,61,1
4446,10BA0005038,430686,439202,1,1,11/07/2010,1555,3,1,1,1,3,2,2,11,9
4447,10BA0005157,432390,443627,1,1,11/07/2010,2330,3,1,6,1,2,3,1,19,9
4448,10MU0005057,443103,440642,1,1,11/07/2010,550,2,1,1,1,1,3,1,40,9
4449,10MU0005060,443256,439265,1,2,11/07/2010,1330,2,1,1,1,1,3,1,50,9
4450,10MU0005060,443256,439265,1,2,11/07/2010,1330,2,1,1,1,2,3,2,50,9
4451,10AA0005070,419965,446141,2,2,12/07/2010,1455,6,1,1,1,1,3,1,34,9
4452,10AA0005070,419965,446141,2,2,12/07/2010,1455,6,1,1,1,2,3,2,29,9
4453,10AA0005110,420450,434940,3,1,12/07/2010,1720,6,1,1,1,1,3,1,12,1
4454,10BA0005006,437471,444522,1,1,12/07/2010,2350,3,1,6,1,1,3,1,23,9
4455,10BA0005028,431579,432944,2,1,12/07/2010,910,6,2,1,2,1,3,1,46,11
4456,10BA0005039,433500,434045,2,1,12/07/2010,1550,3,1,1,1,2,3,2,30,9
4457,10BA0005064,433995,437090,1,1,12/07/2010,1900,6,1,1,1,2,3,1,53,11
4458,10BA0005073,435898,436413,2,1,12/07/2010,1332,3,2,1,2,2,3,2,62,9
4459,10BA0005076,432164,434817,2,1,12/07/2010,1500,6,1,1,1,1,3,1,53,8
4460,10CA0006321,431381,431662,2,2,12/07/2010,1515,3,1,1,1,1,3,2,33,9
4461,10CA0006321,431381,431662,2,2,12/07/2010,1515,3,1,1,1,2,3,2,70,9
4462,10MU0005058,436640,425930,2,1,12/07/2010,1239,1,2,1,2,1,3,1,36,9
4463,10AA0005049,420560,441128,2,1,13/07/2010,2115,6,2,4,2,1,3,1,15,1
4464,10AA0005052,426970,439832,1,1,13/07/2010,1700,3,1,1,1,3,3,1,16,9
4465,10AA0005062,423621,431754,2,1,13/07/2010,1750,6,2,1,2,1,3,1,51,1
4466,10AA0005355,426598,435546,2,1,13/07/2010,1730,6,1,1,1,1,2,1,31,1
4467,10BA0005068,431245,433800,2,4,13/07/2010,1730,6,1,1,1,1,3,1,33,9
4468,10BA0005068,431245,433800,2,4,13/07/2010,1730,6,1,1,1,2,3,1,30,9
4469,10BA0005068,431245,433800,2,4,13/07/2010,1730,6,1,1,1,2,3,2,23,9
4470,10BA0005068,431245,433800,2,4,13/07/2010,1730,6,1,1,1,2,3,2,32,9
4471,10CA0005085,430962,433507,1,1,13/07/2010,1200,6,1,1,1,3,3,2,89,8
4472,10MU0005111,432409,426223,2,1,13/07/2010,808,1,1,1,1,1,3,2,29,9
4473,10CA0005087,432085,431105,1,1,14/07/2010,1210,4,1,1,1,3,2,1,36,9
4474,10CA0005093,427949,430323,1,1,14/07/2010,1615,3,1,1,1,1,3,2,53,9
4475,10CA0005189,431960,430312,2,1,14/07/2010,1335,3,1,1,1,1,3,2,29,9
4476,10MU0005109,431926,427936,2,2,14/07/2010,1843,1,2,1,2,2,3,1,57,9
4477,10MU0005109,431926,427936,2,2,14/07/2010,1843,1,2,1,2,2,3,2,20,9
4478,10AA0005133,427521,434553,2,1,15/07/2010,910,6,2,1,2,1,3,2,59,9
4479,10AA0005144,425113,434369,1,1,15/07/2010,1316,3,1,1,1,2,3,2,69,11
4480,10AA0005156,429476,435141,3,2,16/07/2010,2110,6,1,4,1,1,2,1,17,1
4481,10AA0005156,429476,435141,3,2,16/07/2010,2110,6,1,4,1,2,3,1,16,9
4482,10BA0005168,440940,428432,2,1,16/07/2010,1810,6,1,1,1,1,3,1,29,5
4483,10CA0005143,429128,432131,3,1,16/07/2010,830,6,1,1,1,1,3,1,40,1
4484,10CA0005145,430339,432767,2,1,16/07/2010,20,6,2,4,2,1,3,2,31,9
4485,10MU0005154,437790,432206,2,2,16/07/2010,1130,1,2,1,1,1,3,1,48,9
4486,10MU0005154,437790,432206,2,2,16/07/2010,1130,1,2,1,1,2,3,2,21,9
4487,10AA0005120,424704,438859,2,1,17/07/2010,1010,6,2,1,2,1,3,2,47,9
4488,10AA0005155,422030,443849,2,3,17/07/2010,1720,6,1,1,1,1,3,1,36,9
4489,10AA0005155,422030,443849,2,3,17/07/2010,1720,6,1,1,1,2,3,1,29,9
4490,10AA0005155,422030,443849,2,3,17/07/2010,1720,6,1,1,1,2,3,1,18,9
4491,10BA0005845,435054,432441,1,4,17/07/2010,2356,6,1,6,1,1,3,2,26,10
4492,10BA0005845,435054,432441,1,4,17/07/2010,2356,6,1,6,1,2,3,1,31,10
4493,10BA0005845,435054,432441,1,4,17/07/2010,2356,6,1,6,1,2,3,2,36,10
4494,10BA0005845,435054,432441,1,4,17/07/2010,2356,6,1,6,1,2,3,1,40,10
4495,10AA0005126,421089,439364,1,1,18/07/2010,825,3,1,1,1,1,3,2,32,9
4496,10AA0005137,420051,446831,3,1,18/07/2010,1630,6,1,1,1,1,3,1,22,90
4497,10BA0005177,431881,435316,1,1,18/07/2010,1345,6,1,1,1,3,2,1,11,9
4498,10BA0005187,436156,434707,1,2,18/07/2010,940,3,1,1,1,1,3,2,34,9
4499,10BA0005187,436156,434707,1,2,18/07/2010,940,3,1,1,1,3,3,2,36,9
4500,10CA0005131,431011,430757,1,1,18/07/2010,1656,6,1,1,1,3,3,1,2,9
4501,10AA0005326,428183,433501,1,1,19/07/2010,2220,3,2,4,2,3,2,1,15,9
4502,10BA0005169,431525,434297,2,3,19/07/2010,30,6,1,4,9,1,3,1,27,9
4503,10BA0005169,431525,434297,2,3,19/07/2010,30,6,1,4,9,2,3,2,25,9
4504,10BA0005169,431525,434297,2,3,19/07/2010,30,6,1,4,9,2,3,2,21,9
4505,10CA0005172,428312,429593,2,2,19/07/2010,1250,3,1,1,1,1,3,1,47,19
4506,10CA0005172,428312,429593,2,2,19/07/2010,1250,3,1,1,1,2,3,1,34,19
4507,10CA0005206,429575,431019,3,1,19/07/2010,1910,6,1,1,1,3,2,2,9,9
4508,10AA0005207,426378,435439,2,1,20/07/2010,851,3,1,1,1,1,3,1,46,1
4509,10AA0005218,425456,434289,1,2,20/07/2010,2345,3,2,4,2,1,3,2,49,9
4510,10AA0005218,425456,434289,1,2,20/07/2010,2345,3,2,4,2,2,3,2,20,9
4511,10AA0005243,427519,435871,2,2,20/07/2010,1855,4,5,1,2,1,3,2,20,9
4512,10AA0005243,427519,435871,2,2,20/07/2010,1855,4,5,1,2,2,3,2,20,9
4513,10BA0005236,433952,434138,2,1,20/07/2010,1755,3,2,1,2,1,3,2,25,9
4514,10MU0005205,430435,430785,1,1,20/07/2010,840,1,1,1,1,1,3,2,38,9
4515,10AA0005213,418136,442482,2,1,21/07/2010,1655,3,1,1,1,1,3,1,38,1
4516,10AA0005216,427277,433073,2,1,21/07/2010,830,4,1,1,1,1,3,1,46,9
4517,10AA0005220,427822,435410,2,2,21/07/2010,900,6,1,1,1,1,3,2,24,9
4518,10AA0005220,427822,435410,2,2,21/07/2010,900,6,1,1,1,1,3,2,28,9
4519,10AA0005222,424370,438738,2,2,21/07/2010,1610,6,1,1,1,1,3,2,35,9
4520,10AA0005222,424370,438738,2,2,21/07/2010,1610,6,1,1,1,1,3,1,12,1
4521,10BA0005233,432060,435963,2,3,21/07/2010,1745,6,2,1,2,1,3,1,62,9
4522,10BA0005233,432060,435963,2,3,21/07/2010,1745,6,2,1,2,1,3,1,21,9
4523,10BA0005233,432060,435963,2,3,21/07/2010,1745,6,2,1,2,2,3,1,23,9
4524,10BA0005244,428674,437010,3,1,21/07/2010,1236,4,1,1,1,1,3,1,52,1
4525,10BA0005258,431172,434708,2,1,21/07/2010,1618,6,1,1,1,2,3,2,27,9
4526,10BA0005364,434787,433463,2,1,21/07/2010,2220,6,1,7,1,1,3,1,51,9
4527,10CA0005214,426369,428469,2,1,21/07/2010,1530,3,1,1,1,2,3,2,17,9
4528,10CA0005276,429864,430837,1,1,21/07/2010,2020,6,1,1,1,1,2,1,51,9
4529,10AA0005242,425180,437760,1,1,22/07/2010,1020,6,1,1,1,2,3,1,31,20
4530,10AA0005261,427963,436082,3,2,22/07/2010,2318,3,1,4,1,2,3,2,16,9
4531,10AA0005261,427963,436082,3,2,22/07/2010,2318,3,1,4,1,2,3,1,18,9
4532,10BA0005264,430527,435408,2,1,22/07/2010,2015,6,1,1,1,1,3,1,17,1
4533,10CA0005234,430406,433670,1,1,22/07/2010,1605,6,1,1,1,2,3,2,68,11
4534,10MU0005328,443629,437798,2,1,22/07/2010,1409,2,1,1,1,1,3,2,36,9
4535,10AA0005277,428061,435959,2,1,23/07/2010,1230,3,1,1,1,1,3,1,26,1
4536,10AA0005320,426155,435588,2,1,23/07/2010,845,4,1,1,1,1,2,2,27,1
4537,10AA0005343,427239,434861,2,1,23/07/2010,1415,6,1,1,1,1,2,2,25,9
4538,10BA0005287,442158,434442,2,2,23/07/2010,1950,3,1,1,1,1,3,2,52,9
4539,10BA0005287,442158,434442,2,2,23/07/2010,1950,3,1,1,1,1,3,1,37,9
4540,10CA0005245,429921,432723,2,1,23/07/2010,837,3,1,1,1,2,3,2,26,11
4541,10CA0005283,429152,431712,2,1,23/07/2010,2043,6,1,1,1,1,3,1,11,1
4542,10BA0005294,435746,432309,1,1,24/07/2010,2250,6,1,6,1,3,3,2,63,2
4543,10BA0005295,432376,434919,1,1,24/07/2010,1627,4,1,1,1,3,3,2,15,9
4544,10BA0005322,433907,436532,2,1,24/07/2010,825,3,1,1,1,1,2,1,46,5
4545,10CA0005340,426827,426664,2,1,24/07/2010,1050,3,1,1,1,1,3,1,48,9
4546,10AA0005300,425069,434274,2,1,25/07/2010,1415,3,1,1,1,1,3,1,16,1
4547,10AA0005700,423850,434549,3,1,25/07/2010,2241,6,1,4,1,1,2,1,17,3
4548,10BA0005298,431440,435735,1,1,25/07/2010,1445,6,1,1,1,3,3,1,22,9
4549,10BA0005301,431889,432696,1,1,25/07/2010,1240,6,1,1,1,3,3,1,5,9
4550,10BA0005310,430955,440085,2,1,25/07/2010,850,3,1,1,1,1,3,1,5,1
4551,10MU0005302,432311,426789,1,1,25/07/2010,1,1,1,4,1,1,2,1,34,9
4552,10MU0005317,432172,427281,1,12,25/07/2010,1350,1,1,1,1,1,2,1,46,10
4553,10MU0005317,432172,427281,1,12,25/07/2010,1350,1,1,1,1,2,2,1,55,10
4554,10MU0005317,432172,427281,1,12,25/07/2010,1350,1,1,1,1,2,3,1,65,10
4555,10MU0005317,432172,427281,1,12,25/07/2010,1350,1,1,1,1,2,2,1,34,10
4556,10MU0005317,432172,427281,1,12,25/07/2010,1350,1,1,1,1,2,2,1,29,10
4557,10MU0005317,432172,427281,1,12,25/07/2010,1350,1,1,1,1,2,3,1,27,10
4558,10MU0005317,432172,427281,1,12,25/07/2010,1350,1,1,1,1,2,3,1,31,10
4559,10MU0005317,432172,427281,1,12,25/07/2010,1350,1,1,1,1,2,3,1,37,10
4560,10MU0005317,432172,427281,1,12,25/07/2010,1350,1,1,1,1,2,2,1,42,10
4561,10MU0005317,432172,427281,1,12,25/07/2010,1350,1,1,1,1,2,2,1,36,10
4562,10MU0005317,432172,427281,1,12,25/07/2010,1350,1,1,1,1,2,3,1,34,10
4563,10MU0005317,432172,427281,1,12,25/07/2010,1350,1,1,1,1,2,3,1,67,10
4564,10MU0005347,443101,440622,1,2,25/07/2010,1056,2,1,1,1,1,2,2,47,9
4565,10MU0005347,443101,440622,1,2,25/07/2010,1056,2,1,1,1,2,3,1,12,9
4566,10AA0005496,427867,436252,2,2,26/07/2010,1745,3,1,1,1,1,3,1,27,9
4567,10AA0005496,427867,436252,2,2,26/07/2010,1745,3,1,1,1,2,3,1,58,9
4568,10BA0005357,435289,436165,2,1,26/07/2010,1245,6,1,1,1,1,3,1,19,1
4569,10CA0005338,430693,433747,1,1,26/07/2010,930,3,1,1,1,3,2,2,14,9
4570,10CA0006094,430073,433846,1,1,26/07/2010,1700,6,1,1,1,3,3,1,17,9
4571,10MU0005330,432352,426902,2,1,26/07/2010,1732,1,1,1,1,1,3,1,41,5
4572,10BA0005617,441559,430236,2,2,27/07/2010,1830,6,1,1,1,1,3,1,18,9
4573,10BA0005617,441559,430236,2,2,27/07/2010,1830,6,1,1,1,2,3,1,18,9
4574,10CA0005384,436765,429083,2,1,27/07/2010,2150,6,1,4,1,3,2,1,27,9
4575,10MU0005361,430430,426478,3,2,27/07/2010,1116,1,1,1,1,1,3,2,19,9
4576,10MU0005361,430430,426478,3,2,27/07/2010,1116,1,1,1,1,2,3,1,29,9
4577,10AA0005362,415990,442974,2,2,28/07/2010,1833,6,1,1,1,1,3,1,18,9
4578,10AA0005362,415990,442974,2,2,28/07/2010,1833,6,1,1,1,2,3,2,16,9
4579,10AA0005367,429305,435220,1,1,28/07/2010,1618,6,1,1,1,3,2,1,19,9
4580,10AA0005460,420444,445223,2,1,28/07/2010,1654,6,1,1,1,2,3,2,24,11
4581,10BA0005359,438950,431553,2,1,28/07/2010,923,3,1,1,1,1,3,2,19,9
4582,10BA0005375,437549,440112,1,1,28/07/2010,550,6,2,1,1,1,2,1,80,9
4583,10BA0005425,432695,436890,1,1,28/07/2010,1435,6,1,1,1,3,3,1,7,9
4584,10CA0005374,430859,434152,1,1,28/07/2010,840,3,1,1,1,3,3,2,25,9
4585,10CA0005379,428740,429686,1,1,28/07/2010,1305,3,1,1,1,3,2,1,15,19
4586,10CA0005381,431026,429119,2,1,28/07/2010,1425,6,1,1,1,1,2,1,8,1
4587,10MU0005438,432060,425659,3,2,28/07/2010,1419,1,1,1,1,1,3,1,27,9
4588,10MU0005438,432060,425659,3,2,28/07/2010,1419,1,1,1,1,2,3,1,38,9
4589,10AA0005393,427798,434672,2,5,29/07/2010,2358,6,1,4,1,1,3,1,49,9
4590,10AA0005393,427798,434672,2,5,29/07/2010,2358,6,1,4,1,2,3,2,26,9
4591,10AA0005393,427798,434672,2,5,29/07/2010,2358,6,1,4,1,2,3,1,18,9
4592,10AA0005393,427798,434672,2,5,29/07/2010,2358,6,1,4,1,2,3,1,30,9
4593,10AA0005393,427798,434672,2,5,29/07/2010,2358,6,1,4,1,2,3,1,38,9
4594,10BA0005378,433351,436236,1,1,29/07/2010,1610,3,1,1,1,2,3,1,1,11
4595,10BA0005409,428621,440708,2,1,29/07/2010,1900,6,1,1,1,1,3,1,50,5
4596,10BA0005428,430734,435470,2,1,29/07/2010,1629,6,1,1,1,1,3,2,8,1
4597,10BA0005465,432101,436044,2,1,29/07/2010,646,6,1,1,1,1,3,1,38,1
4598,10MU0005423,431878,430498,2,1,29/07/2010,1715,1,1,1,1,1,3,2,42,9
4599,10BA0005407,430871,435049,2,1,30/07/2010,1010,3,1,1,1,1,3,2,67,9
4600,10BA0005418,437959,429938,2,2,30/07/2010,900,3,2,1,2,1,3,1,55,9
4601,10BA0005418,437959,429938,2,2,30/07/2010,900,3,2,1,2,2,3,2,45,9
4602,10CA0005471,428527,431535,2,2,30/07/2010,1442,3,2,1,1,1,3,2,22,9
4603,10CA0005471,428527,431535,2,2,30/07/2010,1442,3,2,1,1,2,3,1,25,9
4604,10MU0005406,434356,430278,1,1,30/07/2010,1910,1,2,1,2,1,3,2,35,9
4605,10AA0005390,423539,434600,2,1,31/07/2010,25,6,2,4,1,1,3,1,51,5
4606,10AA0005422,426273,435596,2,4,31/07/2010,1452,4,1,1,1,2,3,2,60,11
4607,10AA0005422,426273,435596,2,4,31/07/2010,1452,4,1,1,1,2,3,1,23,11
4608,10AA0005422,426273,435596,2,4,31/07/2010,1452,4,1,1,1,2,3,2,35,11
4609,10AA0005422,426273,435596,2,4,31/07/2010,1452,4,1,1,1,2,3,2,41,11
4610,10BA0005402,431825,435618,2,11,31/07/2010,1940,3,1,1,1,2,2,2,45,11
4611,10BA0005402,431825,435618,2,11,31/07/2010,1940,3,1,1,1,2,3,1,23,11
4612,10BA0005402,431825,435618,2,11,31/07/2010,1940,3,1,1,1,2,3,1,22,11
4613,10BA0005402,431825,435618,2,11,31/07/2010,1940,3,1,1,1,2,3,1,29,11
4614,10BA0005402,431825,435618,2,11,31/07/2010,1940,3,1,1,1,2,3,1,21,11
4615,10BA0005402,431825,435618,2,11,31/07/2010,1940,3,1,1,1,2,3,2,18,11
4616,10BA0005402,431825,435618,2,11,31/07/2010,1940,3,1,1,1,2,3,1,18,11
4617,10BA0005402,431825,435618,2,11,31/07/2010,1940,3,1,1,1,2,3,1,19,11
4618,10BA0005402,431825,435618,2,11,31/07/2010,1940,3,1,1,1,2,3,1,18,11
4619,10BA0005402,431825,435618,2,11,31/07/2010,1940,3,1,1,1,2,3,1,27,11
4620,10BA0005402,431825,435618,2,11,31/07/2010,1940,3,1,1,1,2,3,1,34,11
4621,10BA0005424,433613,433187,1,1,31/07/2010,1155,6,1,1,1,2,3,2,67,11
4622,10CA0005447,428155,425863,1,1,31/07/2010,1235,6,1,1,1,1,3,1,21,9
4623,10MU0005429,430797,433833,2,1,31/07/2010,1925,2,2,1,2,1,3,1,32,10
4624,10AA0005400,428492,434317,3,4,01/08/2010,222,6,1,4,1,1,3,1,48,8
4625,10AA0005400,428492,434317,3,4,01/08/2010,222,6,1,4,1,2,3,1,36,8
4626,10AA0005400,428492,434317,3,4,01/08/2010,222,6,1,4,1,2,3,2,26,8
4627,10AA0005400,428492,434317,3,4,01/08/2010,222,6,1,4,1,1,3,1,28,9
4628,10BA0005398,435954,435466,2,3,01/08/2010,1600,3,1,1,1,2,3,1,45,9
4629,10BA0005398,435954,435466,2,3,01/08/2010,1600,3,1,1,1,2,3,1,42,9
4630,10BA0005398,435954,435466,2,3,01/08/2010,1600,3,1,1,1,2,3,1,26,9
4631,10CA0005466,430207,433394,1,1,01/08/2010,1600,6,1,1,1,3,3,1,27,9
4632,10MU0005450,433950,429844,2,1,01/08/2010,857,1,1,1,1,2,3,2,38,9
4633,10BA0005454,432069,438279,2,1,02/08/2010,1830,6,2,1,1,1,3,2,28,9
4634,10BA0005456,432221,434854,1,1,02/08/2010,1600,6,1,1,1,3,3,1,17,9
4635,10AA0005461,423475,434034,2,1,03/08/2010,1715,6,1,1,1,1,3,1,47,1
4636,10BA0005452,432326,435770,2,2,03/08/2010,1755,3,1,1,1,1,3,1,31,9
4637,10BA0005452,432326,435770,2,2,03/08/2010,1755,3,1,1,1,2,3,2,25,9
4638,10BA0005462,437223,433455,3,2,03/08/2010,1600,3,1,1,1,1,3,2,37,9
4639,10BA0005462,437223,433455,3,2,03/08/2010,1600,3,1,1,1,2,3,1,6,9
4640,10BA0005470,432974,440374,1,1,03/08/2010,1530,6,1,1,1,3,3,2,66,9
4641,10BA0005474,432437,434842,2,2,03/08/2010,1635,4,1,1,1,1,3,2,23,9
4642,10BA0005474,432437,434842,2,2,03/08/2010,1635,4,1,1,1,2,3,2,22,9
4643,10BA0005483,431411,435035,2,1,03/08/2010,1113,6,1,1,1,1,3,1,39,9
4644,10BA0005515,434956,437594,1,1,03/08/2010,1710,6,1,1,1,3,3,1,10,2
4645,10CA0005467,424281,428348,2,2,03/08/2010,2230,3,1,4,1,1,3,1,49,9
4646,10CA0005467,424281,428348,2,2,03/08/2010,2230,3,1,4,1,1,2,1,45,5
4647,10CA0005469,430170,431298,2,1,03/08/2010,1710,6,1,1,1,3,3,2,7,9
4648,10CA0324134,424547,427288,1,1,03/08/2010,2140,3,1,6,1,1,1,1,18,9
4649,10AA0005514,423815,439254,2,1,04/08/2010,1530,6,1,1,1,1,3,1,53,5
4650,10BA0005489,439622,448652,2,1,04/08/2010,1227,3,1,1,1,1,3,1,45,21
4651,10CA0005488,429752,433597,1,1,04/08/2010,1434,6,2,1,1,3,2,1,41,9
4652,10CA0005490,428557,427769,2,1,04/08/2010,835,3,2,1,2,1,3,2,30,9
4653,10BA0005502,437555,433224,2,1,05/08/2010,2200,3,1,4,1,1,3,1,21,9
4654,10BA0005758,430448,437620,1,1,05/08/2010,1006,6,1,1,1,2,3,1,58,11
4655,10CA0005473,431798,437570,2,1,05/08/2010,830,6,1,1,1,2,3,2,26,11
4656,10CA0005481,425969,428261,2,2,05/08/2010,1550,4,1,1,1,1,3,1,36,9
4657,10CA0005481,425969,428261,2,2,05/08/2010,1550,4,1,1,1,1,2,1,84,9
4658,10CA0005503,429740,430549,2,3,05/08/2010,1450,3,1,1,1,2,3,1,75,9
4659,10CA0005503,429740,430549,2,3,05/08/2010,1450,3,1,1,1,2,3,2,70,9
4660,10CA0005503,429740,430549,2,3,05/08/2010,1450,3,1,1,1,2,3,2,35,9
4661,10AA0005507,421167,435415,3,1,06/08/2010,1724,3,2,1,2,1,3,1,38,8
4662,10BA0005521,440314,448258,3,3,06/08/2010,1845,3,1,1,1,1,3,1,20,9
4663,10BA0005521,440314,448258,3,3,06/08/2010,1845,3,1,1,1,1,3,2,39,9
4664,10BA0005521,440314,448258,3,3,06/08/2010,1845,3,1,1,1,1,3,2,51,9
4665,10BA0006986,433801,436344,2,3,06/08/2010,2045,6,1,1,1,1,3,1,19,9
4666,10BA0006986,433801,436344,2,3,06/08/2010,2045,6,1,1,1,1,3,1,53,9
4667,10BA0006986,433801,436344,2,3,06/08/2010,2045,6,1,1,1,2,3,2,6,9
4668,10CA0005648,430258,433211,2,1,06/08/2010,525,6,1,1,1,1,3,1,31,9
4669,10AA0005497,428056,434319,2,3,07/08/2010,1925,3,2,1,1,1,3,1,21,9
4670,10AA0005497,428056,434319,2,3,07/08/2010,1925,3,2,1,1,2,3,1,6,9
4671,10AA0005497,428056,434319,2,3,07/08/2010,1925,3,2,1,1,2,3,2,18,9
4672,10AA0005504,424077,434506,2,5,07/08/2010,1830,6,2,1,2,1,3,2,17,9
4673,10AA0005504,424077,434506,2,5,07/08/2010,1830,6,2,1,2,1,3,2,30,9
4674,10AA0005504,424077,434506,2,5,07/08/2010,1830,6,2,1,2,2,3,2,44,9
4675,10AA0005504,424077,434506,2,5,07/08/2010,1830,6,2,1,2,2,3,1,32,9
4676,10AA0005504,424077,434506,2,5,07/08/2010,1830,6,2,1,2,2,3,2,52,9
4677,10AA0005505,425056,433373,2,1,07/08/2010,1755,4,1,1,1,1,3,2,25,9
4678,10BA0005535,434130,433905,2,1,07/08/2010,1745,6,2,1,2,1,3,1,19,5
4679,10CA0005513,432810,429737,2,2,07/08/2010,1130,3,1,1,1,1,3,1,38,9