Col.Number,Reference.Number,Easting,Northing,Number.of.Vehicles,Number.of.Casualties,Accident.Date,Time..24hr.,X1st.Road.Class,Road.Surface,Lighting.Conditions,Weather.Conditions,Casualty.Class,Casualty.Severity,Sex.of.Casualty,Age.of.Casualty,Type.of.Vehicle
4680,10CA0005513,432810,429737,2,2,07/08/2010,1130,3,1,1,1,2,3,2,36,9
4681,10BA0005524,438876,429491,1,1,08/08/2010,1030,6,1,1,1,1,3,1,34,9
4682,10CA0005522,428279,429574,2,3,08/08/2010,1327,3,1,1,1,2,3,2,6,9
4683,10CA0005522,428279,429574,2,3,08/08/2010,1327,3,1,1,1,2,3,1,11,9
4684,10CA0005522,428279,429574,2,3,08/08/2010,1327,3,1,1,1,2,3,1,1,9
4685,10CA0005532,430876,434251,2,4,08/08/2010,1055,3,1,1,1,1,3,1,18,9
4686,10CA0005532,430876,434251,2,4,08/08/2010,1055,3,1,1,1,1,3,1,26,90
4687,10CA0005532,430876,434251,2,4,08/08/2010,1055,3,1,1,1,2,3,1,33,90
4688,10CA0005532,430876,434251,2,4,08/08/2010,1055,3,1,1,1,2,3,1,36,90
4689,10AA0005506,423187,434661,2,1,09/08/2010,900,6,1,1,1,1,3,2,67,9
4690,10AA0005520,424467,433642,2,1,09/08/2010,1700,4,1,1,1,1,3,1,32,1
4691,10BA0005854,431230,445725,2,1,09/08/2010,1730,3,1,1,1,1,3,1,17,9
4692,10CA0005523,430068,434182,2,1,09/08/2010,810,3,1,1,1,1,3,1,53,1
4693,10CA0005525,429013,430277,2,2,09/08/2010,2129,6,1,4,1,1,3,1,36,9
4694,10CA0005525,429013,430277,2,2,09/08/2010,2129,6,1,4,1,2,3,1,42,9
4695,10CA0005530,428800,433287,3,4,09/08/2010,1755,3,1,1,1,1,3,1,64,9
4696,10CA0005530,428800,433287,3,4,09/08/2010,1755,3,1,1,1,1,3,2,33,9
4697,10CA0005530,428800,433287,3,4,09/08/2010,1755,3,1,1,1,2,3,2,64,9
4698,10CA0005530,428800,433287,3,4,09/08/2010,1755,3,1,1,1,2,3,2,20,9
4699,10CA0005577,431504,429680,2,3,09/08/2010,1455,6,1,1,1,1,3,2,51,9
4700,10CA0005577,431504,429680,2,3,09/08/2010,1455,6,1,1,1,1,2,1,23,3
4701,10CA0005577,431504,429680,2,3,09/08/2010,1455,6,1,1,1,2,3,2,16,9
4702,10BA0005613,431788,435057,2,1,10/08/2010,1520,6,1,1,1,1,3,1,19,9
4703,10BA0005622,431155,433630,2,4,10/08/2010,1548,3,1,1,1,1,3,2,54,9
4704,10BA0005622,431155,433630,2,4,10/08/2010,1548,3,1,1,1,2,3,2,12,9
4705,10BA0005622,431155,433630,2,4,10/08/2010,1548,3,1,1,1,2,3,1,25,11
4706,10BA0005622,431155,433630,2,4,10/08/2010,1548,3,1,1,1,2,3,2,37,11
4707,10MU0333823,423941,428097,1,1,10/08/2010,644,1,1,1,1,1,1,2,20,9
4708,10AA0005560,426312,433983,3,1,11/08/2010,1320,6,1,1,1,1,3,1,25,9
4709,10BA0005623,445393,431675,1,1,11/08/2010,1605,3,1,1,1,1,3,1,51,3
4710,10CA0005561,430453,433953,2,1,11/08/2010,2000,6,1,1,1,1,2,1,38,1
4711,10CA0005627,431584,426807,2,4,11/08/2010,720,4,1,1,1,1,2,2,37,9
4712,10CA0005627,431584,426807,2,4,11/08/2010,720,4,1,1,1,1,3,1,43,9
4713,10CA0005627,431584,426807,2,4,11/08/2010,720,4,1,1,1,2,3,1,21,9
4714,10CA0005627,431584,426807,2,4,11/08/2010,720,4,1,1,1,2,3,1,40,9
4715,10AA0005580,426904,432501,2,1,12/08/2010,745,6,1,1,1,1,3,1,50,9
4716,10BA0005612,433179,433826,1,1,12/08/2010,1455,6,1,1,1,3,3,1,11,19
4717,10BA0005626,432033,435715,3,2,12/08/2010,1735,4,1,1,1,1,3,1,28,9
4718,10BA0005626,432033,435715,3,2,12/08/2010,1735,4,1,1,1,2,3,2,28,9
4719,10BA0006165,441982,430301,1,1,12/08/2010,1735,6,1,1,1,3,2,2,62,11
4720,10CA0005582,430001,434152,2,1,12/08/2010,730,3,1,1,1,1,2,1,36,5
4721,10CA0005618,427659,430971,2,2,12/08/2010,1430,3,2,1,1,1,3,1,24,9
4722,10CA0005618,427659,430971,2,2,12/08/2010,1430,3,2,1,1,2,3,1,18,9
4723,10AA0005629,420365,445477,2,1,13/08/2010,1425,6,1,1,1,3,3,2,52,9
4724,10BA0005624,433960,435118,2,1,13/08/2010,1457,6,2,1,1,1,3,1,17,3
4725,10CA0005605,428983,432356,2,1,13/08/2010,1438,6,2,1,1,2,3,1,77,11
4726,10BA0005609,433819,433495,2,1,14/08/2010,1650,6,1,1,1,1,3,2,40,3
4727,10BA0005610,428497,445009,1,1,15/08/2010,655,3,1,1,1,1,3,1,39,5
4728,10BA0342064,431815,439662,2,1,15/08/2010,1547,6,1,1,1,1,1,1,38,4
4729,10CA0005884,429797,433788,2,2,15/08/2010,422,6,1,4,1,1,3,1,31,8
4730,10CA0005884,429797,433788,2,2,15/08/2010,422,6,1,4,1,2,2,1,26,9
4731,10AA0005662,422873,439313,2,1,16/08/2010,945,6,1,1,1,1,3,1,58,5
4732,10BA0005625,436780,434696,2,1,16/08/2010,943,6,1,1,1,1,3,2,28,9
4733,10BA0005681,436377,434701,1,1,16/08/2010,1237,6,1,1,1,3,2,2,80,9
4734,10CA0005659,430393,433618,1,1,17/08/2010,1235,6,1,1,1,2,3,2,28,11
4735,10CA0005661,430665,433656,2,1,17/08/2010,1710,3,1,1,1,1,3,1,25,1
4736,10BA0005656,434322,435384,2,1,18/08/2010,1530,6,1,1,1,1,3,2,33,9
4737,10BA0005657,431523,434988,1,1,18/08/2010,2315,6,1,4,1,3,3,1,31,9
4738,10BA0005686,432228,444876,2,1,18/08/2010,630,3,1,1,1,1,2,1,56,4
4739,10BA0005698,430698,435594,2,1,18/08/2010,2125,6,1,4,1,3,3,1,11,9
4740,10BA0005862,432442,434825,1,1,18/08/2010,1100,4,1,1,1,3,3,2,22,9
4741,10CA0005699,426313,426752,4,1,18/08/2010,1901,3,1,1,1,1,2,1,36,9
4742,10AA0005729,427741,434083,2,1,19/08/2010,1500,6,1,1,1,1,3,1,23,1
4743,10BA0005687,430123,436307,1,1,19/08/2010,1850,3,2,1,2,3,3,2,16,9
4744,10BA0005771,440381,448139,1,1,19/08/2010,2300,6,1,4,1,3,3,1,37,9
4745,10BA0005863,431182,433709,1,1,19/08/2010,1420,3,1,1,1,1,3,1,21,19
4746,10CA0005673,429962,432505,3,1,19/08/2010,1140,3,1,1,1,1,3,1,51,9
4747,10CA0005722,425159,428996,1,1,19/08/2010,1715,3,1,1,1,3,3,1,14,9
4748,10CA0006070,429832,432294,4,2,19/08/2010,1853,6,2,1,2,1,2,1,15,9
4749,10CA0006070,429832,432294,4,2,19/08/2010,1853,6,2,1,2,1,3,1,37,9
4750,10AA0005683,425945,435567,2,1,20/08/2010,1600,4,2,1,2,1,3,2,13,1
4751,10AA0005702,420909,435020,3,3,20/08/2010,1410,3,1,1,1,2,3,2,21,9
4752,10AA0005702,420909,435020,3,3,20/08/2010,1410,3,1,1,1,1,3,1,23,9
4753,10AA0005702,420909,435020,3,3,20/08/2010,1410,3,1,1,1,1,3,2,42,9
4754,10BA0005765,442017,430129,1,1,20/08/2010,1645,6,1,1,1,3,3,2,15,9
4755,10CA0005679,429868,428084,2,1,20/08/2010,2125,6,2,4,1,1,2,1,19,3
4756,10MU0005677,430002,434413,2,1,20/08/2010,1645,2,2,1,1,2,3,2,1,9
4757,10MU0005688,432322,429256,1,1,20/08/2010,1935,1,2,1,2,1,3,1,34,9
4758,10MU0005692,430734,430569,1,1,20/08/2010,553,1,2,1,1,1,3,2,37,9
4759,10MU0005694,423990,427980,2,3,20/08/2010,1420,1,1,1,1,1,3,2,50,9
4760,10MU0005694,423990,427980,2,3,20/08/2010,1420,1,1,1,1,2,3,2,20,9
4761,10MU0005694,423990,427980,2,3,20/08/2010,1420,1,1,1,1,2,3,1,12,9
4762,10AA0005684,420024,440872,2,2,21/08/2010,1309,3,1,1,1,1,3,1,75,9
4763,10AA0005684,420024,440872,2,2,21/08/2010,1309,3,1,1,1,2,3,2,72,9
4764,10AA0005701,423476,434033,2,1,21/08/2010,1900,6,1,1,1,1,2,1,31,10
4765,10BA0005690,433833,434042,2,2,21/08/2010,1035,6,1,1,1,1,3,1,44,4
4766,10BA0005690,433833,434042,2,2,21/08/2010,1035,6,1,1,1,3,3,1,47,4
4767,10MU0005693,431942,427878,2,1,21/08/2010,715,1,1,1,1,2,3,2,19,9
4768,10BA0005695,440437,448191,1,1,22/08/2010,55,4,1,4,1,3,3,1,20,9
4769,10BA0005697,432725,438439,2,1,22/08/2010,1855,6,1,1,1,1,3,1,60,9
4770,10BA0005745,442189,434472,2,1,22/08/2010,1045,3,1,1,1,1,3,1,33,1
4771,10CA0005674,429925,432978,1,2,22/08/2010,320,6,1,4,1,1,2,2,18,9
4772,10CA0005674,429925,432978,1,2,22/08/2010,320,6,1,4,1,2,2,2,18,9
4773,10BA0005763,445362,431632,2,1,23/08/2010,1000,3,1,1,1,1,3,1,46,1
4774,10BA0005773,432448,434972,2,2,23/08/2010,1345,6,2,1,2,2,3,1,24,9
4775,10BA0005773,432448,434972,2,2,23/08/2010,1345,6,2,1,2,2,3,1,24,9
4776,10BA0005782,431162,434302,3,1,23/08/2010,1440,6,2,1,2,1,3,1,25,9
4777,10CA0005685,429795,433810,1,1,23/08/2010,1310,6,2,1,1,3,3,1,16,9
4778,10MU0005742,437890,433005,2,2,23/08/2010,625,1,2,1,2,1,3,1,22,9
4779,10MU0005742,437890,433005,2,2,23/08/2010,625,1,2,1,2,2,3,1,23,9
4780,10AA0005734,428879,435501,1,1,24/08/2010,1045,6,2,1,2,2,3,1,64,11
4781,10BA0005810,434537,434427,1,1,24/08/2010,1730,3,1,1,1,3,3,2,4,9
4782,10CA0005720,425938,427908,2,1,24/08/2010,1700,6,1,1,1,1,3,1,86,9
4783,10CA0005721,427970,430330,2,1,24/08/2010,1730,3,1,1,1,1,3,1,40,9
4784,10CA0005755,430210,434103,1,1,24/08/2010,850,6,2,1,2,3,2,1,56,9
4785,10CA0005759,431002,430598,2,2,24/08/2010,2100,6,1,4,1,1,3,1,24,9
4786,10CA0005759,431002,430598,2,2,24/08/2010,2100,6,1,4,1,2,3,2,22,9
4787,10CA0006110,430688,424483,2,1,24/08/2010,1115,3,1,1,1,1,3,1,41,9
4788,10CA0005756,430524,437031,1,1,25/08/2010,1100,6,1,1,1,2,3,2,81,11
4789,10CA0005760,431355,428191,2,1,25/08/2010,1540,6,1,1,9,1,3,1,20,9
4790,10CA0005783,440028,439605,1,1,25/08/2010,1320,3,1,1,1,2,3,1,56,11
4791,10AA0005778,428048,435066,1,1,26/08/2010,845,6,1,1,1,3,3,2,22,9
4792,10AA0005790,423837,434266,2,2,26/08/2010,1305,6,1,1,1,1,3,1,33,9
4793,10AA0005790,423837,434266,2,2,26/08/2010,1305,6,1,1,1,1,3,2,42,9
4794,10BA0005757,435931,438034,1,1,26/08/2010,830,6,1,1,1,2,3,2,75,11
4795,10BA0005798,437042,438286,3,3,26/08/2010,1016,6,1,1,1,1,3,2,58,9
4796,10BA0005798,437042,438286,3,3,26/08/2010,1016,6,1,1,1,1,3,2,38,9
4797,10BA0005798,437042,438286,3,3,26/08/2010,1016,6,1,1,1,1,3,1,36,9
4798,10AA0005808,428330,435752,2,1,27/08/2010,1350,3,1,1,1,2,3,1,52,11
4799,10BA0005811,436124,435560,2,1,27/08/2010,810,3,1,1,1,1,3,1,23,1
4800,10CA0005797,430243,433402,1,2,27/08/2010,2334,6,1,4,1,3,3,1,25,9
4801,10CA0005797,430243,433402,1,2,27/08/2010,2334,6,1,4,1,3,2,2,22,9
4802,10CA0005799,430130,430948,2,2,27/08/2010,1235,6,1,1,1,1,3,1,42,9
4803,10CA0005799,430130,430948,2,2,27/08/2010,1235,6,1,1,1,2,3,2,41,9
4804,10CA0005817,429959,430864,2,1,27/08/2010,1530,3,1,1,1,1,3,1,16,2
4805,10BA0006502,433384,437250,2,1,28/08/2010,2250,6,1,4,1,2,3,2,75,9
4806,10AA0005779,429386,435418,2,1,29/08/2010,1125,6,1,1,1,1,3,1,29,5
4807,10AA0005813,424721,440286,2,1,29/08/2010,2159,6,1,4,1,1,3,1,22,9
4808,10AA0005824,425265,432984,4,2,29/08/2010,1030,3,1,1,1,2,3,1,18,9
4809,10AA0005824,425265,432984,4,2,29/08/2010,1030,3,1,1,1,2,3,1,20,9
4810,10BA0005807,441195,449895,1,1,29/08/2010,1411,4,1,1,4,1,3,2,23,1
4811,10BA0005883,441895,430143,1,1,29/08/2010,40,4,1,4,1,3,2,1,38,9
4812,10AA0005846,425947,434676,2,3,30/08/2010,1700,6,1,1,1,1,3,1,23,9
4813,10AA0005846,425947,434676,2,3,30/08/2010,1700,6,1,1,1,2,2,2,22,9
4814,10AA0005846,425947,434676,2,3,30/08/2010,1700,6,1,1,1,2,3,2,61,9
4815,10AA0006044,418326,441352,2,1,30/08/2010,1050,4,1,1,1,1,3,2,20,9
4816,10BA0005819,430009,433382,1,1,30/08/2010,1635,6,1,1,1,2,3,2,80,11
4817,10BA0005823,431371,435299,2,1,30/08/2010,1900,6,1,1,1,1,3,1,30,9
4818,10BA0006469,430908,435524,2,1,30/08/2010,2230,6,1,4,1,1,3,2,39,9
4819,10CA0005791,430247,433392,1,1,30/08/2010,100,6,1,4,1,3,3,1,18,9
4820,10CA0005793,430086,431215,1,1,30/08/2010,10,3,1,7,1,3,3,1,26,9
4821,10CA0005818,430093,433825,1,1,30/08/2010,1830,6,1,1,1,3,3,2,16,9
4822,10AA0005812,422037,432484,2,1,31/08/2010,1505,6,1,1,1,1,3,2,24,9
4823,10AA0005835,422386,433469,1,1,31/08/2010,920,4,1,1,1,3,3,1,59,9
4824,10AA0005840,426793,432225,2,1,31/08/2010,2015,6,1,4,1,1,3,1,11,1
4825,10AA0005860,422344,433444,2,2,31/08/2010,1655,4,1,1,1,1,3,2,26,9
4826,10AA0005860,422344,433444,2,2,31/08/2010,1655,4,1,1,1,1,3,2,41,9
4827,10BA0005746,432851,435517,2,1,31/08/2010,1610,6,1,1,1,1,2,1,21,3
4828,10BA0006258,438819,435016,1,1,31/08/2010,20,6,1,6,1,2,2,1,20,90
4829,10CA0005833,430436,433599,1,1,31/08/2010,1655,6,1,1,1,3,3,2,44,19
4830,10MU0005857,424414,427811,2,1,31/08/2010,955,1,1,1,1,1,3,2,61,9
4831,10AA0005972,425918,438100,2,1,01/09/2010,630,3,1,1,1,1,3,1,30,1
4832,10BA0005858,434802,434620,2,1,01/09/2010,1745,3,1,1,1,1,3,1,25,3
4833,10BA0005859,439341,432361,2,1,01/09/2010,2100,3,1,7,1,1,2,1,47,5
4834,10BA0005875,441849,434107,2,1,01/09/2010,1724,3,1,1,1,1,3,2,32,9
4835,10CA0005814,424930,427639,2,2,01/09/2010,800,3,1,1,1,1,3,1,45,9
4836,10CA0005814,424930,427639,2,2,01/09/2010,800,3,1,1,1,1,3,1,61,9
4837,10CA0005839,428786,434035,2,1,01/09/2010,1810,6,1,1,1,1,3,1,30,9
4838,10CA0005864,428492,432623,2,4,01/09/2010,1900,3,1,1,1,1,3,2,23,9
4839,10CA0005864,428492,432623,2,4,01/09/2010,1900,3,1,1,1,2,3,2,20,9
4840,10CA0005864,428492,432623,2,4,01/09/2010,1900,3,1,1,1,2,3,2,24,9
4841,10CA0005864,428492,432623,2,4,01/09/2010,1900,3,1,1,1,2,3,2,26,9
4842,10MU0005848,429362,433749,2,1,01/09/2010,720,2,1,1,1,1,3,2,38,9
4843,10MU0005855,431995,426294,2,3,01/09/2010,1040,1,1,1,1,1,3,2,84,9
4844,10MU0005855,431995,426294,2,3,01/09/2010,1040,1,1,1,1,1,3,1,45,9
4845,10MU0005855,431995,426294,2,3,01/09/2010,1040,1,1,1,1,2,3,2,82,9
4846,10MU0005856,432183,426250,3,3,01/09/2010,1030,1,1,1,1,1,3,1,51,19
4847,10MU0005856,432183,426250,3,3,01/09/2010,1030,1,1,1,1,1,3,2,58,9
4848,10MU0005856,432183,426250,3,3,01/09/2010,1030,1,1,1,1,2,2,2,86,9
4849,10BA0005881,428918,438071,2,1,02/09/2010,1536,6,1,1,1,1,3,1,38,3
4850,10BA0005976,430984,439012,2,1,02/09/2010,1040,6,1,1,1,1,3,1,41,3
4851,10BA0005996,429285,437237,2,3,02/09/2010,810,6,1,1,1,1,3,2,18,9
4852,10BA0005996,429285,437237,2,3,02/09/2010,810,6,1,1,1,1,3,1,28,8
4853,10BA0005996,429285,437237,2,3,02/09/2010,810,6,1,1,1,2,3,2,30,8
4854,10MU0005915,430632,424338,2,1,02/09/2010,735,1,1,1,1,1,3,2,36,9
4855,10BA0005967,433570,434500,1,1,03/09/2010,1725,6,1,1,1,3,3,2,9,19
4856,10CA0005879,428937,429849,2,5,03/09/2010,2109,3,1,4,1,1,3,1,33,9
4857,10CA0005879,428937,429849,2,5,03/09/2010,2109,3,1,4,1,1,3,2,56,9
4858,10CA0005879,428937,429849,2,5,03/09/2010,2109,3,1,4,1,2,3,2,48,9
4859,10CA0005879,428937,429849,2,5,03/09/2010,2109,3,1,4,1,2,3,2,10,9
4860,10CA0005879,428937,429849,2,5,03/09/2010,2109,3,1,4,1,2,3,1,8,9
4861,10CA0005923,423801,428191,2,1,03/09/2010,1910,3,1,1,1,1,2,1,50,1
4862,10AA0005865,423786,437365,3,1,04/09/2010,1645,3,1,1,1,1,3,1,31,19
4863,10BA0005878,436091,435538,2,1,04/09/2010,445,3,1,4,1,1,3,2,32,9
4864,10BA0006002,433168,435236,2,2,04/09/2010,2100,6,1,4,1,1,3,1,21,9
4865,10BA0006002,433168,435236,2,2,04/09/2010,2100,6,1,4,1,1,3,1,50,9
4866,10CA0004102,435833,428390,1,1,04/09/2010,1515,6,1,1,1,3,3,1,62,9
4867,10CA0005924,429382,430521,2,1,04/09/2010,1510,6,1,1,1,1,3,2,43,9
4868,10CA0006063,430273,433589,1,1,04/09/2010,124,6,1,4,1,2,3,1,32,10
4869,10AA0005866,426914,433109,2,1,05/09/2010,1540,4,1,1,1,1,3,1,21,9
4870,10AA0005897,425546,435375,2,1,06/09/2010,2110,6,2,7,5,1,3,1,16,1
4871,10AA0006031,426506,435670,1,1,06/09/2010,1533,6,1,1,1,2,3,1,79,11
4872,10AA0373132,426226,431899,2,2,06/09/2010,511,3,1,4,1,1,2,1,22,9
4873,10AA0373132,426226,431899,2,2,06/09/2010,511,3,1,4,1,1,3,1,36,9
4874,10BA0005920,437323,433359,2,1,06/09/2010,820,3,1,1,1,1,3,1,36,1
4875,10CA0005931,429965,430871,2,1,06/09/2010,714,3,1,1,1,1,3,1,41,19
4876,10CA0005947,435112,428935,2,2,06/09/2010,1415,3,1,1,1,1,3,2,37,9
4877,10CA0005947,435112,428935,2,2,06/09/2010,1415,3,1,1,1,1,3,1,43,9
4878,10AA0005929,423611,437957,1,1,07/09/2010,730,6,2,1,1,1,3,1,18,9
4879,10AA0005977,426338,438926,3,1,07/09/2010,1855,6,2,1,8,1,3,1,45,1
4880,10AA0006030,426702,433078,1,1,07/09/2010,1515,4,1,1,1,2,3,1,14,11
4881,10CA0005922,428549,431479,1,1,07/09/2010,1141,3,1,1,1,3,3,1,46,9
4882,10CA0005944,432542,427753,2,2,07/09/2010,1740,3,2,1,1,1,3,1,22,3
4883,10CA0005944,432542,427753,2,2,07/09/2010,1740,3,2,1,1,1,3,1,77,9
4884,10CA0005968,429515,433784,1,1,07/09/2010,1715,6,2,1,2,3,3,2,20,9
4885,10MU0006051,429818,426399,5,4,07/09/2010,1752,1,2,1,1,1,3,1,47,21
4886,10MU0006051,429818,426399,5,4,07/09/2010,1752,1,2,1,1,1,3,1,23,19
4887,10MU0006051,429818,426399,5,4,07/09/2010,1752,1,2,1,1,1,3,2,44,9
4888,10MU0006051,429818,426399,5,4,07/09/2010,1752,1,2,1,1,1,3,1,30,9
4889,10AA0005970,428201,435793,2,1,08/09/2010,1630,3,1,1,1,1,2,1,38,1
4890,10AA0005995,417933,443174,2,2,08/09/2010,2055,3,1,4,1,2,3,2,18,9
4891,10AA0005995,417933,443174,2,2,08/09/2010,2055,3,1,4,1,2,3,1,19,9
4892,10CA0005945,428529,431530,3,1,08/09/2010,1630,3,1,1,1,1,2,2,34,5
4893,10CA0006117,430318,433395,1,1,08/09/2010,2035,6,1,4,1,3,3,2,55,9
4894,10AA0005978,424421,438954,2,2,09/09/2010,745,6,1,1,1,1,3,2,29,9
4895,10AA0005978,424421,438954,2,2,09/09/2010,745,6,1,1,1,1,3,2,16,1
4896,10AA0006091,427326,437200,2,1,09/09/2010,1725,3,1,1,1,1,2,1,43,1
4897,10BA0005979,432152,435283,2,4,09/09/2010,1425,4,1,1,1,1,3,1,47,9
4898,10BA0005979,432152,435283,2,4,09/09/2010,1425,4,1,1,1,1,3,2,19,9
4899,10BA0005979,432152,435283,2,4,09/09/2010,1425,4,1,1,1,2,3,2,19,9
4900,10BA0005979,432152,435283,2,4,09/09/2010,1425,4,1,1,1,2,3,2,19,9
4901,10BA0006001,429344,438620,2,2,09/09/2010,2028,3,1,7,1,1,2,2,47,9
4902,10BA0006001,429344,438620,2,2,09/09/2010,2028,3,1,7,1,2,3,1,56,9
4903,10BA0006163,442169,445084,1,1,09/09/2010,1548,6,1,1,1,3,2,1,11,9
4904,10CA0005943,429966,430869,2,4,09/09/2010,5,3,1,4,1,1,3,1,19,9
4905,10CA0005943,429966,430869,2,4,09/09/2010,5,3,1,4,1,1,3,1,45,9
4906,10CA0005943,429966,430869,2,4,09/09/2010,5,3,1,4,1,2,3,2,19,9
4907,10CA0005943,429966,430869,2,4,09/09/2010,5,3,1,4,1,2,3,1,56,9
4908,10CA0005997,431583,426814,2,1,09/09/2010,1526,3,1,1,1,1,3,1,27,1
4909,10AA0005975,427500,434507,2,1,10/09/2010,2243,6,2,4,2,1,3,1,39,9
4910,10BA0005999,434688,436712,2,1,10/09/2010,1915,6,1,1,1,2,2,1,23,4
4911,10BA0006013,430911,435570,1,1,10/09/2010,2350,6,1,4,1,3,2,1,43,9
4912,10BA0006130,443195,445753,1,1,10/09/2010,1110,6,2,1,1,3,3,2,48,9
4913,10BA0006162,440390,433504,1,1,10/09/2010,1905,4,1,4,1,3,3,1,14,9
4914,10BA0006172,431882,435471,2,1,10/09/2010,1638,6,1,1,1,1,3,1,43,9
4915,10CA0006000,428433,428719,2,1,10/09/2010,1609,3,1,1,1,1,3,1,33,5
4916,10CA0005994,430064,434178,2,1,11/09/2010,2100,3,1,7,1,1,3,1,53,9
4917,10CA0006431,428503,431497,2,2,11/09/2010,1730,6,1,1,1,2,3,2,34,90
4918,10CA0006431,428503,431497,2,2,11/09/2010,1730,6,1,1,1,2,3,1,46,90
4919,10BA0005992,433928,434124,1,1,12/09/2010,5,3,1,4,1,3,2,1,25,9
4920,10BA0006032,439814,432839,2,1,12/09/2010,1633,6,1,1,1,1,3,1,7,1
4921,10CA0006017,428707,433139,2,2,12/09/2010,450,3,1,7,1,1,3,1,32,9
4922,10CA0006017,428707,433139,2,2,12/09/2010,450,3,1,7,1,2,3,1,33,9
4923,10MU0006024,437789,432310,1,2,12/09/2010,1920,1,1,1,1,1,2,1,47,5
4924,10MU0006024,437789,432310,1,2,12/09/2010,1920,1,1,1,1,2,2,2,49,5
4925,10AA0006023,426787,438024,3,4,13/09/2010,1630,3,2,1,1,1,3,2,49,9
4926,10AA0006023,426787,438024,3,4,13/09/2010,1630,3,2,1,1,1,3,2,55,9
4927,10AA0006023,426787,438024,3,4,13/09/2010,1630,3,2,1,1,1,3,2,37,9
4928,10AA0006023,426787,438024,3,4,13/09/2010,1630,3,2,1,1,2,3,1,51,9
4929,10AA0006034,425577,439760,1,2,13/09/2010,1513,6,2,1,2,3,3,1,11,9
4930,10AA0006034,425577,439760,1,2,13/09/2010,1513,6,2,1,2,1,3,1,63,9
4931,10AA0006109,426318,437706,2,4,13/09/2010,1530,6,1,1,8,1,3,2,45,9
4932,10AA0006109,426318,437706,2,4,13/09/2010,1530,6,1,1,8,1,3,2,51,9
4933,10AA0006109,426318,437706,2,4,13/09/2010,1530,6,1,1,8,2,3,2,15,9
4934,10AA0006109,426318,437706,2,4,13/09/2010,1530,6,1,1,8,2,3,2,54,9
4935,10AA0006111,425634,434242,2,1,13/09/2010,820,3,1,1,1,1,3,1,27,9
4936,10AA0006180,421301,434057,2,4,13/09/2010,2010,3,2,7,2,1,3,1,23,9
4937,10AA0006180,421301,434057,2,4,13/09/2010,2010,3,2,7,2,1,2,1,20,9
4938,10AA0006180,421301,434057,2,4,13/09/2010,2010,3,2,7,2,2,3,1,19,9
4939,10AA0006180,421301,434057,2,4,13/09/2010,2010,3,2,7,2,2,3,1,20,9
4940,10BA0006029,434634,434522,2,1,13/09/2010,800,3,2,1,1,1,3,2,21,9
4941,10CA0006244,435834,428389,3,2,13/09/2010,1630,3,1,1,1,1,3,1,37,19
4942,10CA0006244,435834,428389,3,2,13/09/2010,1630,3,1,1,1,1,3,1,48,9
4943,10MU0006092,435215,431302,1,1,13/09/2010,1510,1,1,1,1,1,3,1,37,9
4944,10AA0006036,420885,440981,2,1,14/09/2010,1700,6,1,1,4,1,3,2,47,9
4945,10AA0006045,427389,433650,2,2,14/09/2010,1730,3,1,1,1,1,3,2,24,9
4946,10AA0006045,427389,433650,2,2,14/09/2010,1730,3,1,1,1,2,3,1,26,9
4947,10AA0006068,426670,433877,3,1,14/09/2010,805,3,2,1,2,1,3,2,26,9
4948,10AA0006177,423317,439339,3,2,14/09/2010,918,6,2,1,5,1,3,1,27,9
4949,10AA0006177,423317,439339,3,2,14/09/2010,918,6,2,1,5,1,3,2,39,9
4950,10BA0006065,432722,438296,2,1,14/09/2010,1115,6,2,1,1,2,3,2,22,9
4951,10BA0006080,434547,434452,2,1,14/09/2010,830,3,1,1,1,1,3,2,22,9
4952,10BA0006120,441220,432405,2,1,14/09/2010,1645,6,1,1,1,1,3,1,12,1
4953,10CA0006035,429673,432925,1,1,14/09/2010,1847,6,2,1,4,3,3,1,18,9
4954,10CA0006047,427762,430106,1,1,14/09/2010,1920,6,2,1,1,3,3,2,8,9
4955,10CA0006056,430879,433359,2,1,14/09/2010,1235,3,1,1,1,1,3,2,26,9
4956,10CA0006181,430952,432161,2,9,14/09/2010,1430,3,1,1,1,1,3,1,34,19
4957,10CA0006181,430952,432161,2,9,14/09/2010,1430,3,1,1,1,2,3,2,78,11
4958,10CA0006181,430952,432161,2,9,14/09/2010,1430,3,1,1,1,2,3,2,53,11
4959,10CA0006181,430952,432161,2,9,14/09/2010,1430,3,1,1,1,2,3,1,30,11
4960,10CA0006181,430952,432161,2,9,14/09/2010,1430,3,1,1,1,2,3,2,44,11
4961,10CA0006181,430952,432161,2,9,14/09/2010,1430,3,1,1,1,2,3,2,71,11
4962,10CA0006181,430952,432161,2,9,14/09/2010,1430,3,1,1,1,2,3,2,42,11
4963,10CA0006181,430952,432161,2,9,14/09/2010,1430,3,1,1,1,2,3,2,62,11
4964,10CA0006181,430952,432161,2,9,14/09/2010,1430,3,1,1,1,2,3,1,43,19
4965,10MU0006621,443199,434714,4,2,14/09/2010,740,1,1,1,4,1,3,1,44,9
4966,10MU0006621,443199,434714,4,2,14/09/2010,740,1,1,1,4,1,3,1,30,9
4967,10BA0006104,430739,435035,2,2,15/09/2010,1110,6,2,1,5,1,3,2,32,9
4968,10BA0006104,430739,435035,2,2,15/09/2010,1110,6,2,1,5,1,3,2,51,9
4969,10AA0006084,423200,434656,2,1,16/09/2010,805,6,1,1,1,1,3,1,42,1
4970,10AA0006107,424348,438773,2,3,16/09/2010,2142,6,1,4,1,1,2,1,44,9
4971,10AA0006107,424348,438773,2,3,16/09/2010,2142,6,1,4,1,2,2,2,15,9
4972,10AA0006107,424348,438773,2,3,16/09/2010,2142,6,1,4,1,2,3,2,15,9
4973,10AA0006124,422311,443624,2,1,16/09/2010,1415,6,1,1,1,1,3,1,46,5
4974,10BA0006141,436196,434331,2,4,16/09/2010,1435,3,1,1,1,1,2,2,80,9
4975,10BA0006141,436196,434331,2,4,16/09/2010,1435,3,1,1,1,1,3,1,52,9