Col.Number,Reference.Number,Easting,Northing,Number.of.Vehicles,Number.of.Casualties,Accident.Date,Time..24hr.,X1st.Road.Class,Road.Surface,Lighting.Conditions,Weather.Conditions,Casualty.Class,Casualty.Severity,Sex.of.Casualty,Age.of.Casualty,Type.of.Vehicle
4976,10BA0006141,436196,434331,2,4,16/09/2010,1435,3,1,1,1,2,3,2,31,9
4977,10BA0006141,436196,434331,2,4,16/09/2010,1435,3,1,1,1,3,3,1,45,9
4978,10CA0006081,426383,427284,2,1,16/09/2010,2200,4,1,4,1,1,3,1,49,9
4979,10AA0006129,422261,433470,1,1,17/09/2010,1605,4,1,1,1,2,3,2,83,11
4980,10AA0006174,422991,432339,2,2,17/09/2010,1855,6,1,1,1,1,3,2,27,9
4981,10AA0006174,422991,432339,2,2,17/09/2010,1855,6,1,1,1,2,3,2,17,9
4982,10AA0006438,427496,431327,2,1,17/09/2010,945,3,1,1,1,1,3,2,32,9
4983,10BA0006103,432333,438912,3,1,17/09/2010,425,6,1,4,1,1,2,1,28,9
4984,10CA0006115,427865,427943,2,2,17/09/2010,740,6,1,1,1,1,3,2,30,9
4985,10CA0006115,427865,427943,2,2,17/09/2010,740,6,1,1,1,1,3,1,49,4
4986,10CA0006169,430796,433451,1,1,17/09/2010,1705,6,1,1,1,2,3,1,67,11
4987,10CA0006179,428787,433275,3,3,17/09/2010,2210,3,1,4,1,1,2,2,25,9
4988,10CA0006179,428787,433275,3,3,17/09/2010,2210,3,1,4,1,3,3,1,24,9
4989,10CA0006179,428787,433275,3,3,17/09/2010,2210,3,1,4,1,1,3,1,22,9
4990,10AA0006113,427291,433638,2,1,18/09/2010,2253,3,2,4,2,2,3,2,22,9
4991,10AA0006125,427426,435813,2,2,18/09/2010,1905,4,2,4,2,1,3,1,74,9
4992,10AA0006125,427426,435813,2,2,18/09/2010,1905,4,2,4,2,1,3,2,20,9
4993,10AA0006164,421345,434932,1,1,18/09/2010,1645,6,2,1,1,3,3,2,9,9
4994,10BA0006075,430820,436622,2,1,18/09/2010,1405,6,1,1,1,2,3,1,61,11
4995,10BA0006096,435728,435951,2,1,18/09/2010,2130,6,1,7,1,2,3,1,15,9
4996,10BA0006151,431490,432618,1,1,18/09/2010,845,3,1,1,1,2,3,1,22,21
4997,10MU0006175,427568,431065,2,2,18/09/2010,1735,1,1,1,1,1,3,2,53,9
4998,10MU0006175,427568,431065,2,2,18/09/2010,1735,1,1,1,1,2,3,1,16,9
4999,10AA0006146,425936,435563,2,4,19/09/2010,1206,4,2,1,2,1,3,2,49,9
5000,10AA0006146,425936,435563,2,4,19/09/2010,1206,4,2,1,2,1,2,1,30,9
5001,10AA0006146,425936,435563,2,4,19/09/2010,1206,4,2,1,2,2,3,2,18,9
5002,10AA0006146,425936,435563,2,4,19/09/2010,1206,4,2,1,2,2,3,2,23,9
5003,10BA0006106,431331,434922,2,7,19/09/2010,245,6,2,4,1,1,3,1,21,9
5004,10BA0006106,431331,434922,2,7,19/09/2010,245,6,2,4,1,1,3,1,37,8
5005,10BA0006106,431331,434922,2,7,19/09/2010,245,6,2,4,1,2,3,2,23,8
5006,10BA0006106,431331,434922,2,7,19/09/2010,245,6,2,4,1,2,3,1,22,8
5007,10BA0006106,431331,434922,2,7,19/09/2010,245,6,2,4,1,2,3,1,21,8
5008,10BA0006106,431331,434922,2,7,19/09/2010,245,6,2,4,1,2,3,1,19,9
5009,10BA0006106,431331,434922,2,7,19/09/2010,245,6,2,4,1,2,3,1,24,9
5010,10BA0006173,430969,433428,2,1,19/09/2010,1450,3,2,1,2,2,3,2,14,9
5011,10BA0006140,433540,435112,2,1,20/09/2010,1620,6,1,1,1,1,3,2,15,1
5012,10BA0006147,441569,430292,1,1,20/09/2010,1951,4,1,4,1,3,3,1,15,9
5013,10BA0395389,429711,439012,2,1,20/09/2010,1305,6,1,1,1,1,1,2,89,9
5014,10BA0396309,440646,431585,1,1,20/09/2010,750,4,1,1,1,3,1,2,15,9
5015,10AA0006134,426433,433302,1,1,21/09/2010,840,6,1,1,1,3,3,2,13,11
5016,10AA0006211,422947,443099,2,1,21/09/2010,620,3,1,4,1,1,2,1,53,4
5017,10BA0006136,432513,438022,3,3,21/09/2010,910,6,1,1,1,1,3,2,40,9
5018,10BA0006136,432513,438022,3,3,21/09/2010,910,6,1,1,1,1,3,1,45,9
5019,10BA0006136,432513,438022,3,3,21/09/2010,910,6,1,1,1,1,3,2,38,9
5020,10BA0006358,436256,435661,2,1,21/09/2010,1515,6,1,1,1,1,3,2,42,9
5021,10CA0006148,429600,432560,3,1,21/09/2010,920,6,1,1,1,2,3,1,52,8
5022,10CA0006197,434873,428899,1,1,21/09/2010,1945,6,1,4,1,3,3,1,13,9
5023,10AA0006205,423555,437874,2,1,22/09/2010,900,6,1,1,1,1,3,1,31,9
5024,10AA0006210,428574,435248,2,1,22/09/2010,840,6,1,1,1,1,3,1,34,1
5025,10AA0006212,427586,436832,2,1,22/09/2010,1625,3,1,1,1,1,3,1,44,3
5026,10CA0006157,431012,430766,2,2,22/09/2010,1726,6,1,1,1,1,3,1,45,9
5027,10CA0006157,431012,430766,2,2,22/09/2010,1726,6,1,1,1,1,2,1,28,1
5028,10CA0006167,430805,433459,1,2,22/09/2010,1820,6,1,1,1,2,3,2,55,11
5029,10CA0006167,430805,433459,1,2,22/09/2010,1820,6,1,1,1,3,3,1,26,11
5030,10CA0006192,433667,429626,2,1,22/09/2010,1500,3,1,1,1,1,3,1,38,5
5031,10CA0006207,430439,431156,2,1,22/09/2010,1640,6,1,1,1,1,3,1,37,3
5032,10CA0006257,429882,432365,2,1,22/09/2010,1815,3,1,1,1,1,2,2,25,1
5033,10CA0006330,430662,432746,2,1,22/09/2010,1145,3,1,1,1,2,3,2,46,9
5034,10AA0006189,426195,433063,1,1,23/09/2010,1507,4,1,1,1,2,3,1,47,11
5035,10AA0006209,423810,439244,1,1,23/09/2010,2118,6,2,4,2,3,2,1,18,9
5036,10AA0006228,422384,434611,2,1,23/09/2010,2009,4,2,4,2,1,2,1,19,4
5037,10BA0006188,431963,438843,2,2,23/09/2010,135,6,1,4,1,1,2,1,19,9
5038,10BA0006188,431963,438843,2,2,23/09/2010,135,6,1,4,1,1,3,1,26,9
5039,10MU0006185,423950,428097,1,4,23/09/2010,430,1,2,4,1,2,3,2,27,9
5040,10MU0006185,423950,428097,1,4,23/09/2010,430,1,2,4,1,2,3,2,22,9
5041,10MU0006185,423950,428097,1,4,23/09/2010,430,1,2,4,1,2,3,2,22,9
5042,10MU0006185,423950,428097,1,4,23/09/2010,430,1,2,4,1,2,3,2,17,9
5043,10AA0006221,425365,433397,1,1,24/09/2010,1530,6,1,1,1,3,3,2,30,9
5044,10AA0006238,421384,444875,2,2,24/09/2010,730,3,2,1,1,1,2,1,42,5
5045,10AA0006238,421384,444875,2,2,24/09/2010,730,3,2,1,1,1,3,2,31,9
5046,10BA0006239,445341,431654,2,1,24/09/2010,1915,3,1,4,1,1,3,1,21,3
5047,10BA0006364,436802,435595,2,1,24/09/2010,810,6,2,1,2,1,3,1,11,1
5048,10CA0006413,429787,430630,2,1,24/09/2010,1425,3,1,1,1,1,3,1,18,3
5049,10AA0006196,418495,442869,2,4,25/09/2010,1000,6,1,1,1,1,3,1,52,9
5050,10AA0006196,418495,442869,2,4,25/09/2010,1000,6,1,1,1,1,3,1,19,9
5051,10AA0006196,418495,442869,2,4,25/09/2010,1000,6,1,1,1,2,3,2,47,9
5052,10AA0006196,418495,442869,2,4,25/09/2010,1000,6,1,1,1,2,3,1,10,9
5053,10AA0006222,427883,436217,2,1,25/09/2010,1156,3,1,1,1,1,3,1,43,90
5054,10AA0006237,427328,437198,2,3,25/09/2010,1555,3,1,1,1,1,3,1,53,9
5055,10AA0006237,427328,437198,2,3,25/09/2010,1555,3,1,1,1,1,3,1,51,9
5056,10AA0006237,427328,437198,2,3,25/09/2010,1555,3,1,1,1,2,3,1,6,9
5057,10BA0006243,445358,431633,2,1,25/09/2010,1910,3,1,4,1,1,3,1,44,5
5058,10BA0006245,429611,437594,2,1,25/09/2010,1605,6,1,1,1,1,2,1,15,1
5059,10BA0006249,431892,438074,2,1,25/09/2010,1010,6,1,1,1,1,3,1,44,1
5060,10BA0006294,431402,435026,2,5,26/09/2010,227,6,1,4,1,1,3,1,38,9
5061,10BA0006294,431402,435026,2,5,26/09/2010,227,6,1,4,1,2,3,1,38,9
5062,10BA0006294,431402,435026,2,5,26/09/2010,227,6,1,4,1,2,3,2,26,9
5063,10BA0006294,431402,435026,2,5,26/09/2010,227,6,1,4,1,1,3,1,31,9
5064,10BA0006294,431402,435026,2,5,26/09/2010,227,6,1,4,1,2,3,1,36,9
5065,10CA0006246,423078,428267,1,1,26/09/2010,1830,6,1,1,1,3,3,2,5,9
5066,10AA0006236,427156,432531,2,1,27/09/2010,1002,6,2,1,1,2,3,2,31,9
5067,10BA0006255,430477,435598,2,1,27/09/2010,1950,3,2,4,2,1,3,1,52,1
5068,10CA0006220,427628,431154,2,1,27/09/2010,1810,3,2,1,1,1,2,1,25,5
5069,10CA0006262,431304,429058,1,1,27/09/2010,1600,6,2,1,2,3,3,2,6,9
5070,10CA0006264,431084,433633,2,1,27/09/2010,806,6,1,1,1,1,3,1,30,1
5071,10MU0006277,433299,429642,1,2,27/09/2010,2340,1,2,4,1,1,2,2,42,9
5072,10MU0006277,433299,429642,1,2,27/09/2010,2340,1,2,4,1,2,3,1,54,9
5073,10AA0006271,423692,438145,2,1,28/09/2010,1120,6,1,1,1,1,3,1,59,1
5074,10AA0006272,426065,438538,1,1,28/09/2010,842,6,2,1,1,3,2,1,12,9
5075,10AA0006275,428123,432796,2,2,28/09/2010,647,4,2,1,1,1,3,2,42,9
5076,10AA0006275,428123,432796,2,2,28/09/2010,647,4,2,1,1,1,3,1,49,8
5077,10AA0006283,427290,433587,2,2,28/09/2010,1518,6,1,1,1,1,3,1,26,9
5078,10AA0006283,427290,433587,2,2,28/09/2010,1518,6,1,1,1,2,3,1,35,9
5079,10AA0006285,428907,435506,2,1,28/09/2010,727,3,2,1,1,1,3,2,25,9
5080,10BA0006266,429761,437686,1,2,28/09/2010,1710,6,1,1,1,3,3,1,38,9
5081,10BA0006266,429761,437686,1,2,28/09/2010,1710,6,1,1,1,3,3,2,3,9
5082,10AA0006276,425639,434239,2,1,29/09/2010,840,3,2,1,2,1,3,1,17,3
5083,10AA0006314,429827,434373,2,1,29/09/2010,1145,3,2,1,2,1,3,1,44,11
5084,10BA0006970,441176,431253,2,1,29/09/2010,2005,4,1,7,1,1,3,1,22,9
5085,10CA0006273,427882,432183,2,1,29/09/2010,1648,3,2,1,1,1,3,1,28,9
5086,10CA0006278,429136,431734,2,1,29/09/2010,1755,6,2,1,2,1,3,1,14,1
5087,10CA0006281,427504,425501,1,1,29/09/2010,830,3,2,1,1,3,3,2,10,9
5088,10CA0006315,428787,433276,2,1,29/09/2010,1845,3,2,4,2,3,2,2,61,9
5089,10CA0006326,430639,433798,1,1,29/09/2010,2330,6,1,7,1,3,3,1,19,9
5090,10CA0006327,431485,430120,1,1,29/09/2010,729,6,2,1,1,3,2,2,11,9
5091,10CA0006402,423903,427891,2,1,29/09/2010,755,3,2,1,2,1,3,1,51,8
5092,10AA0006349,427642,435960,2,1,30/09/2010,859,6,2,1,1,1,3,1,38,1
5093,10BA0006291,433444,434033,2,1,30/09/2010,658,3,1,1,1,1,3,2,36,9
5094,10AA0006319,418312,441351,2,4,01/10/2010,1725,3,2,1,2,1,3,1,74,9
5095,10AA0006319,418312,441351,2,4,01/10/2010,1725,3,2,1,2,1,3,1,58,9
5096,10AA0006319,418312,441351,2,4,01/10/2010,1725,3,2,1,2,2,3,1,70,9
5097,10AA0006319,418312,441351,2,4,01/10/2010,1725,3,2,1,2,2,3,1,58,9
5098,10AA0006323,428406,434381,2,1,01/10/2010,1017,6,2,1,2,1,3,1,33,2
5099,10AA0006324,423375,437638,3,2,01/10/2010,955,3,2,1,2,1,3,2,33,9
5100,10AA0006324,423375,437638,3,2,01/10/2010,955,3,2,1,2,1,2,2,81,9
5101,10MU0006317,427568,431066,2,1,01/10/2010,1404,1,2,1,2,1,3,2,30,9
5102,10MU0006320,443531,438239,2,2,01/10/2010,1934,2,2,4,3,2,3,2,60,9
5103,10MU0006320,443531,438239,2,2,01/10/2010,1934,2,2,4,3,2,3,1,29,9
5104,10MU0006322,424969,427942,2,1,01/10/2010,1734,1,2,1,5,1,3,2,22,9
5105,10AA0006307,428796,435573,2,1,02/10/2010,1524,3,1,1,1,1,3,1,21,1
5106,10BA0006309,431883,435361,1,1,02/10/2010,100,6,2,4,1,3,3,1,20,9
5107,10BA0006335,433090,434232,2,1,02/10/2010,1810,6,1,1,1,1,3,1,11,1
5108,10BA0006347,429363,436052,2,1,02/10/2010,1310,6,1,1,1,1,3,1,44,11
5109,10CA0006325,431584,426805,2,2,02/10/2010,1945,4,1,4,1,1,2,1,86,9
5110,10CA0006325,431584,426805,2,2,02/10/2010,1945,4,1,4,1,2,3,2,43,9
5111,10MU0006316,431856,425430,2,1,02/10/2010,815,1,1,1,1,1,3,1,24,9
5112,10AA0006329,430520,434489,2,1,03/10/2010,600,3,2,4,1,1,3,1,33,9
5113,10AA0006338,426056,436365,2,1,03/10/2010,1835,6,2,1,1,2,3,2,17,9
5114,10AA0006366,426332,435954,2,1,03/10/2010,1455,6,2,1,2,2,3,2,27,9
5115,10AA0006452,423380,437633,3,1,03/10/2010,1000,3,2,1,2,1,3,2,34,9
5116,10BA0006346,432212,434653,1,1,03/10/2010,1500,6,2,1,2,3,3,1,17,9
5117,10BA0006554,429694,437730,1,5,03/10/2010,1350,6,2,1,2,1,3,1,42,9
5118,10BA0006554,429694,437730,1,5,03/10/2010,1350,6,2,1,2,2,3,2,16,9
5119,10BA0006554,429694,437730,1,5,03/10/2010,1350,6,2,1,2,2,2,1,14,9
5120,10BA0006554,429694,437730,1,5,03/10/2010,1350,6,2,1,2,2,3,2,64,9
5121,10BA0006554,429694,437730,1,5,03/10/2010,1350,6,2,1,2,2,3,1,71,9
5122,10BA0006754,435310,435241,2,1,03/10/2010,2200,6,2,4,1,1,3,1,26,4
5123,10AA0006385,422028,436556,3,1,04/10/2010,1615,3,1,1,1,1,3,1,22,9
5124,10AA0006534,427824,436514,2,1,04/10/2010,1710,4,1,1,1,1,3,1,30,1
5125,10BA0006334,435421,434797,2,1,04/10/2010,1603,6,1,1,1,1,3,1,76,9
5126,10BA0006351,437220,435742,2,1,04/10/2010,705,6,2,1,1,1,3,2,73,9
5127,10BA0006352,430839,439669,1,1,04/10/2010,1418,3,1,1,1,2,3,2,75,11
5128,10MU0006629,429872,434397,3,2,04/10/2010,1255,2,1,1,1,1,3,1,61,9
5129,10MU0006629,429872,434397,3,2,04/10/2010,1255,2,1,1,1,2,3,2,57,9
5130,10AA0006388,428061,435959,2,1,05/10/2010,1550,3,1,1,1,1,3,1,21,1
5131,10BA0006369,430898,439864,1,1,05/10/2010,855,3,1,1,1,3,3,2,51,9
5132,10CA0006365,431012,430497,2,1,05/10/2010,1630,6,1,1,1,1,3,1,17,1
5133,10AA0006359,425679,435068,1,1,06/10/2010,756,6,2,1,2,3,3,1,13,9
5134,10AA0006371,421373,441010,1,1,06/10/2010,1005,6,2,1,1,2,3,2,78,11
5135,10AA0006378,427659,436651,2,1,06/10/2010,800,3,1,1,1,1,3,1,16,5
5136,10AA0006379,421885,433935,2,1,06/10/2010,1430,4,1,1,1,1,3,2,41,9
5137,10AA0006437,428434,434998,2,1,06/10/2010,710,6,2,4,2,1,3,2,46,9
5138,10AA0006436,425059,433369,2,1,07/10/2010,1520,4,1,1,1,1,2,1,25,3
5139,10AA0006448,425059,433372,2,1,07/10/2010,645,4,1,4,1,1,2,1,40,1
5140,10AA0006517,428947,435467,2,2,07/10/2010,1220,6,1,1,1,1,3,1,31,9
5141,10AA0006517,428947,435467,2,2,07/10/2010,1220,6,1,1,1,2,3,2,25,9
5142,10BA0006393,428848,437267,1,1,07/10/2010,1203,4,1,1,1,2,3,2,80,11
5143,10CA0006377,430075,433935,1,1,07/10/2010,204,6,1,4,1,3,3,1,19,11
5144,10AA0006447,427975,436062,2,1,08/10/2010,948,3,2,1,7,1,3,1,19,1
5145,10CA0006401,431298,430610,1,1,08/10/2010,2104,6,1,7,1,3,2,1,30,9
5146,10CA0006450,428808,434021,1,1,08/10/2010,155,6,1,4,1,3,2,1,19,8
5147,10CA0006408,429799,433922,2,1,09/10/2010,1105,6,1,1,1,1,3,1,77,9
5148,10CA0006625,430990,429683,1,1,09/10/2010,1530,6,1,1,1,3,3,1,9,9
5149,10AA0006414,418314,441767,2,1,10/10/2010,1705,3,1,1,1,1,3,1,51,1
5150,10AA0006416,428854,433937,1,2,10/10/2010,1230,6,1,1,1,3,3,2,24,8
5151,10AA0006416,428854,433937,1,2,10/10/2010,1230,6,1,1,1,3,3,1,23,8
5152,10AA0006418,424127,444004,4,1,10/10/2010,1642,3,1,1,1,1,2,2,60,9
5153,10AA0006432,422299,440473,3,1,10/10/2010,2028,6,1,6,1,1,3,1,22,9
5154,10BA0006417,430119,435592,1,2,11/10/2010,1935,6,1,4,1,2,3,1,49,9
5155,10BA0006417,430119,435592,1,2,11/10/2010,1935,6,1,4,1,2,3,1,44,9
5156,10BA0006427,431965,437041,2,1,11/10/2010,1730,6,1,1,1,1,3,1,46,1
5157,10CA0006428,429756,434499,1,1,11/10/2010,937,3,1,1,1,2,3,2,37,11
5158,10CA0006440,428595,432790,2,1,11/10/2010,2019,3,1,4,1,1,3,2,26,9
5159,10AA0006484,429936,434256,2,1,12/10/2010,1200,3,1,1,1,1,3,1,28,1
5160,10AA0006508,423924,434667,1,1,12/10/2010,1820,6,1,1,1,3,2,1,5,9
5161,10AA0006991,425810,434173,2,1,12/10/2010,1535,3,1,1,1,1,3,1,41,1
5162,10CA0006487,428355,432527,1,2,12/10/2010,839,3,1,1,1,2,3,2,50,11
5163,10CA0006487,428355,432527,1,2,12/10/2010,839,3,1,1,1,2,3,2,26,11
5164,10MU0006456,430274,431964,2,1,12/10/2010,1610,1,1,1,1,1,3,2,30,9
5165,10AA0006466,427997,436011,2,1,13/10/2010,1315,3,1,1,1,1,3,1,50,1
5166,10AA0006472,425634,434239,2,1,13/10/2010,820,3,1,1,1,1,3,2,37,5
5167,10BA0006455,431233,445744,2,1,13/10/2010,850,3,1,1,1,1,3,1,31,9
5168,10BA0006516,445200,427815,2,2,13/10/2010,2110,6,1,6,1,2,3,2,16,9
5169,10BA0006516,445200,427815,2,2,13/10/2010,2110,6,1,6,1,2,3,2,16,9
5170,10BA0006568,436170,435803,1,1,13/10/2010,1600,6,1,1,1,3,3,1,4,9
5171,10BA0006611,433895,434080,2,1,13/10/2010,1025,3,1,1,1,1,3,2,46,9
5172,10CA0006471,431474,430378,2,1,13/10/2010,1800,6,1,1,1,1,3,1,18,1
5173,10CA0006488,428103,426657,2,1,13/10/2010,1057,3,1,1,1,1,2,2,47,9
5174,10AA0006467,420486,445122,2,2,14/10/2010,725,6,2,1,2,1,3,1,51,5
5175,10AA0006467,420486,445122,2,2,14/10/2010,725,6,2,1,2,1,3,2,51,9
5176,10AA0006473,427124,434791,2,1,14/10/2010,900,3,1,1,1,1,3,1,29,1
5177,10BA0006513,441570,430290,2,5,14/10/2010,1030,4,1,1,1,1,3,2,20,9
5178,10BA0006513,441570,430290,2,5,14/10/2010,1030,4,1,1,1,1,3,1,20,9
5179,10BA0006513,441570,430290,2,5,14/10/2010,1030,4,1,1,1,2,3,2,16,9
5180,10BA0006513,441570,430290,2,5,14/10/2010,1030,4,1,1,1,2,3,1,21,9
5181,10BA0006513,441570,430290,2,5,14/10/2010,1030,4,1,1,1,2,3,2,17,9
5182,10BA0006725,431292,437134,2,2,14/10/2010,1824,6,2,1,2,1,3,2,48,9
5183,10BA0006725,431292,437134,2,2,14/10/2010,1824,6,2,1,2,2,3,1,49,9
5184,10CA0006478,436782,432983,1,1,14/10/2010,1450,6,1,1,1,2,3,2,79,11
5185,10CA0006480,429264,427760,1,1,14/10/2010,1810,6,1,1,1,3,3,1,6,9
5186,10CA0006813,433527,429802,2,1,14/10/2010,610,3,1,4,1,1,3,1,31,1
5187,10AA0006521,425355,436916,2,2,15/10/2010,2240,6,1,4,1,1,3,1,24,9
5188,10AA0006521,425355,436916,2,2,15/10/2010,2240,6,1,4,1,1,3,1,29,9
5189,10BA0006515,430685,436772,2,1,15/10/2010,1340,6,1,1,1,1,3,1,54,9
5190,10BA0006523,432685,436402,2,6,15/10/2010,2201,6,2,4,1,1,3,1,20,19
5191,10BA0006523,432685,436402,2,6,15/10/2010,2201,6,2,4,1,2,3,1,26,8
5192,10BA0006523,432685,436402,2,6,15/10/2010,2201,6,2,4,1,2,3,1,20,19
5193,10BA0006523,432685,436402,2,6,15/10/2010,2201,6,2,4,1,2,3,2,17,19
5194,10BA0006523,432685,436402,2,6,15/10/2010,2201,6,2,4,1,2,3,2,17,19
5195,10BA0006523,432685,436402,2,6,15/10/2010,2201,6,2,4,1,2,3,1,28,19
5196,10BA0006551,431449,435101,3,3,15/10/2010,1635,3,2,1,2,1,3,2,24,9
5197,10BA0006551,431449,435101,3,3,15/10/2010,1635,3,2,1,2,1,3,1,83,9
5198,10BA0006551,431449,435101,3,3,15/10/2010,1635,3,2,1,2,2,3,1,4,9
5199,10CA0006481,428049,434301,1,1,15/10/2010,515,3,2,4,1,2,3,1,19,8
5200,10CA0006489,427824,430768,1,1,15/10/2010,1450,3,1,1,1,2,3,1,83,11
5201,10CA0006530,431041,431368,2,1,15/10/2010,1710,6,2,4,2,1,3,1,48,5
5202,10CA0006553,424126,428192,2,4,15/10/2010,1145,3,1,1,1,1,3,1,77,9
5203,10CA0006553,424126,428192,2,4,15/10/2010,1145,3,1,1,1,1,3,1,49,19
5204,10CA0006553,424126,428192,2,4,15/10/2010,1145,3,1,1,1,2,3,2,78,9
5205,10CA0006553,424126,428192,2,4,15/10/2010,1145,3,1,1,1,2,3,2,37,19
5206,10CA0006566,430398,433639,1,1,15/10/2010,1055,6,1,1,1,3,2,2,34,11
5207,10AA0006510,427996,436014,2,1,16/10/2010,1845,3,2,4,2,1,3,2,26,1
5208,10AA0006524,428011,434234,2,1,16/10/2010,1700,6,1,1,1,1,3,1,58,9
5209,10AA0006527,422311,443620,2,1,16/10/2010,1135,6,1,1,1,2,3,2,52,9
5210,10AA0006528,427991,435378,2,1,16/10/2010,928,6,1,1,1,1,3,1,64,21
5211,10BA0006512,432458,433869,2,1,16/10/2010,1645,6,1,1,1,1,3,1,56,1
5212,10BA0006529,436522,436466,1,1,16/10/2010,1136,6,1,1,1,2,3,2,43,11
5213,10CA0006772,428297,434114,2,1,16/10/2010,1345,3,1,1,1,1,3,1,43,1
5214,10AA0006537,426155,435589,2,1,17/10/2010,1130,4,1,1,9,1,2,1,40,1
5215,10AA0006543,422375,432297,2,1,17/10/2010,1800,6,1,1,1,1,3,1,21,9
5216,10BA0006520,432442,434840,1,1,17/10/2010,1445,4,1,1,1,3,2,1,18,9
5217,10BA0006525,439277,439270,1,2,17/10/2010,1645,3,1,1,1,2,3,1,46,9
5218,10BA0006525,439277,439270,1,2,17/10/2010,1645,3,1,1,1,2,3,1,6,9
5219,10CA0006564,428112,426277,2,3,17/10/2010,1415,3,1,1,1,1,3,2,71,9
5220,10CA0006564,428112,426277,2,3,17/10/2010,1415,3,1,1,1,1,3,2,30,9
5221,10CA0006564,428112,426277,2,3,17/10/2010,1415,3,1,1,1,2,3,2,69,9
5222,10CA0006565,428052,434317,2,2,17/10/2010,1600,3,1,1,1,1,3,1,31,9
5223,10CA0006565,428052,434317,2,2,17/10/2010,1600,3,1,1,1,1,3,2,54,9
5224,10AA0006567,427639,433715,2,1,18/10/2010,1015,3,1,1,1,1,3,1,43,9
5225,10BA0006557,432874,434304,1,1,18/10/2010,2250,4,2,4,1,1,3,2,18,9
5226,10BA0006558,430961,435786,1,1,18/10/2010,840,6,1,1,1,3,3,2,4,9
5227,10CA0006535,430005,434149,2,1,18/10/2010,920,3,1,1,1,1,3,1,27,1
5228,10BA0006555,432532,443143,2,1,19/10/2010,720,3,2,1,1,1,2,1,28,5
5229,10BA0006569,433301,436241,1,1,19/10/2010,1850,3,1,4,1,3,3,2,15,9
5230,10BA0006610,436050,434813,2,1,19/10/2010,1530,6,1,1,1,2,3,1,48,9
5231,10CA0006657,436177,427375,2,1,19/10/2010,1740,3,1,1,1,1,3,2,44,9
5232,10CA0467680,424476,428544,2,2,19/10/2010,1815,3,1,1,1,1,3,1,43,9
5233,10CA0467680,424476,428544,2,2,19/10/2010,1815,3,1,1,1,2,3,1,12,9
5234,10AA0006574,423769,437367,1,1,20/10/2010,1040,3,1,1,1,2,3,2,79,11
5235,10AA0006580,425508,434187,2,2,20/10/2010,1345,6,1,1,1,1,2,2,46,9
5236,10AA0006580,425508,434187,2,2,20/10/2010,1345,6,1,1,1,2,3,2,28,9
5237,10AA0006587,428954,435472,1,1,20/10/2010,1505,3,1,1,1,3,3,2,12,9
5238,10AA0006597,427741,434080,3,1,20/10/2010,1239,6,2,1,1,1,3,1,43,9
5239,10AA0006599,424762,433572,1,1,20/10/2010,1202,4,1,1,1,2,3,2,64,11
5240,10BA0006633,428917,439652,2,1,20/10/2010,1415,6,1,1,1,1,3,1,84,90
5241,10BA0006683,434523,433684,2,3,20/10/2010,840,6,1,1,1,1,3,2,41,9
5242,10BA0006683,434523,433684,2,3,20/10/2010,840,6,1,1,1,2,2,1,7,9
5243,10BA0006683,434523,433684,2,3,20/10/2010,840,6,1,1,1,2,3,1,3,9
5244,10CA0006581,428870,430877,3,1,20/10/2010,710,6,1,1,1,1,2,1,22,9
5245,10CA0006594,428842,430206,1,1,20/10/2010,1915,6,1,4,1,3,3,2,11,9
5246,10AA0006588,421056,439382,2,2,21/10/2010,1550,3,1,1,1,1,3,2,46,9
5247,10AA0006588,421056,439382,2,2,21/10/2010,1550,3,1,1,1,1,3,1,30,1
5248,10AA0006591,429290,435612,2,1,21/10/2010,2030,6,1,4,1,1,3,1,24,1
5249,10AA0006593,423273,434480,2,1,21/10/2010,1050,6,1,1,1,1,3,1,25,3
5250,10AA0446785,425396,440387,1,1,21/10/2010,2250,6,1,4,1,1,3,1,19,9
5251,10BA0006613,435867,436430,2,2,21/10/2010,1935,3,1,4,1,1,3,2,25,9
5252,10BA0006613,435867,436430,2,2,21/10/2010,1935,3,1,4,1,2,3,1,24,9
5253,10BA0006619,430070,438634,2,2,21/10/2010,1950,6,1,4,1,1,3,1,39,9
5254,10BA0006619,430070,438634,2,2,21/10/2010,1950,6,1,4,1,2,3,2,30,9
5255,10BA0006620,428990,436846,1,1,21/10/2010,1705,4,1,1,1,3,3,2,11,9
5256,10BA0006641,433401,435467,1,1,21/10/2010,1140,6,1,1,1,1,2,1,66,90
5257,10BA0006647,430737,435048,2,3,21/10/2010,1945,6,1,7,1,1,3,1,44,9
5258,10BA0006647,430737,435048,2,3,21/10/2010,1945,6,1,7,1,2,3,2,39,9
5259,10BA0006647,430737,435048,2,3,21/10/2010,1945,6,1,7,1,2,3,1,17,9
5260,10BA0006684,429350,437134,2,1,21/10/2010,1430,6,1,1,1,1,3,1,30,9
5261,10CA0006578,430671,434730,2,1,21/10/2010,1615,3,1,1,1,1,3,2,43,9
5262,10CA0006583,429494,430233,2,2,21/10/2010,1625,6,1,1,1,1,3,2,43,9
5263,10CA0006583,429494,430233,2,2,21/10/2010,1625,6,1,1,1,2,3,2,19,9
5264,10CA0006608,429173,433846,1,1,21/10/2010,1726,6,1,1,1,3,3,2,18,9
5265,10AA0006600,424127,444004,2,1,22/10/2010,2049,3,2,4,2,1,2,1,79,9
5266,10AA0006612,422356,433392,2,1,22/10/2010,2355,6,2,4,1,2,3,2,20,11
5267,10BA0006605,431880,435316,2,3,22/10/2010,1841,6,1,1,1,2,3,1,20,9
5268,10BA0006605,431880,435316,2,3,22/10/2010,1841,6,1,1,1,2,3,1,26,9
5269,10BA0006605,431880,435316,2,3,22/10/2010,1841,6,1,1,1,2,3,1,23,9
5270,10BA0006895,431407,435082,2,1,22/10/2010,653,3,1,4,1,1,2,1,22,3
5271,10CA0006592,430036,434063,2,1,22/10/2010,1355,6,1,1,1,2,3,2,24,11
5272,10CA0006623,430365,431175,3,1,22/10/2010,1315,6,1,1,1,1,3,1,25,3