Col.Number,Reference.Number,Easting,Northing,Number.of.Vehicles,Number.of.Casualties,Accident.Date,Time..24hr.,X1st.Road.Class,Road.Surface,Lighting.Conditions,Weather.Conditions,Casualty.Class,Casualty.Severity,Sex.of.Casualty,Age.of.Casualty,Type.of.Vehicle
5273,10AA0006598,426334,438515,2,1,23/10/2010,1735,6,1,1,1,1,3,1,13,1
5274,10BA0006614,431289,437142,2,1,23/10/2010,1545,6,1,1,1,1,3,1,12,1
5275,10BA0006628,430698,434883,2,2,23/10/2010,2100,3,1,4,1,1,2,1,85,9
5276,10BA0006628,430698,434883,2,2,23/10/2010,2100,3,1,4,1,1,3,1,28,9
5277,10BA0006634,435429,439799,2,3,23/10/2010,2340,3,1,6,1,1,3,1,34,9
5278,10BA0006634,435429,439799,2,3,23/10/2010,2340,3,1,6,1,1,3,1,45,9
5279,10BA0006634,435429,439799,2,3,23/10/2010,2340,3,1,6,1,2,3,1,40,9
5280,10BA0006635,438772,438909,1,1,23/10/2010,1630,3,1,1,1,1,2,1,21,9
5281,10MU0006627,444639,433525,1,1,23/10/2010,1428,2,1,1,4,1,3,2,35,9
5282,10AA0006579,427745,436444,2,4,24/10/2010,200,3,1,4,1,1,3,1,20,9
5283,10AA0006579,427745,436444,2,4,24/10/2010,200,3,1,4,1,1,3,1,22,9
5284,10AA0006579,427745,436444,2,4,24/10/2010,200,3,1,4,1,2,3,1,19,9
5285,10AA0006579,427745,436444,2,4,24/10/2010,200,3,1,4,1,2,3,1,21,9
5286,10BA0006639,431650,432835,2,2,24/10/2010,1230,6,1,1,1,1,3,2,36,9
5287,10BA0006639,431650,432835,2,2,24/10/2010,1230,6,1,1,1,2,3,1,7,9
5288,10BA0006697,432667,437986,2,1,24/10/2010,1027,6,1,1,1,2,3,1,25,9
5289,10BA0006873,445479,436211,1,1,24/10/2010,1115,6,1,1,1,2,3,2,22,5
5290,10CA0006604,430243,433252,2,1,24/10/2010,2230,6,1,4,1,1,3,1,18,3
5291,10MU0006646,437771,432098,2,1,24/10/2010,1058,1,1,1,1,1,3,1,40,9
5292,10MU0006651,427489,430940,1,1,24/10/2010,840,1,1,1,1,1,3,1,40,9
5293,10AA0452087,429678,434581,1,1,25/10/2010,1200,3,1,1,1,3,3,1,23,11
5294,10AA0452223,420612,436642,2,2,25/10/2010,810,6,1,1,1,1,3,2,20,9
5295,10AA0452223,420612,436642,2,2,25/10/2010,810,6,1,1,1,1,3,1,44,9
5296,10AA0452229,424367,445385,2,1,25/10/2010,1220,3,1,1,1,2,3,1,50,9
5297,10AA0452590,426830,438064,2,1,25/10/2010,1818,3,1,1,1,1,3,2,53,9
5298,10BA0006632,433051,435011,2,1,25/10/2010,1717,6,1,1,1,2,3,2,18,9
5299,10BA0006642,433372,434935,2,2,25/10/2010,1415,6,1,1,1,1,3,1,46,11
5300,10BA0006642,433372,434935,2,2,25/10/2010,1415,6,1,1,1,1,3,1,43,9
5301,10BA0006680,432545,438709,2,1,25/10/2010,1510,6,1,1,1,1,3,1,24,3
5302,10CA0451879,429797,433779,1,1,25/10/2010,1210,6,1,1,1,3,3,2,16,9
5303,10CA0452218,430969,425868,2,1,25/10/2010,1430,6,1,1,1,1,3,1,50,1
5304,10AA0453772,423072,434925,2,1,26/10/2010,1430,6,1,1,1,1,3,1,57,1
5305,10BA0006648,440540,439791,1,1,26/10/2010,955,3,2,1,2,1,3,1,19,9
5306,10BA0006659,429708,436613,1,1,26/10/2010,1530,4,1,1,1,3,2,2,14,9
5307,10BA0006695,439312,432387,2,1,26/10/2010,755,3,2,1,2,1,2,1,32,1
5308,10CA0454126,430858,434140,2,1,26/10/2010,1450,3,2,1,1,1,3,1,34,9
5309,10CA0454179,430882,434265,1,1,26/10/2010,1701,3,2,1,1,3,3,2,23,9
5310,10CA0455480,430095,431375,1,1,26/10/2010,1640,3,2,1,1,2,3,2,21,11
5311,10AA0455100,420946,434393,3,1,27/10/2010,1020,3,1,1,1,1,3,2,38,9
5312,10AA0456208,427303,433626,2,1,27/10/2010,1945,3,1,4,1,1,3,1,23,1
5313,10BA0006653,432688,434518,1,1,27/10/2010,1255,4,1,1,1,3,2,1,19,9
5314,10BA0006654,432255,433273,1,1,27/10/2010,1945,6,1,4,1,2,3,1,30,9
5315,10CA0454919,429699,433430,1,1,27/10/2010,835,6,1,1,1,3,3,2,30,9
5316,10CA0456410,429152,431019,1,2,27/10/2010,351,6,1,7,1,1,3,1,19,3
5317,10CA0456410,429152,431019,1,2,27/10/2010,351,6,1,7,1,2,3,2,29,3
5318,10CA0458730,430700,434591,2,1,27/10/2010,1435,3,1,1,9,2,3,2,60,11
5319,10MU0006681,432203,426073,2,1,27/10/2010,1500,1,2,1,1,1,3,1,25,9
5320,10AA0456912,426795,432078,1,1,28/10/2010,925,6,1,1,1,3,2,2,80,9
5321,10AA0457814,421237,440902,2,1,28/10/2010,800,6,1,1,1,1,3,2,39,9
5322,10AA0460820,422059,433174,1,1,28/10/2010,1450,4,1,1,1,2,3,2,70,11
5323,10MU0006674,430338,431890,2,1,28/10/2010,2120,1,1,4,1,1,3,2,44,9
5324,10AA0466695,425179,437791,2,1,29/10/2010,905,6,1,1,1,1,3,1,58,8
5325,10BA0006761,430555,435102,2,1,29/10/2010,1400,3,1,1,1,1,3,1,23,9
5326,10CA0458597,429954,433156,2,1,29/10/2010,830,6,1,1,1,1,3,1,48,5
5327,10CA0500510,427841,430557,2,1,29/10/2010,1315,3,2,1,1,1,3,1,27,9
5328,10MU0006691,424189,427919,2,1,29/10/2010,1714,1,2,4,1,1,3,1,36,9
5329,10AA0461428,428184,434837,1,1,30/10/2010,555,6,1,7,1,3,3,1,34,9
5330,10AA0461902,425640,434231,2,1,30/10/2010,1116,3,1,1,1,3,2,1,43,9
5331,10CA0460796,422155,429166,3,1,30/10/2010,1305,4,1,1,1,2,3,2,45,9
5332,10CA0461279,431967,430304,2,1,30/10/2010,1200,3,1,1,1,1,3,1,36,3
5333,10CA0470778,428333,427778,2,1,30/10/2010,1230,4,1,1,1,1,3,1,24,9
5334,10AA0462531,419373,442191,1,1,31/10/2010,130,6,1,4,1,3,3,1,21,9
5335,10AA0464194,419490,441632,2,1,31/10/2010,1935,3,1,7,1,1,3,1,16,4
5336,10CA0461633,430307,433071,1,2,31/10/2010,135,6,1,4,1,3,3,2,40,9
5337,10CA0461633,430307,433071,1,2,31/10/2010,135,6,1,4,1,3,2,2,50,9
5338,10CA0461896,430769,432918,1,1,31/10/2010,315,6,1,4,1,1,2,1,25,5
5339,10CA0462582,429953,434108,1,1,31/10/2010,30,6,1,4,1,2,3,1,20,8
5340,10MU0462339,430263,434355,3,2,31/10/2010,1320,2,1,1,1,1,3,1,41,9
5341,10MU0462339,430263,434355,3,2,31/10/2010,1320,2,1,1,1,2,3,2,40,9
5342,10AA0464801,423255,434512,2,1,01/11/2010,1730,6,1,7,1,1,3,1,41,9
5343,10AA0467879,427316,435777,2,2,01/11/2010,1820,4,1,4,1,1,3,2,19,9
5344,10AA0467879,427316,435777,2,2,01/11/2010,1820,4,1,4,1,2,3,2,20,9
5345,10BA0006731,439919,437247,2,2,01/11/2010,1705,6,1,4,1,1,3,1,36,9
5346,10BA0006731,439919,437247,2,2,01/11/2010,1705,6,1,4,1,1,3,1,49,9
5347,10BA0006734,430709,436751,1,1,01/11/2010,1100,6,1,1,1,3,2,2,89,9
5348,10CA0006705,428366,426115,2,2,01/11/2010,1900,3,2,7,1,1,3,2,18,9
5349,10CA0006705,428366,426115,2,2,01/11/2010,1900,3,2,7,1,2,3,1,18,9
5350,10CA0470810,430244,434359,2,1,01/11/2010,753,3,1,1,1,1,3,1,49,1
5351,10CA0471270,430134,433773,1,1,01/11/2010,1630,6,1,4,1,3,3,1,59,9
5352,10CA0493705,430039,434036,2,1,01/11/2010,1400,6,1,1,9,2,3,2,19,11
5353,10AA0466485,422950,443089,2,1,02/11/2010,1644,6,2,4,5,1,1,1,55,1
5354,10AA0466757,420022,440873,2,1,02/11/2010,1900,3,2,4,2,1,2,1,45,1
5355,10AA0466842,426254,438528,3,1,02/11/2010,2250,6,1,7,1,1,3,1,35,9
5356,10BA0006727,431971,435823,2,2,02/11/2010,2300,3,2,4,1,1,3,1,34,8
5357,10BA0006727,431971,435823,2,2,02/11/2010,2300,3,2,4,1,2,3,1,31,8
5358,10CA0466552,431056,425988,2,3,02/11/2010,1645,6,2,4,5,1,3,1,46,20
5359,10CA0466552,431056,425988,2,3,02/11/2010,1645,6,2,4,5,1,2,1,44,9
5360,10CA0466552,431056,425988,2,3,02/11/2010,1645,6,2,4,5,2,2,2,17,9
5361,10CA0466896,428958,433433,2,2,02/11/2010,1029,3,1,1,1,1,3,1,32,9
5362,10CA0466896,428958,433433,2,2,02/11/2010,1029,3,1,1,1,1,3,1,49,9
5363,10MU0006722,430266,431946,4,3,02/11/2010,925,1,1,1,1,1,3,1,61,9
5364,10MU0006722,430266,431946,4,3,02/11/2010,925,1,1,1,1,1,3,1,34,9
5365,10MU0006722,430266,431946,4,3,02/11/2010,925,1,1,1,1,1,3,2,24,9
5366,10AA0467110,421072,440426,2,1,03/11/2010,840,6,1,1,1,1,3,1,10,1
5367,10BA0006747,435353,433486,2,1,03/11/2010,1430,6,1,1,1,1,3,1,86,90
5368,10BA0006759,431460,432957,2,1,03/11/2010,1400,6,1,1,1,1,3,1,37,19
5369,10BA0006784,431827,436052,2,1,03/11/2010,815,6,1,1,1,1,3,1,69,9
5370,10BA0006987,431884,435274,1,2,03/11/2010,1510,6,1,1,1,3,3,2,12,90
5371,10BA0006987,431884,435274,1,2,03/11/2010,1510,6,1,1,1,3,3,2,11,90
5372,10BA0467013,428991,436848,2,2,03/11/2010,842,6,2,1,4,1,3,1,39,9
5373,10BA0467013,428991,436848,2,2,03/11/2010,842,6,2,1,4,2,3,1,10,9
5374,10BA0475621,429396,433817,2,1,03/11/2010,1955,3,1,7,1,1,3,1,35,5
5375,10CA0468431,431002,430599,2,2,03/11/2010,1739,6,2,4,1,1,3,1,13,1
5376,10CA0468431,431002,430599,2,2,03/11/2010,1739,6,2,4,1,2,3,1,12,1
5377,10CA0469328,428889,437314,1,1,03/11/2010,1530,4,1,1,1,3,3,1,62,90
5378,10AA0470357,420895,434517,2,1,04/11/2010,1830,3,1,7,1,2,3,2,13,9
5379,10BA0006729,436552,435580,2,1,04/11/2010,1810,6,2,4,2,1,3,2,28,9
5380,10BA0006730,432631,435874,2,1,04/11/2010,1700,3,2,4,2,1,3,1,15,1
5381,10BA0006735,430704,436756,2,1,04/11/2010,1115,6,2,1,1,1,3,2,33,3
5382,10BA0006767,442623,426482,2,2,04/11/2010,1910,3,1,4,1,1,3,1,18,9
5383,10BA0006767,442623,426482,2,2,04/11/2010,1910,3,1,4,1,1,3,1,31,9
5384,10BA0006782,440385,433084,2,1,04/11/2010,1215,6,1,1,1,1,3,2,77,90
5385,10BA0006785,438812,431881,1,1,04/11/2010,1538,6,2,1,2,1,3,2,43,9
5386,10CA0469639,433073,427530,2,1,04/11/2010,845,6,1,1,1,1,3,1,30,9
5387,10CA0471466,429012,429693,2,1,04/11/2010,1650,6,2,4,5,1,3,1,43,4
5388,10AA0471613,428717,435609,2,1,05/11/2010,1355,3,1,1,1,1,3,1,19,1
5389,10AA0472086,423473,434877,1,1,05/11/2010,1805,6,1,7,1,3,3,2,4,9
5390,10AA0472154,423815,437116,1,1,05/11/2010,1931,6,1,7,1,3,3,2,12,9
5391,10AA0476476,424775,442531,1,1,05/11/2010,1920,6,1,7,1,3,3,1,23,20
5392,10AA0478014,422119,446007,2,1,05/11/2010,905,3,1,1,1,1,3,1,51,1
5393,10BA0006744,432947,440078,1,1,05/11/2010,2055,6,1,6,1,3,3,1,35,9
5394,10BA0006768,431348,435059,2,1,05/11/2010,1500,3,2,1,1,1,3,1,37,1
5395,10BA0006781,436348,434179,2,4,05/11/2010,1835,3,1,4,1,1,3,1,43,9
5396,10BA0006781,436348,434179,2,4,05/11/2010,1835,3,1,4,1,2,3,2,15,9
5397,10BA0006781,436348,434179,2,4,05/11/2010,1835,3,1,4,1,2,3,1,12,9
5398,10BA0006781,436348,434179,2,4,05/11/2010,1835,3,1,4,1,2,3,2,39,9
5399,10CA0472533,426865,427573,2,1,05/11/2010,2300,4,1,7,1,2,3,1,52,11
5400,10MU0006753,433109,425916,3,6,05/11/2010,1730,1,2,4,2,1,3,1,21,9
5401,10MU0006753,433109,425916,3,6,05/11/2010,1730,1,2,4,2,1,3,2,48,9
5402,10MU0006753,433109,425916,3,6,05/11/2010,1730,1,2,4,2,2,3,2,16,9
5403,10MU0006753,433109,425916,3,6,05/11/2010,1730,1,2,4,2,2,3,2,10,9
5404,10MU0006753,433109,425916,3,6,05/11/2010,1730,1,2,4,2,2,3,2,8,9
5405,10MU0006753,433109,425916,3,6,05/11/2010,1730,1,2,4,2,2,3,2,80,9
5406,10MU0006760,434310,425862,2,1,05/11/2010,1700,1,2,6,1,1,3,2,27,9
5407,10AA0523442,427999,435401,1,1,06/11/2010,447,6,1,4,1,3,3,2,30,9
5408,10BA0006779,430135,437802,2,1,06/11/2010,1005,3,2,1,1,1,3,1,83,9
5409,10CA0473584,428462,431344,2,2,06/11/2010,1420,3,1,1,1,2,3,2,88,9
5410,10CA0473584,428462,431344,2,2,06/11/2010,1420,3,1,1,1,1,2,2,73,9
5411,10AA0475512,427946,436112,1,1,07/11/2010,2300,3,1,4,4,3,3,1,21,9
5412,10AA0476709,427908,434074,1,1,08/11/2010,1430,6,1,1,1,1,3,2,25,9
5413,10BA0006794,435940,435467,2,1,08/11/2010,1710,6,2,4,2,1,3,1,21,1
5414,10CA0475732,430635,432639,2,1,08/11/2010,755,3,2,1,5,1,3,1,63,9
5415,10CA0476608,426864,427573,2,2,08/11/2010,1345,4,1,1,1,1,3,1,67,9
5416,10CA0476608,426864,427573,2,2,08/11/2010,1345,4,1,1,1,2,3,1,17,9
5417,10CA0478118,431438,431607,2,1,08/11/2010,900,3,1,1,1,1,3,1,24,9
5418,10CA0484061,427785,430731,2,1,08/11/2010,1945,3,2,4,5,1,3,2,28,9
5419,10MU0006795,443638,436110,2,2,08/11/2010,1645,2,2,4,5,1,3,1,64,9
5420,10MU0006795,443638,436110,2,2,08/11/2010,1645,2,2,4,5,2,3,2,61,9
5421,10AA0477698,427601,436803,2,1,09/11/2010,845,3,2,1,2,1,3,2,42,9
5422,10BA0006790,433899,434262,2,4,09/11/2010,15,6,2,4,2,1,3,1,18,9
5423,10BA0006790,433899,434262,2,4,09/11/2010,15,6,2,4,2,2,3,1,17,9
5424,10BA0006790,433899,434262,2,4,09/11/2010,15,6,2,4,2,2,3,1,17,9
5425,10BA0006790,433899,434262,2,4,09/11/2010,15,6,2,4,2,2,3,1,20,9
5426,10BA0006791,439399,432434,2,1,09/11/2010,930,3,2,1,1,1,3,1,27,9
5427,10BA0006802,432150,438744,3,3,09/11/2010,1555,6,2,1,1,1,3,2,57,9
5428,10BA0006802,432150,438744,3,3,09/11/2010,1555,6,2,1,1,1,3,1,19,9
5429,10BA0006802,432150,438744,3,3,09/11/2010,1555,6,2,1,1,2,3,1,20,9
5430,10CA0006814,430851,424415,1,1,09/11/2010,1030,1,2,1,5,3,2,2,63,9
5431,10CA0477756,425851,427373,2,1,09/11/2010,835,6,1,1,2,2,3,2,25,9
5432,10CA0478680,433148,426326,2,1,09/11/2010,1618,3,2,1,5,1,3,1,46,1
5433,10CA0479145,429340,433699,2,3,09/11/2010,2300,2,1,4,1,1,3,1,32,9
5434,10CA0479145,429340,433699,2,3,09/11/2010,2300,2,1,4,1,2,3,1,20,9
5435,10CA0479145,429340,433699,2,3,09/11/2010,2300,2,1,4,1,2,3,1,19,9
5436,10AA0479282,420963,434393,2,1,10/11/2010,710,3,1,1,1,1,3,2,33,9
5437,10AA0480159,425800,433245,2,2,10/11/2010,840,6,1,1,1,1,3,2,29,9
5438,10AA0480159,425800,433245,2,2,10/11/2010,840,6,1,1,1,2,3,1,8,9
5439,10BA0006808,432010,440321,1,2,10/11/2010,1,6,1,4,1,1,3,1,29,9
5440,10BA0006808,432010,440321,1,2,10/11/2010,1,6,1,4,1,2,3,2,20,9
5441,10BA0006816,433389,437248,1,3,10/11/2010,2255,6,2,4,1,1,3,2,20,9
5442,10BA0006816,433389,437248,1,3,10/11/2010,2255,6,2,4,1,2,3,2,22,9
5443,10BA0006816,433389,437248,1,3,10/11/2010,2255,6,2,4,1,2,3,2,19,9
5444,10BA0006817,430003,438650,2,1,10/11/2010,2010,4,2,4,1,1,3,2,26,90
5445,10BA0006823,434456,433703,2,3,10/11/2010,1530,6,1,1,1,1,3,2,59,9
5446,10BA0006823,434456,433703,2,3,10/11/2010,1530,6,1,1,1,1,3,2,29,9
5447,10BA0006823,434456,433703,2,3,10/11/2010,1530,6,1,1,1,2,3,2,41,9
5448,10CA0480108,428558,431692,2,1,10/11/2010,1325,3,1,1,1,1,3,1,54,9
5449,10CA0480282,428609,430764,1,1,10/11/2010,1340,6,1,1,1,3,3,1,77,9
5450,10CA0480746,427609,430978,1,1,10/11/2010,1450,3,1,1,1,3,3,2,27,9
5451,10MU0006803,432195,426084,3,1,10/11/2010,1135,1,1,1,1,1,3,1,34,19
5452,10MU0480952,429392,433762,1,2,10/11/2010,2035,2,1,4,1,1,3,2,19,9
5453,10MU0480952,429392,433762,1,2,10/11/2010,2035,2,1,4,1,2,3,1,19,9
5454,10AA0481130,428774,433284,2,2,11/11/2010,120,3,1,4,1,1,3,1,39,9
5455,10AA0481130,428774,433284,2,2,11/11/2010,120,3,1,4,1,2,3,1,40,9
5456,10AA0482051,424389,433629,2,2,11/11/2010,1140,4,2,1,5,2,2,2,24,9
5457,10AA0482051,424389,433629,2,2,11/11/2010,1140,4,2,1,5,2,3,1,21,9
5458,10AA0482580,419953,434122,3,3,11/11/2010,1600,3,1,1,1,1,3,1,28,9
5459,10AA0482580,419953,434122,3,3,11/11/2010,1600,3,1,1,1,1,3,1,72,9
5460,10AA0482580,419953,434122,3,3,11/11/2010,1600,3,1,1,1,2,3,1,45,9
5461,10BA0006835,436174,434650,2,1,11/11/2010,1830,3,2,4,5,3,3,2,23,5
5462,10BA0006850,439992,437096,2,1,11/11/2010,1800,6,1,4,4,1,3,1,38,9
5463,10CA0481482,429786,430627,2,3,11/11/2010,840,3,2,1,2,1,3,1,20,9
5464,10CA0481482,429786,430627,2,3,11/11/2010,840,3,2,1,2,2,3,2,26,9
5465,10CA0481482,429786,430627,2,3,11/11/2010,840,3,2,1,2,2,3,2,14,9
5466,10CA0482639,428342,425456,2,2,11/11/2010,1520,6,1,1,4,1,2,2,69,9
5467,10CA0482639,428342,425456,2,2,11/11/2010,1520,6,1,1,4,1,3,2,39,9
5468,10MU0006824,432941,425957,4,2,11/11/2010,1131,1,2,1,4,1,3,2,27,9
5469,10MU0006824,432941,425957,4,2,11/11/2010,1131,1,2,1,4,1,3,2,25,9
5470,10AA0484080,427353,434821,3,2,12/11/2010,1435,6,1,1,4,1,3,1,29,9
5471,10AA0484080,427353,434821,3,2,12/11/2010,1435,6,1,1,4,1,3,1,30,9
5472,10AA0484322,429587,434803,1,2,12/11/2010,1700,3,2,4,1,3,3,2,22,11
5473,10AA0484322,429587,434803,1,2,12/11/2010,1700,3,2,4,1,3,3,2,23,11
5474,10CA0486894,427650,431150,2,1,12/11/2010,1430,3,1,1,4,1,3,2,22,9
5475,10CA491750,430055,434020,1,1,12/11/2010,1820,3,1,7,1,2,3,2,51,8
5476,10AA0485772,421672,435854,2,2,13/11/2010,1655,4,2,4,1,1,3,1,53,19
5477,10AA0485772,421672,435854,2,2,13/11/2010,1655,4,2,4,1,2,3,1,25,9
5478,10BA0006846,442101,434631,2,1,13/11/2010,1535,3,1,1,1,1,3,1,64,1
5479,10BA0006863,431022,439213,3,1,13/11/2010,1220,3,1,1,1,1,3,1,30,9
5480,10CA0485715,428434,428905,4,1,13/11/2010,1700,3,1,7,1,1,3,1,30,9
5481,10CA0485964,435171,428738,1,1,13/11/2010,2144,6,1,7,1,1,3,1,15,1
5482,10AA0488909,428364,435150,2,1,14/11/2010,1840,6,2,4,1,1,3,2,22,9
5483,10AA0491735,429466,435981,2,2,14/11/2010,1235,6,2,1,1,1,3,2,63,9
5484,10AA0491735,429466,435981,2,2,14/11/2010,1235,6,2,1,1,2,3,2,29,9
5485,10AA0488636,421124,434481,2,2,15/11/2010,1555,4,1,1,1,1,3,2,32,9
5486,10AA0488636,421124,434481,2,2,15/11/2010,1555,4,1,1,1,1,3,2,45,9
5487,10BA0488838,440614,433549,2,1,15/11/2010,1738,3,2,4,1,1,3,1,18,9
5488,10BA0488839,439689,433096,1,1,15/11/2010,1540,3,1,1,1,3,3,2,72,9
5489,10BA0490326,432535,443141,2,2,15/11/2010,1440,3,1,1,1,1,3,2,67,9
5490,10BA0490326,432535,443141,2,2,15/11/2010,1440,3,1,1,1,1,3,2,46,9
5491,10CA0488335,429661,433421,1,1,15/11/2010,745,6,2,1,1,3,3,1,25,11
5492,10MU0006854,440465,447005,2,1,15/11/2010,435,2,4,4,1,1,3,1,36,9
5493,10AA0489926,428076,432813,2,1,16/11/2010,1132,4,2,1,7,2,3,2,58,11
5494,10AA0490609,428005,435411,2,1,16/11/2010,1737,6,2,4,8,1,3,2,19,9
5495,10AA0500283,427069,434823,1,1,16/11/2010,1430,3,1,1,1,1,2,1,47,4
5496,10BA0553573,431983,435856,2,1,16/11/2010,1108,3,1,1,1,1,3,2,58,2
5497,10AA0492628,428560,433228,1,1,17/11/2010,2150,3,2,4,1,1,2,1,20,9
5498,10BA0492609,431650,433021,2,1,17/11/2010,2030,6,1,7,1,2,3,1,16,9
5499,10CA0492106,428762,430726,1,1,17/11/2010,1514,6,1,1,1,3,2,1,12,9
5500,10CA0492120,429963,433402,1,1,17/11/2010,1235,6,2,1,8,2,3,2,81,11
5501,10CA0492158,429963,430861,1,1,17/11/2010,1515,3,2,1,2,3,3,2,13,9
5502,10CA0493713,426347,427856,1,1,17/11/2010,1343,6,1,1,1,2,3,2,45,11
5503,10CA0500021,429419,428180,2,1,17/11/2010,1900,6,2,4,1,1,2,1,17,4
5504,10MU0006894,427564,426348,2,1,17/11/2010,1945,1,2,6,8,1,3,2,47,9
5505,10MU0006906,433599,425862,5,4,17/11/2010,1705,1,2,4,1,1,3,1,59,9
5506,10MU0006906,433599,425862,5,4,17/11/2010,1705,1,2,4,1,1,3,1,29,9
5507,10MU0006906,433599,425862,5,4,17/11/2010,1705,1,2,4,1,1,2,1,35,9
5508,10MU0006906,433599,425862,5,4,17/11/2010,1705,1,2,4,1,1,3,2,66,9
5509,10BA0492799,437519,431948,1,1,18/11/2010,630,6,2,6,1,1,3,2,45,9
5510,10BA0494216,432639,434577,2,2,18/11/2010,1837,4,2,4,2,1,3,1,58,9
5511,10BA0494216,432639,434577,2,2,18/11/2010,1837,4,2,4,2,1,3,2,25,9
5512,10BA0495403,432100,435560,1,1,18/11/2010,1400,4,2,1,2,3,3,2,54,9
5513,10BA0499476,430944,438973,1,1,18/11/2010,1620,6,1,1,1,2,3,2,89,11
5514,10CA0006879,430849,424403,2,1,18/11/2010,755,3,1,1,1,1,3,1,44,9
5515,10CA0494436,429126,433546,2,1,18/11/2010,2200,6,2,4,2,1,3,2,29,9
5516,10AA0495747,427975,436062,2,1,19/11/2010,1445,3,2,1,1,1,3,1,19,1
5517,10AA0495883,422416,436968,3,4,19/11/2010,1800,3,2,4,7,1,3,2,23,9
5518,10AA0495883,422416,436968,3,4,19/11/2010,1800,3,2,4,7,1,3,1,32,9
5519,10AA0495883,422416,436968,3,4,19/11/2010,1800,3,2,4,7,1,3,2,26,9
5520,10AA0495883,422416,436968,3,4,19/11/2010,1800,3,2,4,7,2,3,2,29,9
5521,10AA0495886,420628,433675,1,2,19/11/2010,1555,4,2,1,1,1,3,1,75,9
5522,10AA0495886,420628,433675,1,2,19/11/2010,1555,4,2,1,1,2,3,2,75,9
5523,10AA0496012,427440,434963,1,2,19/11/2010,2015,6,2,4,2,3,1,2,62,9
5524,10AA0496012,427440,434963,1,2,19/11/2010,2015,6,2,4,2,1,3,2,46,9
5525,10AA0496136,423869,435356,2,1,19/11/2010,2130,6,2,4,2,1,3,1,54,8
5526,10AA0496141,427677,435053,2,1,19/11/2010,2002,6,2,4,1,1,3,1,20,9
5527,10AA0497282,424815,434116,2,1,19/11/2010,1840,3,2,4,1,1,3,2,31,9
5528,10BA0496053,437820,433100,2,1,19/11/2010,1750,3,2,4,2,1,2,1,41,1
5529,10CA0495362,434799,429078,2,1,19/11/2010,1336,3,2,1,1,1,3,1,61,9
5530,10CA0495383,428573,427711,1,1,19/11/2010,1227,3,1,1,1,1,2,1,50,5
5531,10CA0496035,427819,425861,4,3,19/11/2010,2030,3,2,4,2,1,3,1,38,9
5532,10CA0496035,427819,425861,4,3,19/11/2010,2030,3,2,4,2,1,3,2,48,9
5533,10CA0496035,427819,425861,4,3,19/11/2010,2030,3,2,4,2,2,3,1,20,9
5534,10CA0496432,424754,427905,2,1,19/11/2010,1510,3,1,1,1,1,3,1,15,1
5535,10MU0006898,443309,434785,1,1,19/11/2010,2144,1,2,6,1,1,2,1,40,9
5536,10AA0497283,426766,438351,2,1,20/11/2010,1715,3,2,4,1,1,3,1,27,9
5537,10AA0497652,429579,434770,1,1,20/11/2010,2350,3,2,4,2,3,3,1,25,9
5538,10BA0497363,435070,435670,2,1,20/11/2010,1835,6,2,4,2,1,3,1,18,3
5539,10CA0497270,430375,433505,1,1,20/11/2010,1225,6,1,1,4,2,3,1,52,11
5540,10CA0497331,426172,427776,1,1,20/11/2010,1650,4,2,1,1,3,2,2,12,9
5541,10CA0513965,430276,433064,1,1,20/11/2010,2330,6,1,4,1,3,3,1,36,8
5542,10MU0006901,423934,427899,1,1,20/11/2010,845,1,1,1,1,1,3,1,51,9
5543,10BA0500018,442106,445177,1,1,21/11/2010,838,6,2,1,1,3,3,1,11,9
5544,10AA0499796,426335,438092,2,1,22/11/2010,1140,3,1,1,1,1,3,1,43,9
5545,10AA0500777,428820,435213,1,1,22/11/2010,2110,6,2,4,1,3,2,1,19,9
5546,10AA0503117,427022,433577,1,1,22/11/2010,1400,6,1,1,1,3,3,2,19,9
5547,10BA0499016,442157,431741,1,2,22/11/2010,230,3,2,6,2,2,3,1,20,9
5548,10BA0499016,442157,431741,1,2,22/11/2010,230,3,2,6,2,2,3,1,22,9
5549,10BA0500452,432293,435053,2,1,22/11/2010,1650,6,2,4,1,2,3,2,32,9
5550,10CA0500345,429940,427136,1,1,22/11/2010,1654,6,2,4,1,3,2,2,12,9
5551,10CA0500444,436177,427375,2,1,22/11/2010,1817,3,2,4,1,1,3,2,38,9
5552,10AA0502145,425793,439961,1,1,23/11/2010,1505,6,1,1,1,3,3,1,11,9
5553,10AA0502259,427778,435847,1,1,23/11/2010,1510,6,1,1,1,2,3,2,64,11
5554,10AA0502437,423743,439251,2,1,23/11/2010,815,6,1,1,1,1,3,2,47,9
5555,10AA0502760,424613,435103,2,1,23/11/2010,2325,3,1,4,1,1,3,1,30,9
5556,10AA0503234,427739,436463,2,2,23/11/2010,1506,3,1,1,1,2,3,1,70,11
5557,10AA0503234,427739,436463,2,2,23/11/2010,1506,3,1,1,1,2,3,2,73,11
5558,10BA0502461,431418,435590,1,4,23/11/2010,1738,6,1,7,1,2,3,1,17,9
5559,10BA0502461,431418,435590,1,4,23/11/2010,1738,6,1,7,1,2,3,1,16,9
5560,10BA0502461,431418,435590,1,4,23/11/2010,1738,6,1,7,1,2,2,1,18,9
5561,10BA0502461,431418,435590,1,4,23/11/2010,1738,6,1,7,1,2,3,1,17,9
5562,10BA0502638,437596,437148,2,2,23/11/2010,2105,6,1,4,1,1,3,2,24,9
5563,10BA0502638,437596,437148,2,2,23/11/2010,2105,6,1,4,1,1,3,1,21,9
5564,10BA0504974,442223,437528,1,1,23/11/2010,1500,6,2,1,1,1,3,2,24,9
5565,10CA0501569,429768,433604,1,1,23/11/2010,1150,6,1,1,1,2,3,2,57,11
5566,10CA0502695,430700,432924,2,1,23/11/2010,1815,6,1,7,1,1,3,1,29,5
5567,10AA0504026,420624,441142,1,1,24/11/2010,1700,6,1,7,1,3,3,1,36,9
5568,10AA0509834,422012,436497,2,1,24/11/2010,1815,3,2,4,1,1,3,1,29,1