Col.Number,Reference.Number,Easting,Northing,Number.of.Vehicles,Number.of.Casualties,Accident.Date,Time..24hr.,X1st.Road.Class,Road.Surface,Lighting.Conditions,Weather.Conditions,Casualty.Class,Casualty.Severity,Sex.of.Casualty,Age.of.Casualty,Type.of.Vehicle
5569,10BA0503891,446551,430677,2,2,24/11/2010,1355,3,1,1,1,1,3,1,61,9
5570,10BA0503891,446551,430677,2,2,24/11/2010,1355,3,1,1,1,1,3,2,43,9
5571,10BA0504045,433165,435231,2,4,24/11/2010,1430,6,1,1,1,1,3,1,27,9
5572,10BA0504045,433165,435231,2,4,24/11/2010,1430,6,1,1,1,1,3,1,26,9
5573,10BA0504045,433165,435231,2,4,24/11/2010,1430,6,1,1,1,2,3,2,22,9
5574,10BA0504045,433165,435231,2,4,24/11/2010,1430,6,1,1,1,2,3,1,10,9
5575,10BA0504096,436325,434201,2,1,24/11/2010,1822,3,1,7,1,1,3,1,43,9
5576,10BA0504522,435452,437300,3,2,24/11/2010,910,3,2,1,1,1,3,1,46,20
5577,10BA0504522,435452,437300,3,2,24/11/2010,910,3,2,1,1,1,3,2,29,9
5578,10CA0503242,425322,429136,2,2,24/11/2010,930,3,1,1,1,1,3,1,49,9
5579,10CA0503242,425322,429136,2,2,24/11/2010,930,3,1,1,1,1,3,1,41,9
5580,10CA0505031,427573,431093,1,1,24/11/2010,1130,1,1,1,1,3,3,2,44,9
5581,10CA0542818,430636,434234,2,1,24/11/2010,815,6,1,1,1,1,3,2,57,9
5582,10MU0006910,444507,433589,1,1,24/11/2010,1425,2,1,1,1,1,3,1,50,9
5583,10AA0505542,426099,436671,3,1,25/11/2010,1501,6,2,1,1,2,3,1,1,9
5584,10AA0505547,427048,431624,1,1,25/11/2010,1320,3,1,1,1,3,2,2,75,19
5585,10AA0506119,423016,437660,2,1,25/11/2010,2025,3,1,7,1,1,3,1,18,4
5586,10AA0508423,426285,435583,2,1,25/11/2010,1125,4,1,1,1,1,3,1,41,11
5587,10BA0056566,435385,435721,2,1,25/11/2010,1610,6,1,1,1,1,3,1,44,9
5588,10BA0504692,430731,434855,2,1,25/11/2010,900,3,2,1,4,1,3,2,26,9
5589,10BA0505521,442907,430873,2,3,25/11/2010,1430,3,2,1,1,1,3,1,53,9
5590,10BA0505521,442907,430873,2,3,25/11/2010,1430,3,2,1,1,1,3,2,60,9
5591,10BA0505521,442907,430873,2,3,25/11/2010,1430,3,2,1,1,2,3,1,63,9
5592,10BA0506117,429107,436247,2,1,25/11/2010,1920,6,1,7,1,1,3,1,53,1
5593,10BA0514078,430027,435520,1,1,25/11/2010,1520,6,1,1,1,3,3,2,18,9
5594,10CA0504576,428926,433409,3,1,25/11/2010,720,3,1,4,1,1,3,2,21,9
5595,10CA0504710,430046,434013,1,1,25/11/2010,905,6,1,1,1,3,3,2,22,11
5596,10CA0506220,424352,429247,2,1,25/11/2010,2110,4,2,4,1,1,3,1,45,1
5597,10AA0506981,420260,434004,1,1,26/11/2010,1140,6,1,1,1,3,3,2,39,9
5598,10AA0507521,429816,434635,2,1,26/11/2010,1355,6,1,1,1,2,3,2,20,11
5599,10BA0507823,434775,438019,3,1,26/11/2010,2045,3,2,4,1,1,3,2,46,9
5600,10BA0509174,432662,433840,2,2,26/11/2010,1805,3,2,4,1,1,3,2,39,9
5601,10BA0509174,432662,433840,2,2,26/11/2010,1805,3,2,4,1,2,3,2,13,9
5602,10BA0516577,437674,438111,3,1,26/11/2010,1200,3,1,1,1,1,3,2,22,9
5603,10MU0507777,429408,433921,2,5,26/11/2010,2000,2,1,4,1,1,3,1,30,9
5604,10MU0507777,429408,433921,2,5,26/11/2010,2000,2,1,4,1,1,3,1,25,8
5605,10MU0507777,429408,433921,2,5,26/11/2010,2000,2,1,4,1,2,3,1,38,9
5606,10MU0507777,429408,433921,2,5,26/11/2010,2000,2,1,4,1,2,3,1,24,9
5607,10MU0507777,429408,433921,2,5,26/11/2010,2000,2,1,4,1,2,3,1,19,8
5608,10AA0513815,428587,435664,2,1,27/11/2010,1300,3,1,1,1,1,3,2,27,1
5609,10BA0509655,427914,441535,2,2,27/11/2010,1420,6,2,1,1,1,3,2,19,9
5610,10BA0509655,427914,441535,2,2,27/11/2010,1420,6,2,1,1,1,3,1,41,9
5611,10BA0516746,432827,433908,1,1,27/11/2010,330,3,3,4,3,1,3,1,39,9
5612,10CA0509242,436072,428701,1,1,27/11/2010,2020,6,1,4,1,3,2,1,72,9
5613,10CA0511888,429332,432866,2,1,27/11/2010,2300,6,4,7,9,3,3,2,16,9
5614,10MU0006915,429619,426403,1,1,27/11/2010,44,1,3,4,3,2,3,1,36,9
5615,10AA0510216,420694,444819,1,1,28/11/2010,1725,6,3,4,3,1,3,2,24,9
5616,10BA0512805,434982,436899,1,1,28/11/2010,1215,6,1,1,1,3,3,2,70,11
5617,10CA0509564,428456,425841,3,1,28/11/2010,655,6,4,1,8,1,3,2,41,9
5618,10BA0513525,431482,435007,2,1,29/11/2010,2151,6,3,4,3,1,3,1,15,1
5619,10CA0511483,432525,427552,2,2,29/11/2010,1345,3,1,1,1,1,3,2,27,9
5620,10CA0511483,432525,427552,2,2,29/11/2010,1345,3,1,1,1,1,3,1,73,9
5621,10CA0511705,427938,426302,2,1,29/11/2010,1455,3,2,1,1,2,3,2,70,9
5622,10MU0006936,442966,434582,2,1,29/11/2010,536,1,3,6,3,1,3,1,32,9
5623,10MU0006948,442268,434522,2,2,29/11/2010,840,1,3,1,3,1,3,2,28,9
5624,10MU0006948,442268,434522,2,2,29/11/2010,840,1,3,1,3,1,3,2,49,9
5625,10MU0006949,430062,426405,2,2,29/11/2010,1055,1,1,1,1,1,3,1,62,9
5626,10MU0006949,430062,426405,2,2,29/11/2010,1055,1,1,1,1,2,3,2,61,9
5627,10MU0006973,429415,426424,2,1,29/11/2010,1402,1,2,1,1,1,3,2,23,9
5628,10BA0512496,439730,430180,1,1,30/11/2010,1000,6,4,1,8,1,3,2,37,9
5629,10BA0512561,429773,437371,1,1,30/11/2010,715,6,3,1,1,1,3,1,32,9
5630,10BA0513402,429772,438880,2,1,30/11/2010,1830,3,4,4,8,1,3,2,57,9
5631,10BA0517183,433194,434017,2,1,30/11/2010,1745,3,2,7,8,1,3,2,43,9
5632,10MU0006945,430637,430586,1,1,30/11/2010,640,1,2,4,1,1,3,1,21,9
5633,10AA0514362,425708,435404,2,1,01/12/2010,1315,6,1,1,1,2,3,2,53,9
5634,10AA0515611,425273,435048,2,1,01/12/2010,1950,6,4,4,6,1,3,1,38,9
5635,10AA0517947,427552,436902,2,1,01/12/2010,1000,3,3,1,3,2,3,2,30,9
5636,10AA0533732,424137,430430,2,2,01/12/2010,1620,3,3,4,3,1,3,2,36,9
5637,10AA0533732,424137,430430,2,2,01/12/2010,1620,3,3,4,3,2,3,2,22,9
5638,10BA0514491,428841,440111,1,1,01/12/2010,1530,6,3,1,6,3,3,2,13,9
5639,10MU0006955,430102,426426,2,2,01/12/2010,750,1,1,1,1,1,3,1,50,9
5640,10MU0006955,430102,426426,2,2,01/12/2010,750,1,1,1,1,2,3,2,61,9
5641,10MU0696610,434085,429953,2,1,01/12/2010,735,1,3,7,3,1,3,1,36,9
5642,10BA0517233,430703,434889,2,1,02/12/2010,915,3,2,1,1,1,3,1,71,9
5643,10BA0521045,431159,436385,2,1,02/12/2010,1815,4,1,4,1,1,3,1,45,9
5644,10CA0515735,428049,434300,2,2,02/12/2010,1705,3,3,4,1,1,3,1,19,9
5645,10CA0515735,428049,434300,2,2,02/12/2010,1705,3,3,4,1,1,3,1,23,19
5646,10AA0543733,428408,432928,2,3,03/12/2010,1849,4,3,4,1,1,3,1,33,9
5647,10AA0543733,428408,432928,2,3,03/12/2010,1849,4,3,4,1,2,3,1,16,9
5648,10AA0543733,428408,432928,2,3,03/12/2010,1849,4,3,4,1,2,3,2,10,9
5649,10BA0516980,432553,434329,2,1,03/12/2010,1225,6,4,1,1,1,3,2,30,9
5650,10MU0006974,428517,426431,1,1,03/12/2010,355,1,2,4,1,1,3,2,26,9
5651,10AA0517605,426303,436892,1,2,04/12/2010,340,6,3,4,1,2,3,1,24,8
5652,10AA0517605,426303,436892,1,2,04/12/2010,340,6,3,4,1,2,3,2,23,8
5653,10MU0006969,429544,423131,2,2,04/12/2010,515,1,2,4,1,2,3,2,17,9
5654,10MU0006969,429544,423131,2,2,04/12/2010,515,1,2,4,1,2,3,2,39,9
5655,10AA0519129,427382,435796,1,1,05/12/2010,1015,4,4,1,1,1,2,1,44,3
5656,10AA0519186,430658,434700,1,1,05/12/2010,800,3,4,1,1,1,3,1,26,9
5657,10AA0519578,428240,434159,1,1,05/12/2010,1743,3,4,4,1,3,3,1,21,9
5658,10BA0519239,441749,427858,3,1,05/12/2010,1036,6,4,1,1,1,3,1,72,9
5659,10BA0519242,437516,431938,1,1,05/12/2010,908,6,4,1,1,1,3,2,41,9
5660,10BA0519390,436206,436847,2,2,05/12/2010,1448,3,4,1,1,1,2,2,39,9
5661,10BA0519390,436206,436847,2,2,05/12/2010,1448,3,4,1,1,2,3,2,5,9
5662,10BA0519440,433664,434315,2,1,05/12/2010,1500,6,4,1,1,1,3,2,38,9
5663,10BA0523101,430557,435135,3,1,05/12/2010,905,3,4,1,1,1,3,2,29,9
5664,10BA0524035,431605,433625,1,1,05/12/2010,1015,3,4,1,1,1,3,1,38,9
5665,10BA0548079,430657,434695,1,1,05/12/2010,830,3,4,1,8,1,3,2,41,9
5666,10AA0520420,420137,435162,2,1,06/12/2010,930,6,4,1,1,1,3,1,53,19
5667,10AA0520599,429249,433962,1,1,06/12/2010,1215,6,2,1,1,3,3,2,17,19
5668,10CA0521428,424909,427625,2,1,06/12/2010,1515,3,4,1,5,2,3,2,25,9
5669,10CA0521955,426683,427473,2,1,06/12/2010,1200,6,2,1,1,1,3,2,28,9
5670,10AA0522624,422944,443097,2,1,07/12/2010,1515,3,4,1,8,1,3,2,69,9
5671,10AA0523005,424127,444004,2,2,07/12/2010,1945,3,2,4,1,1,3,1,72,9
5672,10AA0523005,424127,444004,2,2,07/12/2010,1945,3,2,4,1,2,3,2,59,9
5673,10BA0523072,441744,430216,1,1,07/12/2010,1650,4,1,4,1,3,3,1,42,9
5674,10BA0523132,430765,438794,1,1,07/12/2010,1615,6,2,1,1,3,3,2,57,9
5675,10CA0521587,423881,427877,1,3,07/12/2010,30,3,4,4,4,2,3,1,35,9
5676,10CA0521587,423881,427877,1,3,07/12/2010,30,3,4,4,4,2,3,1,26,9
5677,10CA0521587,423881,427877,1,3,07/12/2010,30,3,4,4,4,1,3,1,30,9
5678,10AA0524523,420983,434343,2,1,08/12/2010,740,3,1,1,1,1,3,2,24,9
5679,10BA0524513,436730,433186,3,2,08/12/2010,1630,6,2,4,1,1,3,2,24,9
5680,10BA0524513,436730,433186,3,2,08/12/2010,1630,6,2,4,1,2,3,1,3,9
5681,10BA0524704,432253,439804,3,1,08/12/2010,2150,6,4,4,1,1,3,2,20,9
5682,10AA0526391,425572,433059,1,1,09/12/2010,2335,6,2,4,1,1,3,1,20,9
5683,10BA0525516,432883,435594,2,2,09/12/2010,800,6,3,1,1,1,3,1,29,9
5684,10BA0525516,432883,435594,2,2,09/12/2010,800,6,3,1,1,2,3,2,39,9
5685,10BA0525589,434988,441417,2,1,09/12/2010,806,6,2,1,1,3,2,1,53,9
5686,10BA0526595,431539,434317,1,1,09/12/2010,820,6,2,1,1,3,3,1,15,9
5687,10CA0526900,429924,433795,1,1,09/12/2010,1025,6,1,1,1,2,2,2,71,11
5688,10AA0527068,419368,442170,1,1,10/12/2010,1110,6,2,1,1,3,3,2,79,9
5689,10BA0526775,433463,434926,2,2,10/12/2010,1045,6,4,1,1,1,3,1,32,9
5690,10BA0526775,433463,434926,2,2,10/12/2010,1045,6,4,1,1,2,3,2,51,11
5691,10BA0528316,431886,435136,1,1,10/12/2010,1345,6,2,1,1,2,3,1,31,11
5692,10BA0528553,431945,435788,2,1,10/12/2010,1630,3,2,7,4,1,3,2,48,9
5693,10BA0532967,430312,438809,2,1,10/12/2010,1750,6,2,4,1,2,3,2,29,8
5694,10CA0526933,429837,433404,1,1,10/12/2010,955,6,2,1,1,3,3,2,23,8
5695,10CA0527499,430083,431273,1,1,10/12/2010,1015,6,1,1,1,3,3,2,51,9
5696,10CA0527502,427946,426639,2,2,10/12/2010,1230,6,4,1,1,1,3,2,34,9
5697,10CA0527502,427946,426639,2,2,10/12/2010,1230,6,4,1,1,1,3,2,48,9
5698,10CA0528269,429937,433013,1,1,10/12/2010,1810,6,1,4,1,3,3,1,29,9
5699,10CA0528479,429304,433687,2,1,10/12/2010,2235,2,2,4,1,1,3,2,20,9
5700,10MU0527628,434608,425888,8,1,10/12/2010,1732,1,2,4,1,1,3,1,48,19
5701,10MU0528480,432238,426268,2,1,10/12/2010,1700,1,2,4,1,1,3,2,52,9
5702,10AA0528190,425789,440523,2,1,11/12/2010,540,6,1,7,1,1,3,1,28,9
5703,10AA0528767,426433,435629,2,2,11/12/2010,1120,4,1,1,1,1,3,2,26,9
5704,10AA0528767,426433,435629,2,2,11/12/2010,1120,4,1,1,1,2,3,2,24,9
5705,10BA0528452,441271,431100,2,1,11/12/2010,1000,4,2,1,1,2,3,1,4,8
5706,10BA0529322,442972,431602,1,1,11/12/2010,1925,3,2,5,1,1,3,2,61,9
5707,10CA0528516,430496,425018,2,1,11/12/2010,900,3,1,1,1,1,2,1,37,90
5708,10CA0528951,429085,433519,3,2,11/12/2010,1410,3,1,1,1,2,3,2,58,11
5709,10CA0528951,429085,433519,3,2,11/12/2010,1410,3,1,1,1,2,3,2,38,11
5710,10CA0529809,430130,431854,1,1,11/12/2010,2030,3,2,4,9,2,3,2,21,11
5711,10CA0533706,429353,433753,2,1,11/12/2010,2340,3,2,4,1,3,3,1,37,8
5712,10BA0529716,430072,438638,1,1,12/12/2010,1005,6,2,1,1,1,3,2,45,9
5713,10BA0530059,436108,434775,2,2,12/12/2010,1316,3,1,1,1,1,3,1,61,9
5714,10BA0530059,436108,434775,2,2,12/12/2010,1316,3,1,1,1,1,3,2,37,9
5715,10BA0530154,432270,435069,1,1,12/12/2010,1525,6,4,1,1,3,3,1,21,9
5716,10BA0531902,443066,432705,3,3,13/12/2010,1455,3,2,1,1,1,3,1,24,9
5717,10BA0531902,443066,432705,3,3,13/12/2010,1455,3,2,1,1,1,3,1,36,9
5718,10BA0531902,443066,432705,3,3,13/12/2010,1455,3,2,1,1,2,3,2,58,9
5719,10CA0531135,428897,429814,2,1,13/12/2010,920,3,1,1,1,1,3,2,35,9
5720,10CA0531977,431504,430597,2,1,13/12/2010,1553,6,1,1,1,2,3,2,33,9
5721,10CA0533407,430019,434152,2,1,13/12/2010,1545,3,2,4,1,1,3,1,32,9
5722,10AA0533766,427323,435938,2,1,14/12/2010,1555,6,2,4,1,1,3,1,19,9
5723,10AA0533824,427433,437064,2,1,14/12/2010,1658,3,2,4,1,1,3,1,28,1
5724,10AA0534067,426844,438046,2,1,14/12/2010,545,3,2,4,1,1,3,1,37,1
5725,10CA0532859,428733,433235,1,1,14/12/2010,925,3,2,1,2,3,3,1,25,9
5726,10CA0533828,430089,431251,2,1,14/12/2010,1910,3,2,4,1,1,3,1,24,9
5727,10AA0535474,427940,435729,1,2,15/12/2010,1815,6,1,4,1,3,3,1,23,9
5728,10AA0535474,427940,435729,1,2,15/12/2010,1815,6,1,4,1,1,3,1,32,9
5729,10AA0545773,422133,432358,1,1,15/12/2010,1100,6,1,1,1,2,3,2,84,10
5730,10BA0535305,431793,434268,1,1,15/12/2010,1440,6,1,1,1,2,3,2,20,11
5731,10BA0535478,432362,433180,2,1,15/12/2010,1745,6,2,4,1,1,3,1,50,1
5732,10CA0535332,430367,434025,2,1,15/12/2010,1730,2,1,4,1,1,3,1,33,9
5733,10CA0536262,431002,430602,2,1,15/12/2010,1815,6,1,4,1,1,2,1,39,2
5734,10MU0534948,429406,433909,2,1,15/12/2010,745,2,1,1,1,1,3,1,47,9
5735,10BA0536602,430454,434897,3,1,16/12/2010,805,6,2,1,1,1,3,1,31,9
5736,10BA0537587,436029,435925,2,2,16/12/2010,2115,3,4,7,1,1,3,2,17,9
5737,10BA0537587,436029,435925,2,2,16/12/2010,2115,3,4,7,1,2,2,2,18,9
5738,10CA0536254,430868,433369,2,1,16/12/2010,1720,3,1,4,1,1,3,2,23,9
5739,10CA0537304,429619,428094,1,1,16/12/2010,1849,6,2,4,1,3,2,1,61,9
5740,10AA0538540,422946,443099,2,1,17/12/2010,1447,3,3,1,3,1,3,1,41,9
5741,10AA0540079,420327,434223,2,1,17/12/2010,2100,3,1,7,1,1,3,2,57,9
5742,10BA0538127,429927,438753,1,1,17/12/2010,1100,6,1,1,1,3,3,1,57,9
5743,10BA0538816,431884,435287,2,2,17/12/2010,1820,6,1,4,1,1,3,1,28,9
5744,10BA0538816,431884,435287,2,2,17/12/2010,1820,6,1,4,1,2,3,2,48,9
5745,10BA0538943,435054,435664,2,1,17/12/2010,1800,6,1,4,1,2,3,2,28,8
5746,10BA0538970,432159,436141,2,1,17/12/2010,1633,6,1,5,1,1,3,1,25,9
5747,10CA0538551,428113,426278,3,2,17/12/2010,1310,3,1,1,1,1,3,2,30,9
5748,10CA0538551,428113,426278,3,2,17/12/2010,1310,3,1,1,1,1,3,2,34,9
5749,10CA0538792,428269,429609,2,1,17/12/2010,1745,3,1,4,1,1,3,1,58,9
5750,10CA0540765,434019,428853,1,1,17/12/2010,2010,6,1,4,1,3,3,1,13,8
5751,10CA0540799,429267,430595,2,1,17/12/2010,1630,6,2,4,1,1,3,1,50,9
5752,10AA0539269,419397,442051,1,1,18/12/2010,145,6,3,4,3,3,2,1,21,9
5753,10AA0547540,425069,434983,1,1,18/12/2010,909,6,3,1,3,1,3,1,40,8
5754,10CA0540333,426219,427688,1,3,18/12/2010,2115,6,3,4,3,2,3,1,20,8
5755,10CA0540333,426219,427688,1,3,18/12/2010,2115,6,3,4,3,2,3,1,19,8
5756,10CA0540333,426219,427688,1,3,18/12/2010,2115,6,3,4,3,2,3,1,22,8
5757,10BA0541121,430303,436251,2,1,19/12/2010,1200,6,4,1,1,1,3,1,64,9
5758,10BA0545533,435879,437491,3,1,19/12/2010,1540,6,1,1,1,1,3,1,24,9
5759,10MU0541201,428633,431577,2,1,19/12/2010,1525,1,1,1,1,2,3,2,46,9
5760,10AA0541793,421210,434119,1,1,20/12/2010,903,3,4,1,8,1,3,2,25,9
5761,10AA0544154,420282,433694,2,1,20/12/2010,1325,6,4,1,1,2,3,2,83,9
5762,10CA0542713,428409,429298,2,2,20/12/2010,1355,3,2,1,1,1,3,1,65,9
5763,10CA0542713,428409,429298,2,2,20/12/2010,1355,3,2,1,1,1,3,1,47,9
5764,10CA0542906,428743,429688,2,1,20/12/2010,1020,3,1,1,1,1,3,1,31,1
5765,10MU0542950,435939,425929,2,1,20/12/2010,1840,1,2,6,1,2,3,2,18,9
5766,10MU0543126,429445,434020,2,2,20/12/2010,2100,2,4,4,1,1,3,1,28,9
5767,10MU0543126,429445,434020,2,2,20/12/2010,2100,2,4,4,1,2,3,1,27,9
5768,10AA0544072,428064,435011,2,5,21/12/2010,1255,6,2,1,1,1,3,1,26,8
5769,10AA0544072,428064,435011,2,5,21/12/2010,1255,6,2,1,1,1,3,1,25,9
5770,10AA0544072,428064,435011,2,5,21/12/2010,1255,6,2,1,1,2,3,2,24,8
5771,10AA0544072,428064,435011,2,5,21/12/2010,1255,6,2,1,1,2,3,1,34,8
5772,10AA0544072,428064,435011,2,5,21/12/2010,1255,6,2,1,1,2,3,1,20,8
5773,10BA0544194,436228,435860,2,1,21/12/2010,1435,6,4,1,1,1,3,2,32,9
5774,10BA0544252,431768,435531,2,1,21/12/2010,1400,3,1,1,1,1,3,1,22,9
5775,10CA0543862,430344,432789,3,3,21/12/2010,1152,3,4,1,1,1,3,2,68,9
5776,10CA0543862,430344,432789,3,3,21/12/2010,1152,3,4,1,1,1,3,2,38,9
5777,10CA0543862,430344,432789,3,3,21/12/2010,1152,3,4,1,1,2,3,2,21,9
5778,10CA0544513,428010,431096,2,1,21/12/2010,1945,3,4,4,1,2,3,2,24,9
5779,10AA0545867,427715,434460,1,2,22/12/2010,1515,3,2,1,1,3,3,2,18,9
5780,10AA0545867,427715,434460,1,2,22/12/2010,1515,3,2,1,1,3,3,2,19,9
5781,10CA0545323,431336,431591,2,1,22/12/2010,1222,6,2,1,1,2,3,2,39,9
5782,10CA0546220,428706,432426,1,1,22/12/2010,1915,3,4,4,1,3,3,2,28,9
5783,10MU0546061,428518,426413,2,1,22/12/2010,1815,1,2,4,1,1,3,1,40,9
5784,10AA0546472,427072,433705,2,2,23/12/2010,700,3,4,4,1,1,3,1,40,9
5785,10AA0546472,427072,433705,2,2,23/12/2010,700,3,4,4,1,1,3,1,35,9
5786,10AA0547105,420946,444678,1,1,23/12/2010,1135,6,4,1,1,3,3,1,43,9
5787,10BA0546550,439988,428780,1,1,23/12/2010,720,6,4,7,1,1,3,1,18,9
5788,10BA0546647,435528,440087,2,3,23/12/2010,805,3,4,1,1,1,3,2,24,9
5789,10BA0546647,435528,440087,2,3,23/12/2010,805,3,4,1,1,1,3,2,61,9
5790,10BA0546647,435528,440087,2,3,23/12/2010,805,3,4,1,1,2,3,2,28,9
5791,10CA0546566,430373,433494,1,1,23/12/2010,817,6,2,1,1,3,2,2,33,11
5792,10CA0547334,433453,429003,3,4,23/12/2010,1430,6,1,1,1,1,3,1,75,9
5793,10CA0547334,433453,429003,3,4,23/12/2010,1430,6,1,1,1,1,3,2,29,9
5794,10CA0547334,433453,429003,3,4,23/12/2010,1430,6,1,1,1,1,3,1,30,9
5795,10CA0547334,433453,429003,3,4,23/12/2010,1430,6,1,1,1,2,3,1,6,9
5796,10CA0547384,430333,433339,1,1,23/12/2010,1345,6,1,1,1,2,3,2,76,11
5797,10AA0024591,421268,434924,2,2,24/12/2010,1810,6,1,7,1,1,3,1,33,9
5798,10AA0024591,421268,434924,2,2,24/12/2010,1810,6,1,7,1,1,3,1,26,9
5799,10AA0548538,428581,432978,3,1,24/12/2010,1159,3,1,1,1,1,3,1,42,20
5800,10BA0012734,429001,436841,2,1,24/12/2010,1922,6,1,4,1,2,2,2,29,9
5801,10CA0548734,430856,434115,2,1,24/12/2010,1300,3,1,1,1,3,1,1,35,9
5802,10CA0548925,427786,430684,2,2,24/12/2010,1845,3,1,4,1,1,3,1,55,9
5803,10CA0548925,427786,430684,2,2,24/12/2010,1845,3,1,4,1,2,3,1,17,9
5804,10CA0549216,434358,428143,1,1,24/12/2010,1125,6,2,1,1,3,2,2,3,9
5805,10AA0550784,422826,433449,2,1,26/12/2010,1800,6,2,4,1,1,3,1,39,9
5806,10CA0550122,424890,427722,2,1,26/12/2010,1330,3,1,1,1,1,3,1,26,9
5807,10MU0549754,444437,433745,1,1,26/12/2010,811,2,4,1,8,1,3,1,75,9
5808,10AA0550633,417792,444502,1,1,27/12/2010,1127,3,3,1,3,3,2,2,56,9
5809,10AA0003345,422231,433553,2,1,29/12/2010,1410,6,1,1,1,1,3,1,21,9
5810,10AA0552240,423590,434590,2,1,29/12/2010,935,6,2,1,1,2,3,1,19,8
5811,10AA0552936,420118,441964,1,1,29/12/2010,1956,6,1,7,1,3,3,1,6,9
5812,10BA0552703,432431,435184,2,1,29/12/2010,1615,6,1,4,1,1,3,2,30,9
5813,10CA0552167,426774,426684,2,1,29/12/2010,1130,3,1,1,1,1,3,2,42,9
5814,10CA0552763,428996,431967,1,1,29/12/2010,1715,6,1,4,1,3,3,1,22,8
5815,10AA0553944,421394,433623,1,1,30/12/2010,1030,6,1,1,1,3,3,1,20,90
5816,10BA0553559,432963,439235,3,1,30/12/2010,848,3,2,1,1,1,3,2,40,9
5817,10BA0553971,440164,448315,2,1,30/12/2010,1335,3,2,1,1,2,3,2,43,9
5818,10CA0555785,430380,433506,1,1,30/12/2010,1835,6,1,7,1,3,3,1,25,11
5819,10AA0000088,420490,445568,1,1,31/12/2010,2105,3,2,4,1,3,1,1,16,9
5820,10AA0000206,427721,436113,1,1,31/12/2010,2259,4,1,4,1,3,3,1,24,9
5821,10AA0555582,420257,434231,2,1,31/12/2010,1610,3,2,1,1,1,3,1,58,9
5822,10BA0555070,430146,437567,2,1,31/12/2010,1,3,2,7,1,2,2,2,84,9
5823,110000115,423323,432051,1,1,01/01/2011,200,6,2,4,1,2,3,2,20,9
5824,110000165,436292,434793,2,2,01/01/2011,315,6,1,4,1,2,3,1,39,8
5825,110000165,436292,434793,2,2,01/01/2011,315,6,1,4,1,2,3,2,25,8
5826,110000399,426469,435290,4,3,01/01/2011,710,3,1,7,1,1,3,1,38,9
5827,110000399,426469,435290,4,3,01/01/2011,710,3,1,7,1,1,3,1,42,9
5828,110000399,426469,435290,4,3,01/01/2011,710,3,1,7,1,2,3,1,39,9
5829,110001249,421718,440795,1,1,01/01/2011,542,6,2,4,1,1,3,1,21,9
5830,110001429,425053,433342,1,1,01/01/2011,415,6,1,7,1,2,3,2,21,8
5831,110019882,430002,434151,2,1,01/01/2011,324,3,2,4,4,1,3,1,34,9
5832,110070158,433374,437248,1,1,02/01/2011,2205,6,2,4,1,1,3,1,31,9
5833,110003033,431792,435081,2,2,03/01/2011,2105,6,1,4,1,1,2,1,30,9
5834,110003033,431792,435081,2,2,03/01/2011,2105,6,1,4,1,2,3,1,27,9
5835,110003823,430264,434843,1,1,04/01/2011,855,6,1,1,1,3,3,1,92,9
5836,110004171,429118,430624,2,2,04/01/2011,1435,6,1,1,1,1,3,1,68,9
5837,110004171,429118,430624,2,2,04/01/2011,1435,6,1,1,1,2,3,1,20,9
5838,110004357,440175,433413,2,2,04/01/2011,1725,3,1,4,1,2,3,2,14,9
5839,110004357,440175,433413,2,2,04/01/2011,1725,3,1,4,1,2,3,2,54,9
5840,110004493,438559,433800,2,1,04/01/2011,2003,1,1,6,1,1,3,1,41,9
5841,110011578,427194,433519,1,1,04/01/2011,1257,6,1,1,1,3,3,2,72,9
5842,110005266,423820,434297,6,4,05/01/2011,735,3,1,1,1,1,3,2,30,9
5843,110005266,423820,434297,6,4,05/01/2011,735,3,1,1,1,1,3,2,36,9
5844,110005266,423820,434297,6,4,05/01/2011,735,3,1,1,1,1,3,2,29,9
5845,110005266,423820,434297,6,4,05/01/2011,735,3,1,1,1,2,2,2,24,9
5846,110006003,431884,435681,1,1,05/01/2011,1609,6,1,1,1,3,3,1,15,9
5847,110006064,441314,445236,3,2,05/01/2011,1725,2,2,4,1,1,3,2,23,9
5848,110006064,441314,445236,3,2,05/01/2011,1725,2,2,4,1,2,3,2,25,9
5849,110006135,441352,433590,2,1,05/01/2011,555,3,2,4,2,1,3,1,35,1
5850,110006310,428061,435959,2,1,05/01/2011,1715,3,2,4,8,1,3,1,20,1
5851,110008121,420517,445562,1,1,05/01/2011,1955,3,1,4,1,3,3,1,14,9
5852,110015623,431887,435594,2,1,05/01/2011,1720,6,2,4,1,1,3,2,39,1
5853,110007912,429273,434107,2,1,06/01/2011,1445,6,1,1,1,1,3,1,39,9
5854,110008116,429622,428098,2,1,06/01/2011,1825,6,2,4,3,1,3,1,49,1
5855,110008160,423279,434853,3,4,06/01/2011,1840,6,2,4,1,1,3,1,30,9
5856,110008160,423279,434853,3,4,06/01/2011,1840,6,2,4,1,2,2,1,20,9
5857,110008160,423279,434853,3,4,06/01/2011,1840,6,2,4,1,2,3,1,20,9
5858,110008160,423279,434853,3,4,06/01/2011,1840,6,2,4,1,2,3,1,21,9
5859,110008750,432262,426178,2,1,06/01/2011,1800,1,2,7,2,1,3,2,37,9
5860,110032960,443267,444441,2,1,06/01/2011,905,6,4,1,1,1,3,1,32,9
5861,110008291,430113,431739,2,1,07/01/2011,800,3,2,1,1,1,3,1,40,3
5862,110008561,422207,433023,2,1,07/01/2011,1023,6,3,1,8,1,3,1,85,9
5863,110008742,443101,445047,2,2,07/01/2011,1240,6,3,1,3,1,3,2,49,9
5864,110008742,443101,445047,2,2,07/01/2011,1240,6,3,1,3,1,3,2,28,9
5865,110008889,439677,448617,2,2,07/01/2011,1057,3,3,1,3,1,3,2,66,9
5866,110008889,439677,448617,2,2,07/01/2011,1057,3,3,1,3,2,2,2,66,9