Col.Number,Reference.Number,Easting,Northing,Number.of.Vehicles,Number.of.Casualties,Accident.Date,Time..24hr.,X1st.Road.Class,Road.Surface,Lighting.Conditions,Weather.Conditions,Casualty.Class,Casualty.Severity,Sex.of.Casualty,Age.of.Casualty,Type.of.Vehicle
5867,110009105,445379,431778,1,1,07/01/2011,1355,2,1,1,1,1,3,2,59,9
5868,110009305,432798,435611,3,1,07/01/2011,1900,6,4,7,1,2,2,2,31,9
5869,110009463,432063,426310,1,1,07/01/2011,2210,1,4,4,2,2,3,1,18,9
5870,110010555,431964,438329,1,1,07/01/2011,1100,6,3,1,3,3,3,1,55,19
5871,110026752,432126,434878,2,1,07/01/2011,1330,6,1,1,1,1,3,1,43,9
5872,110010086,426295,435737,1,1,08/01/2011,1152,6,2,1,1,3,3,1,78,9
5873,110010537,430403,430991,2,2,08/01/2011,1710,1,2,4,1,1,3,1,18,9
5874,110010537,430403,430991,2,2,08/01/2011,1710,1,2,4,1,1,3,1,34,9
5875,110010918,429817,430673,1,1,08/01/2011,2130,3,2,4,1,3,3,1,27,9
5876,110038907,431967,430302,2,3,08/01/2011,1200,3,1,1,1,1,3,1,57,9
5877,110038907,431967,430302,2,3,08/01/2011,1200,3,1,1,1,2,3,2,54,9
5878,110038907,431967,430302,2,3,08/01/2011,1200,3,1,1,1,2,3,1,25,9
5879,110010963,440340,434660,1,2,09/01/2011,305,6,4,7,8,1,3,1,56,9
5880,110010963,440340,434660,1,2,09/01/2011,305,6,4,7,8,2,3,1,50,9
5881,110011088,424774,427408,1,1,09/01/2011,533,1,4,4,1,1,3,1,29,9
5882,110011539,433886,425848,2,1,09/01/2011,1420,1,1,1,1,1,3,1,29,9
5883,110011913,429376,433738,1,1,09/01/2011,525,2,2,4,1,2,3,1,24,9
5884,110012346,430782,438584,1,1,10/01/2011,715,6,1,7,1,3,3,2,41,9
5885,110012349,420796,436997,2,2,10/01/2011,810,6,4,1,2,1,3,2,32,9
5886,110012349,420796,436997,2,2,10/01/2011,810,6,4,1,2,1,3,2,32,9
5887,110012416,434855,428424,1,1,10/01/2011,850,6,4,1,1,1,3,1,44,3
5888,110012426,426363,429208,4,2,10/01/2011,928,6,4,1,2,1,3,2,46,9
5889,110012426,426363,429208,4,2,10/01/2011,928,6,4,1,2,1,3,2,32,9
5890,110012454,428275,435650,2,1,10/01/2011,900,6,1,1,1,1,3,1,40,21
5891,110012455,428803,435607,4,1,10/01/2011,905,6,4,1,2,2,3,2,16,9
5892,110012735,422052,433009,4,2,10/01/2011,802,6,1,1,2,1,3,1,20,9
5893,110012735,422052,433009,4,2,10/01/2011,802,6,1,1,2,2,3,2,20,9
5894,110012784,427066,433421,3,2,10/01/2011,820,6,4,1,2,3,3,1,12,9
5895,110012784,427066,433421,3,2,10/01/2011,820,6,4,1,2,3,3,1,13,9
5896,110013200,426346,433156,2,1,10/01/2011,745,6,1,4,1,1,3,1,34,9
5897,110013331,429591,434714,2,1,10/01/2011,1400,3,1,1,1,1,3,1,21,1
5898,110013553,433310,425883,11,3,10/01/2011,1740,1,2,4,2,1,3,1,35,9
5899,110013553,433310,425883,11,3,10/01/2011,1740,1,2,4,2,1,3,1,54,9
5900,110013553,433310,425883,11,3,10/01/2011,1740,1,2,4,2,1,3,1,24,9
5901,110014351,434511,425885,1,1,11/01/2011,720,1,1,7,1,3,1,1,20,21
5902,110014919,434054,433752,1,1,11/01/2011,905,6,1,1,1,3,3,1,11,9
5903,110015213,430141,436612,3,2,11/01/2011,1715,4,1,4,1,1,3,2,52,9
5904,110015213,430141,436612,3,2,11/01/2011,1715,4,1,4,1,1,3,1,51,9
5905,110016014,443330,439205,2,1,12/01/2011,712,2,2,7,2,1,3,1,62,9
5906,110016024,425059,433371,2,1,12/01/2011,830,6,2,1,2,1,3,2,39,9
5907,110016533,420683,434373,1,1,12/01/2011,1215,3,2,1,1,3,2,1,66,9
5908,110017112,431097,433000,1,1,12/01/2011,1735,3,1,4,1,3,2,1,39,19
5909,110020375,429523,433820,2,1,12/01/2011,1230,3,1,1,1,1,3,1,29,9
5910,110017709,427893,434624,2,1,13/01/2011,755,6,2,1,1,1,3,1,26,1
5911,110017956,421253,440320,1,1,13/01/2011,808,4,2,5,1,3,2,2,11,9
5912,110018244,432494,433751,4,1,13/01/2011,900,3,1,1,1,1,3,1,61,9
5913,110018638,428108,432802,2,1,13/01/2011,755,4,1,4,1,1,3,2,30,9
5914,110018805,420539,440258,2,1,13/01/2011,1635,3,1,1,1,1,3,1,59,1
5915,11001889,428370,431571,3,1,13/01/2011,1407,1,2,1,1,2,3,1,3,9
5916,110018909,430472,435630,2,1,13/01/2011,750,3,1,1,1,2,3,2,23,11
5917,110019019,428427,434017,2,2,13/01/2011,1940,3,2,4,1,1,2,1,26,9
5918,110019019,428427,434017,2,2,13/01/2011,1940,3,2,4,1,1,3,1,30,9
5919,110023086,430711,433060,2,1,13/01/2011,1800,3,1,7,1,1,3,2,22,9
5920,110020024,433155,426320,1,1,14/01/2011,920,3,1,1,1,3,2,2,13,9
5921,110020351,427496,431324,3,4,14/01/2011,1025,3,2,1,1,1,3,1,66,9
5922,110020351,427496,431324,3,4,14/01/2011,1025,3,2,1,1,1,3,1,33,9
5923,110020351,427496,431324,3,4,14/01/2011,1025,3,2,1,1,1,3,1,46,9
5924,110020351,427496,431324,3,4,14/01/2011,1025,3,2,1,1,2,3,2,30,9
5925,110020394,440364,432921,1,1,14/01/2011,1450,4,2,1,1,3,3,2,41,9
5926,110028318,428420,428769,2,2,14/01/2011,1350,3,1,1,1,1,3,1,49,9
5927,110028318,428420,428769,2,2,14/01/2011,1350,3,1,1,1,2,3,2,40,9
5928,110022044,443555,431677,2,1,15/01/2011,1513,3,2,1,4,1,3,1,56,19
5929,110022353,419921,441043,2,1,15/01/2011,1750,3,2,4,2,1,3,2,41,9
5930,110022391,423699,434572,2,3,15/01/2011,1725,6,2,4,1,1,2,1,58,9
5931,110022391,423699,434572,2,3,15/01/2011,1725,6,2,4,1,2,3,1,78,9
5932,110022391,423699,434572,2,3,15/01/2011,1725,6,2,4,1,2,3,1,49,9
5933,110023466,433877,434054,2,1,15/01/2011,1938,6,1,4,4,1,3,1,35,9
5934,110022731,438120,445841,1,1,16/01/2011,105,3,1,6,1,1,3,2,35,9
5935,110022813,431401,433650,1,1,16/01/2011,100,3,1,4,1,1,3,1,53,9
5936,110023728,431329,424958,3,1,16/01/2011,1920,1,2,4,1,2,3,2,19,9
5937,110025643,430308,433901,1,1,16/01/2011,1715,6,2,7,9,3,3,1,20,9
5938,110037801,428556,432730,2,1,16/01/2011,1250,3,1,1,1,1,3,1,29,9
5939,110024867,424194,438765,2,2,17/01/2011,1145,6,1,1,1,1,3,2,18,9
5940,110024867,424194,438765,2,2,17/01/2011,1145,6,1,1,1,2,3,1,18,9
5941,110024990,429560,431576,1,2,17/01/2011,1345,6,1,1,1,1,3,1,49,9
5942,110024990,429560,431576,1,2,17/01/2011,1345,6,1,1,1,3,2,1,64,9
5943,110025535,436287,428304,1,1,17/01/2011,1555,3,1,1,1,3,3,1,11,9
5944,110028315,432430,434850,2,1,17/01/2011,1715,4,1,7,1,1,3,2,19,9
5945,110026365,438484,427254,2,2,18/01/2011,750,3,4,1,1,1,3,1,51,9
5946,110026365,438484,427254,2,2,18/01/2011,750,3,4,1,1,2,3,2,10,9
5947,110026370,438787,426990,1,1,18/01/2011,900,3,4,1,1,1,3,2,33,9
5948,110027045,422224,433798,1,2,18/01/2011,800,4,1,1,1,3,3,1,15,10
5949,110027045,422224,433798,1,2,18/01/2011,800,4,1,1,1,3,3,1,15,10
5950,110027286,430361,433450,1,2,18/01/2011,1515,6,1,1,1,3,3,1,52,11
5951,110027286,430361,433450,1,2,18/01/2011,1515,6,1,1,1,2,3,2,26,11
5952,110027443,433070,434009,2,1,18/01/2011,1700,3,1,4,1,1,3,1,18,1
5953,110036783,430733,439260,1,1,18/01/2011,2035,3,2,4,1,3,3,1,56,9
5954,110038941,432028,435899,2,1,18/01/2011,1640,6,1,4,1,1,2,1,50,5
5955,110028022,433906,434112,2,1,19/01/2011,755,3,1,1,1,1,2,1,58,1
5956,110028309,421464,445813,2,1,19/01/2011,1000,3,1,1,1,1,3,1,44,9
5957,110028491,437041,425878,3,1,19/01/2011,1005,1,1,1,1,1,3,1,42,19
5958,110030967,428112,426277,3,1,19/01/2011,1830,3,1,4,1,1,3,2,35,9
5959,110086398,433158,435250,2,1,19/01/2011,1115,6,1,1,1,2,3,2,54,9
5960,110030056,427812,434421,2,1,20/01/2011,850,3,4,1,1,1,2,1,43,1
5961,110030544,426988,427908,2,2,20/01/2011,1025,6,1,1,1,2,3,2,44,11
5962,110030544,426988,427908,2,2,20/01/2011,1025,6,1,1,1,2,3,2,51,11
5963,110031207,427458,437284,2,3,20/01/2011,1650,6,1,4,1,1,3,2,39,9
5964,110031207,427458,437284,2,3,20/01/2011,1650,6,1,4,1,1,3,1,39,9
5965,110031207,427458,437284,2,3,20/01/2011,1650,6,1,4,1,2,3,2,31,9
5966,110031656,431188,434979,2,1,21/01/2011,35,3,4,4,1,1,3,1,35,9
5967,110032985,429282,433481,2,4,21/01/2011,1640,6,1,4,1,1,3,2,21,9
5968,110032985,429282,433481,2,4,21/01/2011,1640,6,1,4,1,1,3,1,20,9
5969,110032985,429282,433481,2,4,21/01/2011,1640,6,1,4,1,2,3,1,12,9
5970,110032985,429282,433481,2,4,21/01/2011,1640,6,1,4,1,2,3,1,27,9
5971,110033003,424413,434459,2,2,21/01/2011,1330,6,1,1,1,1,2,1,21,9
5972,110033003,424413,434459,2,2,21/01/2011,1330,6,1,1,1,2,2,1,22,9
5973,110033203,430041,432184,1,1,21/01/2011,2039,1,2,4,1,1,3,1,25,9
5974,110034884,427690,436573,1,1,21/01/2011,2240,3,1,4,1,3,3,1,22,11
5975,110038884,431402,435025,2,1,21/01/2011,1358,6,1,1,1,1,3,2,44,9
5976,110033519,429913,430965,2,3,22/01/2011,13,6,2,4,2,1,3,1,21,9
5977,110033519,429913,430965,2,3,22/01/2011,13,6,2,4,2,2,3,1,19,9
5978,110033519,429913,430965,2,3,22/01/2011,13,6,2,4,2,2,3,1,21,9
5979,110034797,430901,435546,2,1,22/01/2011,2125,6,2,4,1,1,3,1,45,8
5980,110036601,430100,431513,2,1,22/01/2011,1635,3,1,1,1,1,3,1,39,4
5981,110047373,430424,433976,3,1,22/01/2011,2250,3,1,4,1,2,3,2,26,8
5982,110047775,429992,434071,1,1,22/01/2011,1400,6,1,1,1,3,3,2,12,9
5983,110134619,427973,431072,1,2,22/01/2011,2310,3,1,4,1,1,3,1,28,9
5984,110134619,427973,431072,1,2,22/01/2011,2310,3,1,4,1,2,3,1,35,9
5985,110036001,432497,433611,2,1,23/01/2011,1945,6,1,4,1,1,3,1,30,9
5986,110036827,431617,435267,1,1,24/01/2011,820,3,2,1,1,3,2,2,11,9
5987,110037812,431775,435545,2,1,24/01/2011,1515,3,1,1,1,1,3,1,53,9
5988,110037857,420775,434390,3,4,24/01/2011,1725,3,1,7,1,1,3,1,19,9
5989,110037857,420775,434390,3,4,24/01/2011,1725,3,1,7,1,1,3,2,43,9
5990,110037857,420775,434390,3,4,24/01/2011,1725,3,1,7,1,2,3,1,19,9
5991,110037857,420775,434390,3,4,24/01/2011,1725,3,1,7,1,2,3,2,13,9
5992,110039417,424376,435296,2,1,24/01/2011,1855,3,2,4,1,1,3,2,41,9
5993,110038178,430175,434113,1,1,25/01/2011,45,6,1,7,1,3,3,1,20,9
5994,110039678,433138,434005,1,1,25/01/2011,1820,3,1,7,1,1,2,1,22,4
5995,110039953,429617,434645,2,1,25/01/2011,2255,3,1,4,1,1,3,1,24,9
5996,110039967,424032,442013,1,3,25/01/2011,2126,6,2,6,1,1,2,1,18,9
5997,110039967,424032,442013,1,3,25/01/2011,2126,6,2,6,1,2,2,1,19,9
5998,110039967,424032,442013,1,3,25/01/2011,2126,6,2,6,1,2,1,1,18,9
5999,110040606,426592,431736,2,1,25/01/2011,1815,3,1,7,1,1,3,1,19,1
6000,110040370,433299,429978,3,2,26/01/2011,831,4,2,1,1,1,3,1,39,9
6001,110040370,433299,429978,3,2,26/01/2011,831,4,2,1,1,1,3,2,31,9
6002,110041120,427452,434601,2,1,26/01/2011,845,3,1,1,1,1,3,1,28,5
6003,110041698,426422,432040,1,1,26/01/2011,1700,6,2,4,2,1,2,1,17,9
6004,110041743,426065,436365,1,1,26/01/2011,1525,6,2,1,1,3,2,1,11,9
6005,110041760,431883,435241,2,2,26/01/2011,1829,6,2,4,1,1,3,1,24,9
6006,110041760,431883,435241,2,2,26/01/2011,1829,6,2,4,1,1,3,1,25,9
6007,110048908,442961,445660,2,1,26/01/2011,1845,3,2,4,1,1,3,1,24,3
6008,110042345,424173,434735,2,2,27/01/2011,853,6,1,1,1,1,3,2,35,9
6009,110042345,424173,434735,2,2,27/01/2011,853,6,1,1,1,1,3,2,31,9
6010,110042973,431660,426464,2,1,27/01/2011,850,4,2,1,1,1,3,2,45,9
6011,110043085,427992,435197,3,2,27/01/2011,1033,6,1,1,1,1,3,1,41,9
6012,110043085,427992,435197,3,2,27/01/2011,1033,6,1,1,1,2,3,1,35,9
6013,110043220,429746,437053,3,1,27/01/2011,1350,6,1,1,1,1,3,1,39,9
6014,110043437,420882,434556,2,1,27/01/2011,1640,3,1,1,1,1,3,2,31,9
6015,110043438,421076,435274,3,2,27/01/2011,1714,3,1,7,1,1,3,1,36,9
6016,110043438,421076,435274,3,2,27/01/2011,1714,3,1,7,1,1,3,2,49,9
6017,110043635,437311,429483,2,2,27/01/2011,1703,3,1,4,1,1,3,1,18,5
6018,110043635,437311,429483,2,2,27/01/2011,1703,3,1,4,1,2,3,1,17,5
6019,110043675,442306,430289,1,1,27/01/2011,1745,6,1,7,1,3,2,1,8,9
6020,110043703,432718,433562,2,1,27/01/2011,1850,6,1,4,1,1,2,1,26,9
6021,110046411,431320,441249,1,1,27/01/2011,1421,3,1,1,1,2,3,2,39,11
6022,110043967,423750,434662,4,1,28/01/2011,50,6,2,4,1,1,3,2,37,9
6023,110045094,443535,435118,2,4,28/01/2011,1225,1,1,1,1,1,3,1,32,9
6024,110045094,443535,435118,2,4,28/01/2011,1225,1,1,1,1,2,3,2,29,9
6025,110045094,443535,435118,2,4,28/01/2011,1225,1,1,1,1,2,3,2,43,9
6026,110045094,443535,435118,2,4,28/01/2011,1225,1,1,1,1,2,3,1,25,9
6027,110045132,428717,435610,2,1,28/01/2011,1550,3,1,1,1,1,3,1,19,1
6028,110045521,436174,434668,1,1,28/01/2011,2110,3,1,4,1,3,3,1,28,9
6029,110045528,420545,446359,2,3,28/01/2011,2110,4,4,4,1,1,3,2,41,9
6030,110045528,420545,446359,2,3,28/01/2011,2110,4,4,4,1,1,3,1,22,9
6031,110045528,420545,446359,2,3,28/01/2011,2110,4,4,4,1,2,3,1,41,9
6032,110046211,418531,441062,1,1,28/01/2011,1530,6,1,1,1,3,3,1,12,9
6033,110046553,429953,430857,2,1,28/01/2011,816,3,1,1,1,1,3,2,45,1
6034,110047363,431854,434716,1,1,28/01/2011,1402,6,1,1,1,1,2,2,67,9
6035,110050088,428838,434115,2,1,28/01/2011,830,6,1,1,1,1,3,1,59,9
6036,110046569,430506,437060,2,1,29/01/2011,1225,6,1,1,1,1,3,1,28,1
6037,110046644,432388,433805,2,2,29/01/2011,1535,6,1,1,1,2,3,1,33,9
6038,110046644,432388,433805,2,2,29/01/2011,1535,6,1,1,1,2,3,1,40,9
6039,110046799,423519,434062,2,1,29/01/2011,1145,6,1,1,1,2,3,2,73,11
6040,110047084,422641,440091,1,3,29/01/2011,2110,6,4,4,1,1,3,1,23,9
6041,110047084,422641,440091,1,3,29/01/2011,2110,6,4,4,1,2,3,2,27,9
6042,110047084,422641,440091,1,3,29/01/2011,2110,6,4,4,1,2,3,2,3,9
6043,110047403,426968,439830,2,1,29/01/2011,1430,3,1,1,1,1,3,2,79,9
6044,110047422,429878,434398,2,1,29/01/2011,1440,2,1,1,1,1,3,1,32,9
6045,110048105,428967,435475,1,1,29/01/2011,2115,6,1,4,1,3,2,1,27,9
6046,110048505,419770,437034,2,3,30/01/2011,1915,3,2,4,1,1,3,1,66,9
6047,110048505,419770,437034,2,3,30/01/2011,1915,3,2,4,1,1,3,2,35,9
6048,110048505,419770,437034,2,3,30/01/2011,1915,3,2,4,1,2,3,1,35,9
6049,110048544,436083,434785,1,1,30/01/2011,2320,6,2,4,1,3,3,1,41,9
6050,110050094,434804,428893,2,1,31/01/2011,1848,6,2,4,1,1,3,1,43,1
6051,110050184,434990,436886,2,2,31/01/2011,1730,6,1,4,1,1,3,1,19,9
6052,110050184,434990,436886,2,2,31/01/2011,1730,6,1,4,1,2,3,1,61,9
6053,110053194,425155,434699,1,1,31/01/2011,845,6,1,1,1,3,3,2,37,8
6054,110050723,429815,434603,2,1,01/02/2011,853,3,1,1,1,1,3,1,37,9
6055,110051807,430038,434035,1,1,01/02/2011,1448,6,1,1,1,3,2,2,32,11
6056,110051818,428581,434967,2,1,01/02/2011,1500,6,1,1,1,1,3,1,20,1
6057,110051921,427044,429414,1,1,01/02/2011,1729,3,1,4,1,3,3,1,11,9
6058,110052017,429307,428258,1,1,01/02/2011,1500,6,1,1,1,3,3,1,13,9
6059,110052047,430398,433646,1,1,01/02/2011,1618,6,1,1,1,3,2,1,56,11
6060,110052400,443744,435694,1,1,02/02/2011,740,4,2,1,1,1,2,2,21,9
6061,110053081,424889,427724,2,1,02/02/2011,1245,3,1,1,1,1,3,1,47,9
6062,110053339,432513,438022,2,2,02/02/2011,1235,6,1,1,1,1,3,1,47,19
6063,110053339,432513,438022,2,2,02/02/2011,1235,6,1,1,1,1,3,1,49,9
6064,110053862,425012,432899,1,1,02/02/2011,1830,6,1,7,1,3,2,2,11,9
6065,110054111,430958,435784,5,4,02/02/2011,1800,6,2,4,4,1,2,1,40,9
6066,110054111,430958,435784,5,4,02/02/2011,1800,6,2,4,4,1,3,1,53,9
6067,110054111,430958,435784,5,4,02/02/2011,1800,6,2,4,4,1,3,2,29,9
6068,110054111,430958,435784,5,4,02/02/2011,1800,6,2,4,4,1,3,1,25,9
6069,110054653,424780,428805,2,1,02/02/2011,1750,3,2,4,1,1,3,1,37,1
6070,110055847,430032,431016,2,1,02/02/2011,1512,3,1,1,1,1,3,1,28,9
6071,110054435,424947,434437,2,1,03/02/2011,620,3,2,4,2,1,3,1,33,1
6072,110054926,435673,434812,2,1,03/02/2011,950,6,1,1,1,1,3,1,44,9
6073,110055096,427669,438860,2,1,03/02/2011,1130,6,1,1,1,1,3,2,71,9
6074,110055598,441394,445052,2,1,03/02/2011,1650,2,2,1,5,1,3,1,62,9
6075,110055843,420935,439490,2,1,03/02/2011,1930,3,1,4,1,1,3,1,52,1
6076,110055851,426459,428369,2,2,03/02/2011,1625,4,2,1,4,1,3,1,39,9
6077,110055851,426459,428369,2,2,03/02/2011,1625,4,2,1,4,1,3,1,40,9
6078,110056867,429208,433847,1,1,03/02/2011,1503,6,1,1,1,2,3,2,18,11
6079,110056132,434670,435099,1,1,04/02/2011,228,6,2,4,5,2,3,1,20,8
6080,110056188,424453,427787,2,2,04/02/2011,700,1,2,1,5,1,3,1,38,9
6081,110056188,424453,427787,2,2,04/02/2011,700,1,2,1,5,2,3,2,38,9
6082,110056459,439013,439182,1,1,04/02/2011,950,3,2,1,4,2,3,1,38,20
6083,110056649,427847,436280,1,1,04/02/2011,928,3,2,1,5,3,2,2,30,9
6084,110057240,426134,426769,2,1,04/02/2011,1338,3,1,1,1,2,3,1,40,9
6085,110057406,426036,427367,1,1,04/02/2011,1510,4,1,1,4,3,3,1,15,9
6086,110058282,425632,436796,1,1,04/02/2011,1500,6,2,1,5,2,3,1,30,11
6087,110067491,426383,428151,1,1,04/02/2011,1130,6,1,1,1,3,2,1,28,9
6088,110074054,434833,438040,2,2,04/02/2011,1619,3,1,1,1,1,3,1,57,11
6089,110074054,434833,438040,2,2,04/02/2011,1619,3,1,1,1,2,3,2,13,11
6090,110058642,426569,431733,1,1,05/02/2011,1046,3,1,1,1,2,3,2,63,11
6091,110059141,430874,434251,2,6,05/02/2011,1952,3,2,4,2,1,3,1,23,9
6092,110059141,430874,434251,2,6,05/02/2011,1952,3,2,4,2,1,3,2,19,9
6093,110059141,430874,434251,2,6,05/02/2011,1952,3,2,4,2,2,3,1,24,9
6094,110059141,430874,434251,2,6,05/02/2011,1952,3,2,4,2,2,3,2,18,9
6095,110059141,430874,434251,2,6,05/02/2011,1952,3,2,4,2,2,3,1,13,9
6096,110059141,430874,434251,2,6,05/02/2011,1952,3,2,4,2,2,3,1,22,9
6097,110064617,420262,445368,1,1,05/02/2011,1710,6,2,1,2,3,3,2,57,9
6098,110059742,428992,428374,1,1,06/02/2011,1226,6,1,1,1,3,3,1,5,9
6099,110059966,436352,433783,1,1,06/02/2011,1430,6,2,1,1,3,3,1,16,9
6100,110060152,427995,435194,2,1,06/02/2011,1630,6,1,4,1,1,3,1,39,9
6101,110060440,430905,436556,3,1,06/02/2011,2024,4,2,4,2,2,3,2,17,9
6102,110060472,430698,439043,2,1,06/02/2011,1716,3,2,1,2,1,3,1,49,1
6103,110060503,431326,435605,2,1,06/02/2011,2107,6,2,4,2,3,2,2,19,9
6104,110060549,428955,435470,2,2,06/02/2011,2312,3,2,4,1,1,3,1,31,9
6105,110060549,428955,435470,2,2,06/02/2011,2312,3,2,4,1,2,3,2,25,9
6106,110060585,436640,425947,1,1,07/02/2011,128,1,1,6,4,1,3,1,39,19
6107,110060676,431326,434119,1,1,07/02/2011,615,6,1,4,1,3,3,1,27,9
6108,110062204,430476,435597,2,3,07/02/2011,1945,3,1,4,1,1,3,2,22,9
6109,110062204,430476,435597,2,3,07/02/2011,1945,3,1,4,1,2,3,1,29,9
6110,110062204,430476,435597,2,3,07/02/2011,1945,3,1,4,1,2,3,1,23,9
6111,110063731,430277,433009,1,1,07/02/2011,1735,6,2,4,4,3,3,1,23,9
6112,110062730,423052,437667,2,1,08/02/2011,850,3,1,1,1,1,3,1,38,5
6113,110063941,426312,437887,1,1,08/02/2011,1457,6,1,1,1,2,3,2,60,11
6114,110069528,430061,433649,2,1,08/02/2011,1153,6,1,1,1,1,3,1,22,1
6115,110069686,423765,438026,1,1,08/02/2011,1145,6,1,1,1,3,3,2,76,9
6116,110065174,426189,435590,1,1,09/02/2011,1200,4,1,1,1,2,3,2,76,11
6117,110065616,427169,435874,2,5,09/02/2011,1630,6,2,1,1,1,3,1,22,9
6118,110065616,427169,435874,2,5,09/02/2011,1630,6,2,1,1,1,3,1,24,9
6119,110065616,427169,435874,2,5,09/02/2011,1630,6,2,1,1,2,3,1,18,9
6120,110065616,427169,435874,2,5,09/02/2011,1630,6,2,1,1,2,3,1,20,9
6121,110065616,427169,435874,2,5,09/02/2011,1630,6,2,1,1,2,3,1,19,9
6122,110065818,419356,441827,1,1,09/02/2011,1530,6,1,1,1,2,2,2,81,11
6123,110066753,426905,429235,1,1,09/02/2011,1445,6,1,1,1,3,3,2,26,9
6124,110066343,430418,431777,2,2,10/02/2011,830,1,1,1,1,1,3,2,38,9
6125,110066343,430418,431777,2,2,10/02/2011,830,1,1,1,1,1,3,2,38,9
6126,110067333,426236,433053,2,2,10/02/2011,1430,6,1,1,1,2,3,1,35,9
6127,110067333,426236,433053,2,2,10/02/2011,1430,6,1,1,1,2,3,2,37,9
6128,110067635,428003,435411,1,1,10/02/2011,1825,6,1,4,1,2,3,1,24,11
6129,110068104,429797,433795,2,2,11/02/2011,340,6,1,4,1,2,3,2,20,8
6130,110068104,429797,433795,2,2,11/02/2011,340,6,1,4,1,2,3,2,20,8
6131,110068412,430016,435536,2,1,11/02/2011,715,6,1,1,1,1,3,1,39,1
6132,110068744,430714,434877,2,1,11/02/2011,930,3,2,1,1,1,3,1,31,9
6133,110068815,438587,429735,2,2,11/02/2011,1135,6,1,1,1,1,3,2,38,9
6134,110068815,438587,429735,2,2,11/02/2011,1135,6,1,1,1,2,3,2,26,9
6135,110069570,430565,433453,1,1,11/02/2011,1320,6,1,1,1,2,3,1,76,11
6136,110070052,431968,435832,2,2,11/02/2011,2330,3,2,4,2,1,3,2,25,9
6137,110070052,431968,435832,2,2,11/02/2011,2330,3,2,4,2,2,3,2,20,9
6138,110079592,435728,436231,2,1,11/02/2011,1153,6,1,1,1,2,3,2,16,90
6139,110070139,422565,427879,2,2,12/02/2011,15,3,2,4,2,1,3,1,41,21
6140,110070139,422565,427879,2,2,12/02/2011,15,3,2,4,2,1,2,2,28,9
6141,110070612,430105,431574,2,3,12/02/2011,1400,3,1,1,1,2,3,2,56,9
6142,110070612,430105,431574,2,3,12/02/2011,1400,3,1,1,1,2,3,2,21,11
6143,110070612,430105,431574,2,3,12/02/2011,1400,3,1,1,1,2,3,1,39,9
6144,110070636,428836,434632,2,2,12/02/2011,1344,6,1,1,1,1,3,2,66,9
6145,110070636,428836,434632,2,2,12/02/2011,1344,6,1,1,1,3,3,2,25,9
6146,110070673,436567,435618,1,1,12/02/2011,1205,6,1,1,1,2,2,2,67,11
6147,110071115,418990,444835,2,1,12/02/2011,1610,3,1,1,1,1,3,1,36,9
6148,110071677,430696,439003,2,1,12/02/2011,1200,3,1,1,1,1,3,1,21,9
6149,110076039,429877,432320,2,1,12/02/2011,1815,3,1,7,1,2,3,2,32,11
6150,110071532,438911,426835,1,1,13/02/2011,510,3,2,4,1,1,3,2,22,9
6151,110072117,430170,432868,2,1,13/02/2011,1345,6,2,1,2,2,3,2,85,11
6152,110072616,431985,436025,2,1,13/02/2011,2120,6,2,7,2,1,3,1,27,2
6153,110074250,430141,429921,2,1,13/02/2011,1910,6,1,7,1,1,3,1,23,9
6154,110073046,430803,435338,2,2,14/02/2011,840,6,1,1,1,1,3,1,36,9
6155,110073046,430803,435338,2,2,14/02/2011,840,6,1,1,1,1,3,1,31,1
6156,110073429,419608,445151,1,1,14/02/2011,650,6,2,7,1,3,3,2,34,9
6157,110073952,427946,430302,2,1,14/02/2011,1130,3,1,1,1,1,3,1,20,9
6158,110074083,430949,433299,2,1,14/02/2011,1620,3,2,1,1,1,3,1,50,1
6159,110074089,437150,433502,2,1,14/02/2011,1720,3,1,4,1,1,3,1,36,1
6160,110074364,431172,440727,2,1,14/02/2011,2105,3,1,4,1,1,3,1,42,1
6161,110075649,421177,435075,1,1,14/02/2011,1710,6,2,1,1,3,3,1,4,9
6162,110074853,429408,433920,2,1,15/02/2011,840,2,1,1,1,1,3,2,48,9
6163,110075272,420950,434470,1,1,15/02/2011,1221,4,2,1,1,3,3,1,16,9
6164,110075520,425356,437032,2,1,15/02/2011,1320,6,2,1,2,1,3,1,20,4
6165,110075894,430468,437360,1,1,15/02/2011,1745,6,2,4,2,3,3,1,27,9
6166,110075944,426283,435580,2,2,15/02/2011,1744,3,2,4,8,1,3,1,19,9
6167,110075944,426283,435580,2,2,15/02/2011,1744,3,2,4,8,2,3,2,73,9
6168,110075956,425081,427374,2,1,15/02/2011,1803,3,2,4,2,1,3,1,18,9
6169,110076014,428089,435419,2,1,15/02/2011,1825,6,2,4,2,1,3,1,25,1
6170,110076258,428629,436948,1,1,15/02/2011,2305,6,2,4,2,3,3,1,18,9
6171,110076406,441827,430187,1,1,15/02/2011,820,4,2,1,1,3,3,1,8,9