Col.Number,Reference.Number,Easting,Northing,Number.of.Vehicles,Number.of.Casualties,Accident.Date,Time..24hr.,X1st.Road.Class,Road.Surface,Lighting.Conditions,Weather.Conditions,Casualty.Class,Casualty.Severity,Sex.of.Casualty,Age.of.Casualty,Type.of.Vehicle
6172,110076656,433193,434015,2,2,15/02/2011,1545,3,2,1,7,1,3,2,32,9
6173,110076656,433193,434015,2,2,15/02/2011,1545,3,2,1,7,2,3,1,6,9
6174,110076951,428797,431634,2,1,16/02/2011,1110,1,1,1,1,1,3,1,48,9
6175,110077582,425381,443220,2,1,16/02/2011,1415,3,2,1,1,1,3,2,69,9
6176,110077595,444246,432958,3,1,16/02/2011,1355,6,1,1,1,1,3,1,24,4
6177,110077782,427926,436148,2,1,16/02/2011,1445,3,1,1,1,1,2,2,28,1
6178,110078026,430088,435420,2,1,16/02/2011,1945,6,2,4,1,1,3,1,53,8
6179,110078995,424156,444021,3,1,16/02/2011,1450,3,2,1,1,1,3,1,51,9
6180,110079139,436150,434900,3,2,16/02/2011,1520,3,1,1,1,2,3,1,82,11
6181,110079139,436150,434900,3,2,16/02/2011,1520,3,1,1,1,2,3,2,71,11
6182,110078950,440759,429014,4,2,17/02/2011,905,6,1,1,1,1,3,2,25,9
6183,110078950,440759,429014,4,2,17/02/2011,905,6,1,1,1,1,3,2,40,9
6184,110078977,420808,439724,2,1,17/02/2011,645,3,2,4,2,1,3,1,41,4
6185,110079655,424604,427342,3,1,17/02/2011,1819,3,1,4,1,2,3,1,54,8
6186,110079736,436610,436631,2,1,17/02/2011,1900,6,1,4,1,3,2,2,15,11
6187,110079933,432060,436086,1,1,17/02/2011,1825,6,2,4,1,3,2,2,6,9
6188,110082117,432717,434463,2,1,17/02/2011,2015,4,1,4,1,3,3,1,71,9
6189,110084269,432061,428817,2,1,20/02/2011,2157,1,2,4,1,2,3,1,56,9
6190,110098273,431171,435558,3,3,20/02/2011,1828,6,1,4,1,1,3,2,22,9
6191,110098273,431171,435558,3,3,20/02/2011,1828,6,1,4,1,2,3,2,20,9
6192,110098273,431171,435558,3,3,20/02/2011,1828,6,1,4,1,2,3,2,19,9
6193,110084196,431169,434987,1,1,21/02/2011,5,3,1,4,1,3,3,1,20,9
6194,110084342,426986,429366,2,1,21/02/2011,645,3,2,4,8,1,3,1,24,1
6195,110085506,435899,436286,3,3,21/02/2011,1402,3,2,1,2,1,3,1,45,9
6196,110085506,435899,436286,3,3,21/02/2011,1402,3,2,1,2,2,3,2,1,9
6197,110085506,435899,436286,3,3,21/02/2011,1402,3,2,1,2,2,3,2,69,9
6198,110085613,429579,433804,1,1,21/02/2011,1717,6,1,1,1,3,3,2,24,9
6199,110086840,431906,434828,1,1,21/02/2011,1750,6,1,1,1,2,3,2,41,11
6200,110088044,423737,434325,2,2,21/02/2011,1620,6,1,1,1,1,3,2,21,9
6201,110088044,423737,434325,2,2,21/02/2011,1620,6,1,1,1,2,3,1,23,9
6202,110086003,429107,436244,2,4,22/02/2011,200,6,1,4,1,2,3,1,20,9
6203,110086003,429107,436244,2,4,22/02/2011,200,6,1,4,1,2,3,2,20,9
6204,110086003,429107,436244,2,4,22/02/2011,200,6,1,4,1,2,3,2,19,9
6205,110086003,429107,436244,2,4,22/02/2011,200,6,1,4,1,2,3,2,19,9
6206,110086433,429619,426421,3,1,22/02/2011,700,1,2,1,1,1,3,2,42,9
6207,110087385,429559,432368,2,2,22/02/2011,1705,6,2,1,1,1,3,1,50,9
6208,110087385,429559,432368,2,2,22/02/2011,1705,6,2,1,1,1,3,2,49,9
6209,110087571,432958,440271,1,1,22/02/2011,627,6,2,4,7,1,2,1,56,9
6210,110087683,430096,431379,1,1,22/02/2011,1415,3,1,1,1,2,3,2,40,11
6211,110090037,434744,435541,1,1,22/02/2011,1515,6,1,1,1,2,2,2,3,11
6212,110090791,428087,434440,1,1,23/02/2011,1455,6,2,1,1,2,3,2,21,11
6213,110090535,433209,425881,3,3,24/02/2011,1326,1,1,1,1,1,3,2,31,9
6214,110090535,433209,425881,3,3,24/02/2011,1326,1,1,1,1,1,3,1,21,9
6215,110090535,433209,425881,3,3,24/02/2011,1326,1,1,1,1,1,3,1,19,19
6216,110090705,432024,435852,1,1,24/02/2011,1505,3,1,1,1,3,3,1,13,9
6217,110090855,432524,427553,2,1,24/02/2011,1608,3,1,1,1,1,3,1,28,9
6218,110091038,428124,434745,1,1,24/02/2011,1620,6,1,1,1,3,3,1,20,9
6219,110091128,429924,434058,2,1,24/02/2011,310,6,1,4,1,3,3,2,20,9
6220,110091207,441162,448828,2,1,24/02/2011,1745,3,1,4,1,1,2,1,35,1
6221,110091243,429790,430620,2,1,24/02/2011,2112,3,1,4,1,1,3,1,35,9
6222,110092649,425793,435674,2,2,24/02/2011,1500,4,1,1,1,2,3,2,35,9
6223,110092649,425793,435674,2,2,24/02/2011,1500,4,1,1,1,2,3,2,11,9
6224,110092631,426478,438024,2,1,25/02/2011,1610,3,1,1,1,1,3,1,57,1
6225,110093032,431492,429555,2,1,25/02/2011,1910,6,1,7,1,1,3,2,22,9
6226,110093301,430481,431171,1,1,26/02/2011,250,1,1,7,1,1,3,1,27,9
6227,110093536,429243,433845,2,1,26/02/2011,800,6,2,1,2,1,3,1,37,9
6228,110093685,424061,435491,3,2,26/02/2011,1000,3,2,1,1,1,3,2,34,9
6229,110093685,424061,435491,3,2,26/02/2011,1000,3,2,1,1,1,3,1,38,9
6230,110094498,432765,426700,1,1,26/02/2011,2047,3,1,7,1,3,2,2,36,9
6231,110094575,433108,434031,3,1,26/02/2011,2140,4,1,4,1,1,3,1,38,9
6232,110095121,439477,430653,2,2,27/02/2011,1100,6,2,1,1,1,2,2,45,16
6233,110095121,439477,430653,2,2,27/02/2011,1100,6,2,1,1,1,3,1,82,9
6234,110095266,440665,445761,1,2,27/02/2011,1225,3,2,1,1,1,2,1,62,9
6235,110095266,440665,445761,1,2,27/02/2011,1225,3,2,1,1,2,2,2,62,9
6236,110095577,436677,428720,1,1,27/02/2011,1550,3,2,1,1,3,3,1,10,9
6237,110096347,431858,425431,2,1,28/02/2011,755,1,1,1,1,1,3,2,42,9
6238,110097445,427263,429568,2,1,28/02/2011,1800,3,1,4,1,1,2,1,28,1
6239,110099366,431777,435547,2,2,28/02/2011,1130,3,1,1,1,1,3,2,68,9
6240,110099366,431777,435547,2,2,28/02/2011,1130,3,1,1,1,2,3,1,6,9
6241,110100730,419097,441929,2,1,28/02/2011,820,3,2,1,1,1,3,2,44,9
6242,110097856,429688,434572,1,1,01/03/2011,315,3,1,4,1,3,3,1,18,9
6243,110098163,430874,434252,2,1,01/03/2011,930,3,1,1,1,1,3,2,37,1
6244,110098375,429755,430574,2,1,01/03/2011,1000,3,1,1,1,1,3,2,34,9
6245,110098632,431496,433413,2,1,01/03/2011,1300,6,1,1,1,1,3,1,16,3
6246,110098914,429518,434857,2,1,01/03/2011,1235,3,1,1,1,1,3,1,34,1
6247,110099019,426831,429190,1,1,01/03/2011,1535,6,1,1,1,3,3,1,5,9
6248,110108760,428512,433043,2,2,01/03/2011,1730,4,1,1,1,2,3,2,24,9
6249,110108760,428512,433043,2,2,01/03/2011,1730,4,1,1,1,2,3,1,26,9
6250,110100336,428004,434221,2,2,02/03/2011,1043,6,1,1,1,1,3,1,23,9
6251,110100336,428004,434221,2,2,02/03/2011,1043,6,1,1,1,2,3,1,25,9
6252,110100810,426506,435676,1,1,02/03/2011,1550,6,1,1,1,3,2,1,12,9
6253,110100929,439599,434121,2,1,02/03/2011,1459,1,1,1,1,1,2,2,62,9
6254,110101494,430903,435544,2,1,02/03/2011,1340,6,1,1,1,1,3,1,18,3
6255,110102015,430356,432108,2,1,02/03/2011,1700,6,1,1,1,1,3,1,35,9
6256,110102104,419508,445039,2,1,02/03/2011,1530,3,1,1,1,1,3,1,34,1
6257,110102729,430851,438869,1,1,03/03/2011,1100,6,1,1,1,2,3,2,9,11
6258,110104499,428836,440130,2,2,03/03/2011,1030,6,1,1,1,1,3,2,72,9
6259,110104499,428836,440130,2,2,03/03/2011,1030,6,1,1,1,2,3,1,82,9
6260,110125803,428061,435957,2,1,03/03/2011,900,3,1,1,1,1,3,2,31,1
6261,110103803,430798,438592,1,1,04/03/2011,840,6,1,1,1,2,3,1,4,11
6262,110103917,435799,426834,2,1,04/03/2011,815,6,1,1,1,2,3,1,14,9
6263,110104711,438951,431551,2,1,04/03/2011,1705,3,1,1,1,1,3,2,39,9
6264,110104859,428371,432520,2,1,04/03/2011,2104,3,1,4,1,1,3,2,53,9
6265,110104862,427904,436184,2,1,04/03/2011,2115,3,1,7,1,1,3,1,24,9
6266,110105834,430749,434739,2,2,05/03/2011,1410,6,1,1,1,1,3,1,54,9
6267,110105834,430749,434739,2,2,05/03/2011,1410,6,1,1,1,2,3,1,46,9
6268,110106096,432391,434898,1,1,05/03/2011,1211,4,1,1,1,3,2,1,29,9
6269,110106363,430011,434440,1,1,05/03/2011,1905,2,1,7,1,1,2,1,28,9
6270,110106457,430493,425015,2,1,05/03/2011,1835,3,1,4,1,1,2,1,49,1
6271,110106490,439472,446161,2,2,05/03/2011,1625,3,1,1,1,1,3,1,38,9
6272,110106490,439472,446161,2,2,05/03/2011,1625,3,1,1,1,2,3,2,63,9
6273,110106578,431041,431342,1,1,05/03/2011,2300,6,1,4,5,1,3,1,19,2
6274,110107736,427127,435704,2,2,06/03/2011,1952,4,1,4,1,1,3,2,53,9
6275,110107736,427127,435704,2,2,06/03/2011,1952,4,1,4,1,1,3,1,21,9
6276,110110607,425088,437085,1,1,06/03/2011,1238,6,1,1,1,3,3,1,57,9
6277,110107895,437641,431524,1,1,07/03/2011,136,1,1,6,1,1,3,1,22,9
6278,110108612,426482,427479,1,1,07/03/2011,1105,4,1,1,1,2,3,2,81,11
6279,110109371,432551,433795,2,4,07/03/2011,1730,3,1,1,1,1,3,1,41,11
6280,110109371,432551,433795,2,4,07/03/2011,1730,3,1,1,1,2,3,2,45,11
6281,110109371,432551,433795,2,4,07/03/2011,1730,3,1,1,1,2,3,2,26,11
6282,110109371,432551,433795,2,4,07/03/2011,1730,3,1,1,1,2,3,2,30,11
6283,110109447,432351,434936,1,1,07/03/2011,1645,6,1,1,1,3,3,2,12,9
6284,110115358,430958,435759,1,1,07/03/2011,1720,6,1,1,1,2,3,1,51,11
6285,110110723,430073,432249,2,2,08/03/2011,1230,3,1,1,1,1,3,2,32,9
6286,110110723,430073,432249,2,2,08/03/2011,1230,3,1,1,1,2,3,2,28,9
6287,110111157,432203,434643,2,1,08/03/2011,1620,6,1,1,1,1,3,2,45,2
6288,110111827,427787,430716,2,2,08/03/2011,1020,3,1,1,1,1,3,1,33,9
6289,110111827,427787,430716,2,2,08/03/2011,1020,3,1,1,1,1,3,2,22,9
6290,110111838,433905,436532,1,1,09/03/2011,1115,3,2,1,4,1,3,1,87,9
6291,110111934,434647,435333,1,1,09/03/2011,840,6,2,1,1,3,3,1,16,9
6292,110112068,436699,433841,2,1,09/03/2011,1025,3,1,1,1,1,3,1,59,9
6293,110112851,427912,433638,2,1,09/03/2011,1645,3,1,1,1,1,3,2,28,1
6294,110112949,433882,435070,2,1,09/03/2011,1613,6,1,1,1,3,3,1,41,9
6295,110113240,431576,435202,3,4,09/03/2011,2055,3,1,4,1,1,3,1,38,8
6296,110113240,431576,435202,3,4,09/03/2011,2055,3,1,4,1,1,3,1,33,9
6297,110113240,431576,435202,3,4,09/03/2011,2055,3,1,4,1,2,3,1,35,8
6298,110113240,431576,435202,3,4,09/03/2011,2055,3,1,4,1,2,3,1,34,8
6299,110122016,432451,434813,2,1,09/03/2011,2030,4,1,7,1,1,3,2,28,9
6300,110282977,430782,435709,2,2,09/03/2011,1805,6,1,4,1,1,3,2,38,9
6301,110282977,430782,435709,2,2,09/03/2011,1805,6,1,4,1,1,3,1,21,3
6302,110113445,435029,427793,3,2,10/03/2011,608,6,1,4,4,1,1,1,24,4
6303,110113445,435029,427793,3,2,10/03/2011,608,6,1,4,4,1,3,1,60,19
6304,110114354,442507,440033,3,1,10/03/2011,1320,3,1,1,1,1,3,1,43,9
6305,110114385,431876,435537,1,1,10/03/2011,1415,6,1,1,1,3,3,1,46,9
6306,110114506,429931,432968,1,2,10/03/2011,1355,6,2,1,5,3,2,2,22,21
6307,110114506,429931,432968,1,2,10/03/2011,1355,6,2,1,5,3,1,1,35,21
6308,110116588,424776,428060,2,1,10/03/2011,815,6,2,1,4,1,3,1,41,1
6309,110117662,431875,430499,2,1,10/03/2011,1700,1,1,1,1,1,3,1,40,9
6310,110145367,429918,427970,2,1,10/03/2011,1700,6,1,1,1,1,2,1,39,2
6311,110116508,419736,432696,1,1,11/03/2011,1850,6,2,4,1,3,3,1,13,9
6312,110116521,433072,434071,1,1,11/03/2011,1620,4,1,1,1,3,2,1,59,9
6313,110116629,426464,428141,2,1,11/03/2011,1715,6,1,1,1,1,2,1,21,3
6314,110116716,436849,435384,1,1,11/03/2011,2145,6,2,4,1,2,3,1,30,9
6315,110117120,432936,440119,2,3,11/03/2011,1443,6,1,1,1,1,3,2,18,9
6316,110117120,432936,440119,2,3,11/03/2011,1443,6,1,1,1,1,3,1,42,9
6317,110117120,432936,440119,2,3,11/03/2011,1443,6,1,1,1,2,3,1,17,9
6318,110117169,435782,425973,2,1,11/03/2011,1050,1,1,1,1,2,3,2,19,9
6319,110116931,428534,437370,1,1,12/03/2011,135,6,2,7,1,2,3,1,31,9
6320,110117576,440102,439647,2,1,12/03/2011,1205,3,1,1,1,1,2,1,53,5
6321,110118131,421647,435585,3,1,12/03/2011,1945,6,1,7,1,1,3,2,27,9
6322,110118185,442768,445319,1,1,12/03/2011,2213,6,2,4,2,1,3,1,16,3
6323,110120232,432737,434969,1,2,14/03/2011,1037,6,1,1,1,2,3,2,57,11
6324,110120232,432737,434969,1,2,14/03/2011,1037,6,1,1,1,2,3,2,31,11
6325,110120349,436200,434320,1,1,14/03/2011,1110,3,1,1,1,1,3,2,77,9
6326,110122452,431683,435381,2,2,14/03/2011,1350,3,1,1,1,1,3,1,65,9
6327,110122452,431683,435381,2,2,14/03/2011,1350,3,1,1,1,1,3,1,67,9
6328,110122804,424592,432496,1,1,15/03/2011,1752,6,2,1,1,1,2,2,40,9
6329,110122838,432525,427554,2,5,15/03/2011,1950,3,2,4,1,1,3,1,18,9
6330,110122838,432525,427554,2,5,15/03/2011,1950,3,2,4,1,2,3,2,16,19
6331,110122838,432525,427554,2,5,15/03/2011,1950,3,2,4,1,2,3,2,17,9
6332,110122838,432525,427554,2,5,15/03/2011,1950,3,2,4,1,2,3,2,17,9
6333,110122838,432525,427554,2,5,15/03/2011,1950,3,2,4,1,2,3,1,18,9
6334,110122872,431002,430598,2,1,15/03/2011,1605,6,2,1,1,1,3,1,22,9
6335,110123058,434080,428624,2,1,15/03/2011,2259,6,2,4,1,1,2,2,29,9
6336,110123333,439829,447283,3,1,16/03/2011,845,3,1,1,1,1,3,1,27,9
6337,110123393,436244,435587,3,2,16/03/2011,1225,6,1,1,1,1,3,2,44,9
6338,110123393,436244,435587,3,2,16/03/2011,1225,6,1,1,1,2,3,1,22,9
6339,110123614,433312,441763,2,2,16/03/2011,1410,6,2,1,7,1,2,2,41,9
6340,110123614,433312,441763,2,2,16/03/2011,1410,6,2,1,7,1,3,1,55,9
6341,110124098,420624,441135,1,1,16/03/2011,2005,6,2,4,1,3,3,1,59,9
6342,110124514,422944,443100,2,1,16/03/2011,1345,3,2,1,7,1,3,1,79,9
6343,110125032,419590,438468,1,1,16/03/2011,1815,3,2,4,2,1,3,1,24,4
6344,110124330,440436,446598,1,1,17/03/2011,320,2,2,6,7,1,3,1,46,20
6345,110124818,431881,430497,2,1,17/03/2011,940,1,1,1,1,1,3,2,37,9
6346,110125036,426005,427355,2,1,17/03/2011,835,4,1,1,1,3,3,1,10,9
6347,110125860,430797,425575,1,1,17/03/2011,1425,6,1,1,1,2,3,2,77,11
6348,110126206,429188,431914,2,1,17/03/2011,1845,6,1,4,1,1,3,1,30,9
6349,110126215,432525,427553,2,2,17/03/2011,2000,3,1,4,1,1,3,1,26,9
6350,110126215,432525,427553,2,2,17/03/2011,2000,3,1,4,1,2,3,2,16,9
6351,110126342,431492,434243,1,1,17/03/2011,2340,6,1,4,1,3,3,1,26,9
6352,110138910,429389,434939,1,1,17/03/2011,1400,3,1,1,1,3,3,1,23,11
6353,110126585,430023,425121,2,1,18/03/2011,658,3,1,1,1,1,3,2,19,9
6354,110126826,425170,432366,1,1,18/03/2011,800,6,1,1,1,3,3,2,13,9
6355,110127079,428621,436942,2,4,18/03/2011,1120,6,1,1,1,1,3,1,25,9
6356,110127079,428621,436942,2,4,18/03/2011,1120,6,1,1,1,2,3,2,2,9
6357,110127079,428621,436942,2,4,18/03/2011,1120,6,1,1,1,2,3,2,20,9
6358,110127079,428621,436942,2,4,18/03/2011,1120,6,1,1,1,2,3,1,1,9
6359,110127352,431020,432036,1,1,18/03/2011,1040,3,1,1,1,3,3,2,52,20
6360,110127389,422832,439630,1,1,18/03/2011,1127,6,1,1,1,1,3,2,18,9
6361,110127552,440996,445715,3,2,18/03/2011,1515,2,1,1,1,1,3,1,21,9
6362,110127552,440996,445715,3,2,18/03/2011,1515,2,1,1,1,1,3,2,20,9
6363,110127649,428372,431290,1,1,18/03/2011,1621,3,1,1,1,1,3,1,48,9
6364,110128826,437042,425877,1,3,18/03/2011,1825,1,1,6,1,1,3,1,42,9
6365,110128826,437042,425877,1,3,18/03/2011,1825,1,1,6,1,2,3,2,13,9
6366,110128826,437042,425877,1,3,18/03/2011,1825,1,1,6,1,2,3,2,5,9
6367,110129101,434217,436980,2,1,18/03/2011,1130,3,1,1,1,2,3,2,22,9
6368,110128726,432727,434474,2,2,19/03/2011,1120,4,1,1,1,1,3,2,22,9
6369,110128726,432727,434474,2,2,19/03/2011,1120,4,1,1,1,2,3,2,20,9
6370,110129049,428787,433274,2,1,19/03/2011,1520,3,1,1,1,1,3,2,27,9
6371,110130536,431231,433766,2,1,19/03/2011,1130,6,1,1,1,1,2,1,48,1
6372,110130480,424930,427638,2,1,20/03/2011,1523,3,1,1,1,1,3,1,17,9
6373,110130803,427221,437087,2,1,20/03/2011,2125,6,1,4,1,1,3,2,21,9
6374,110132139,428430,428743,2,1,20/03/2011,1720,3,1,1,1,1,3,2,26,9
6375,110131630,432202,433481,2,4,21/03/2011,830,6,1,1,1,1,3,1,29,9
6376,110131630,432202,433481,2,4,21/03/2011,830,6,1,1,1,1,3,1,26,8
6377,110131630,432202,433481,2,4,21/03/2011,830,6,1,1,1,2,3,2,40,8
6378,110131630,432202,433481,2,4,21/03/2011,830,6,1,1,1,2,3,2,40,8
6379,110131959,430622,434199,2,2,21/03/2011,1255,6,1,1,1,1,3,1,32,9
6380,110131959,430622,434199,2,2,21/03/2011,1255,6,1,1,1,1,2,1,23,5
6381,110132025,440913,431398,2,1,21/03/2011,725,4,1,1,1,1,3,1,31,5
6382,110132272,429956,433147,1,2,21/03/2011,900,6,1,1,1,1,3,1,18,3
6383,110132272,429956,433147,1,2,21/03/2011,900,6,1,1,1,3,3,1,36,3
6384,110132702,422160,440597,2,2,21/03/2011,2045,6,1,7,1,1,3,1,20,9
6385,110132702,422160,440597,2,2,21/03/2011,2045,6,1,7,1,1,3,1,28,9
6386,110132808,431147,437054,2,1,21/03/2011,2240,6,1,4,1,1,3,2,23,9
6387,110134140,429956,433158,2,1,21/03/2011,700,6,1,1,1,1,3,2,33,1
6388,110133119,422682,437271,2,2,22/03/2011,918,3,1,1,1,1,2,2,22,9
6389,110133119,422682,437271,2,2,22/03/2011,918,3,1,1,1,1,3,2,32,9
6390,110133128,428581,431546,2,1,22/03/2011,859,3,1,1,1,1,3,1,27,9
6391,110133571,436324,435580,1,1,22/03/2011,1406,6,1,1,1,3,3,1,13,11
6392,110133705,429694,434566,1,1,22/03/2011,1343,3,1,1,1,2,3,1,50,11
6393,110135012,432422,434833,2,2,22/03/2011,1815,6,1,1,1,1,3,1,56,9
6394,110135012,432422,434833,2,2,22/03/2011,1815,6,1,1,1,2,3,2,50,9
6395,110136892,420158,445591,1,1,22/03/2011,1210,4,1,1,1,3,3,2,43,9
6396,110139067,426887,429184,2,1,22/03/2011,1545,3,1,1,1,1,3,1,60,9
6397,110135850,431196,431470,2,2,23/03/2011,1245,6,1,1,1,1,3,1,29,3
6398,110135850,431196,431470,2,2,23/03/2011,1245,6,1,1,1,1,3,1,71,9
6399,110136129,423620,437875,1,1,23/03/2011,1615,6,1,1,1,3,3,1,6,11
6400,110136216,422438,433266,1,1,23/03/2011,1504,6,1,1,1,3,2,2,13,9
6401,110136328,421549,434723,2,1,23/03/2011,1645,4,1,1,1,1,2,1,32,5
6402,110138270,422261,428851,1,1,23/03/2011,1720,4,1,1,1,3,3,1,10,9
6403,110137056,427646,431150,2,1,24/03/2011,809,3,1,1,1,1,3,1,38,1
6404,110137689,430684,433452,1,1,24/03/2011,1205,6,1,1,1,2,3,2,78,11
6405,110138245,429138,432053,2,1,24/03/2011,1750,6,1,1,1,1,2,1,53,19
6406,110138330,430789,433472,2,1,24/03/2011,1700,3,1,1,1,1,2,1,44,1
6407,110140152,430797,424357,2,1,24/03/2011,1755,3,1,1,1,1,3,1,39,5
6408,110140180,426961,433113,2,4,24/03/2011,1830,4,1,1,1,1,3,2,40,9
6409,110140180,426961,433113,2,4,24/03/2011,1830,4,1,1,1,2,3,2,31,9
6410,110140180,426961,433113,2,4,24/03/2011,1830,4,1,1,1,2,3,1,5,9
6411,110140180,426961,433113,2,4,24/03/2011,1830,4,1,1,1,2,3,1,16,9
6412,110139198,431068,430359,2,1,25/03/2011,1100,6,1,1,1,2,3,2,66,11
6413,110139359,430692,439050,1,1,25/03/2011,1157,4,1,1,1,3,3,1,56,9
6414,110140267,420176,440674,2,1,25/03/2011,1925,3,1,4,1,1,2,1,30,5
6415,110140361,434277,432751,2,1,25/03/2011,1815,6,1,1,1,3,3,1,4,9
6416,110140624,424320,435630,1,1,25/03/2011,1515,6,1,1,1,3,2,1,11,9
6417,110140628,430476,433980,1,1,25/03/2011,1130,6,1,1,1,3,3,1,18,4
6418,110140978,428061,435956,2,1,25/03/2011,2020,3,1,4,1,1,3,1,22,1
6419,110140742,428787,433276,4,1,26/03/2011,815,3,1,1,1,1,3,1,18,9
6420,110141024,434145,427752,2,2,26/03/2011,1125,3,1,1,1,1,3,2,21,9
6421,110141024,434145,427752,2,2,26/03/2011,1125,3,1,1,1,1,3,2,64,9
6422,110141076,431252,445730,2,1,26/03/2011,1015,3,1,1,1,1,3,2,41,1
6423,110141747,423270,433901,1,1,26/03/2011,1855,6,1,7,1,3,3,1,11,9
6424,110141883,430075,433856,1,1,26/03/2011,2350,6,1,4,1,3,3,2,28,9
6425,110143066,431540,435162,2,1,27/03/2011,2105,3,1,4,1,1,3,1,35,9
6426,110166461,420520,445026,2,1,27/03/2011,1000,6,1,1,1,1,2,1,40,1
6427,110192897,431884,435157,2,1,27/03/2011,1058,6,1,1,1,2,3,1,35,9
6428,110143458,428862,433350,2,1,28/03/2011,925,3,1,1,1,1,3,1,44,9
6429,110143684,431266,429521,1,1,28/03/2011,1001,6,1,1,1,2,3,2,22,11
6430,110143768,429755,434507,1,1,28/03/2011,1110,3,1,1,1,3,2,1,28,20
6431,110144131,430082,431272,2,1,28/03/2011,1304,6,1,1,1,1,3,1,25,1
6432,110144943,433314,425884,3,2,28/03/2011,2050,1,1,4,1,1,3,2,23,9
6433,110144943,433314,425884,3,2,28/03/2011,2050,1,1,4,1,1,3,2,55,9
6434,110145972,437127,431083,2,1,28/03/2011,1607,1,1,1,1,1,3,1,44,9
6435,110147827,430894,432033,3,1,28/03/2011,940,3,1,1,1,1,3,2,32,9
6436,110145956,431982,435466,2,2,29/03/2011,1355,6,1,1,1,1,3,1,20,9
6437,110145956,431982,435466,2,2,29/03/2011,1355,6,1,1,1,2,3,2,55,9
6438,110146261,428579,434968,2,1,29/03/2011,1500,6,1,1,1,1,3,1,20,1
6439,110146346,428437,427346,2,2,29/03/2011,1730,3,2,1,2,1,3,2,39,9
6440,110146346,428437,427346,2,2,29/03/2011,1730,3,2,1,2,2,3,2,3,9
6441,110146365,441073,449409,2,1,29/03/2011,1530,2,1,1,1,2,3,1,75,9
6442,110147366,427263,426389,3,1,29/03/2011,1650,3,2,1,2,1,3,1,27,19
6443,110147891,429787,430630,2,1,29/03/2011,1048,3,1,1,1,2,3,1,34,11
6444,110146986,424577,434672,2,1,30/03/2011,815,6,2,1,1,1,3,2,17,9
6445,110147118,430434,431154,2,1,30/03/2011,845,6,1,1,1,1,3,1,16,2
6446,110147545,430177,429855,2,1,30/03/2011,750,6,1,1,1,1,3,2,20,9
6447,110147588,427945,436112,2,1,30/03/2011,1345,3,1,1,1,1,3,1,51,1
6448,110148122,432179,434625,1,1,30/03/2011,1710,6,1,1,1,3,3,1,26,9
6449,110148375,426967,433112,6,2,30/03/2011,2030,4,1,7,1,1,3,1,29,9
6450,110148375,426967,433112,6,2,30/03/2011,2030,4,1,7,1,1,3,2,35,9
6451,110149098,427541,437734,1,1,31/03/2011,950,6,2,1,1,2,3,1,82,11
6452,110149820,427502,425503,2,1,31/03/2011,1405,3,1,1,4,1,3,1,39,9
6453,110149931,424865,432032,1,1,31/03/2011,1455,6,1,1,4,3,3,1,12,3
6454,110150257,428121,426255,2,1,31/03/2011,1805,3,2,1,4,1,3,2,48,9
6455,110150468,431146,434400,2,1,31/03/2011,2257,6,1,4,1,2,3,2,28,9
6456,110151597,429653,433378,1,1,01/04/2011,1435,6,1,1,1,3,3,1,29,8
6457,110151726,433576,433246,2,1,01/04/2011,1430,6,1,1,1,1,3,1,20,2
6458,110152939,437504,433078,2,1,01/04/2011,1925,6,1,1,4,1,3,1,31,9
6459,110153059,426912,429231,1,1,01/04/2011,830,3,1,1,1,3,3,1,13,9
6460,110155614,439824,448511,3,2,01/04/2011,1055,3,1,1,1,1,3,1,54,19
6461,110155614,439824,448511,3,2,01/04/2011,1055,3,1,1,1,1,3,1,62,9
6462,110182648,434972,425881,1,1,01/04/2011,1905,1,1,1,1,1,3,2,36,9
6463,110152940,428530,431389,1,1,02/04/2011,1315,3,1,1,1,3,3,2,21,9
6464,110153576,431349,435059,2,1,02/04/2011,1645,3,1,1,1,1,2,2,37,1
6465,110153910,429588,430994,2,2,03/04/2011,235,6,1,4,1,1,2,1,20,3
6466,110153910,429588,430994,2,2,03/04/2011,235,6,1,4,1,2,2,1,18,3
6467,110153933,430555,433360,2,1,03/04/2011,445,6,1,4,1,2,3,2,22,9
6468,110155218,423526,444445,1,1,03/04/2011,1248,3,1,1,1,1,3,2,25,9
6469,110155557,429664,427888,2,1,03/04/2011,1600,6,1,1,1,1,3,1,17,1
6470,110156471,431481,435622,2,1,04/04/2011,1715,6,1,1,1,2,3,2,22,9
6471,110158220,425411,440051,2,1,05/04/2011,1530,6,1,1,1,1,3,1,52,1
6472,110158407,424606,427655,5,2,05/04/2011,1638,1,1,1,1,1,3,1,43,9
6473,110158407,424606,427655,5,2,05/04/2011,1638,1,1,1,1,1,3,1,62,9
6474,110158670,443076,433512,2,4,05/04/2011,2044,3,1,6,1,1,3,1,40,9
6475,110158670,443076,433512,2,4,05/04/2011,2044,3,1,6,1,2,1,2,39,9
6476,110158670,443076,433512,2,4,05/04/2011,2044,3,1,6,1,2,2,2,18,9