Col.Number,Reference.Number,Easting,Northing,Number.of.Vehicles,Number.of.Casualties,Accident.Date,Time..24hr.,X1st.Road.Class,Road.Surface,Lighting.Conditions,Weather.Conditions,Casualty.Class,Casualty.Severity,Sex.of.Casualty,Age.of.Casualty,Type.of.Vehicle
6477,110158670,443076,433512,2,4,05/04/2011,2044,3,1,6,1,2,1,2,43,9
6478,110158689,430220,435118,2,2,05/04/2011,2248,6,1,7,1,2,3,2,52,9
6479,110158689,430220,435118,2,2,05/04/2011,2248,6,1,7,1,2,3,2,21,9
6480,110159147,424432,438642,2,1,06/04/2011,855,6,1,1,1,1,3,1,45,1
6481,110159284,431173,431863,2,1,06/04/2011,1033,3,1,1,1,1,3,1,25,3
6482,110159547,425944,434673,2,1,06/04/2011,715,6,1,1,1,1,3,1,42,9
6483,110159946,427046,433537,1,1,06/04/2011,1430,6,1,1,1,3,2,2,85,19
6484,110160328,431883,435042,3,7,06/04/2011,2015,6,1,4,1,1,3,1,32,9
6485,110160328,431883,435042,3,7,06/04/2011,2015,6,1,4,1,1,3,1,20,9
6486,110160328,431883,435042,3,7,06/04/2011,2015,6,1,4,1,1,3,1,31,9
6487,110160328,431883,435042,3,7,06/04/2011,2015,6,1,4,1,2,3,2,20,9
6488,110160328,431883,435042,3,7,06/04/2011,2015,6,1,4,1,2,3,1,20,9
6489,110160328,431883,435042,3,7,06/04/2011,2015,6,1,4,1,2,3,1,18,9
6490,110160328,431883,435042,3,7,06/04/2011,2015,6,1,4,1,2,3,1,29,9
6491,110160737,437508,431825,1,1,06/04/2011,1925,6,1,1,1,1,3,1,36,9
6492,110161875,433298,436234,2,1,06/04/2011,1730,3,1,1,1,1,3,1,32,1
6493,110161034,418117,442482,2,1,07/04/2011,915,3,1,1,1,1,3,2,37,1
6494,110161889,436109,434833,2,1,07/04/2011,1650,3,1,1,1,1,3,1,31,1
6495,110162112,440460,428794,2,1,07/04/2011,1714,6,1,1,1,1,3,1,9,1
6496,110162388,437668,444819,2,2,07/04/2011,2250,3,1,6,1,1,3,2,60,9
6497,110162388,437668,444819,2,2,07/04/2011,2250,3,1,6,1,1,2,1,46,9
6498,110163204,425059,433372,2,1,07/04/2011,1130,6,1,1,1,2,3,2,80,9
6499,110163239,422123,438623,2,1,07/04/2011,1245,3,1,1,1,1,3,1,39,90
6500,110163658,433181,433165,2,1,08/04/2011,1350,6,1,1,1,1,2,1,14,1
6501,110163695,425344,443241,2,1,08/04/2011,1620,3,1,1,1,1,3,1,18,1
6502,110163825,428528,431534,2,2,08/04/2011,1750,3,1,1,1,1,3,2,62,9
6503,110163825,428528,431534,2,2,08/04/2011,1750,3,1,1,1,1,3,2,43,9
6504,110163970,425911,432231,2,1,08/04/2011,2200,3,1,4,1,1,3,1,56,9
6505,110164707,435946,436803,4,3,08/04/2011,1958,6,1,1,1,1,3,1,22,9
6506,110164707,435946,436803,4,3,08/04/2011,1958,6,1,1,1,1,3,2,34,9
6507,110164707,435946,436803,4,3,08/04/2011,1958,6,1,1,1,2,3,2,2,9
6508,110165050,433932,434041,1,1,08/04/2011,2340,3,1,4,1,1,3,1,19,9
6509,110167917,430130,437785,2,7,08/04/2011,1200,3,1,1,1,1,3,2,41,9
6510,110167917,430130,437785,2,7,08/04/2011,1200,3,1,1,1,2,3,2,16,9
6511,110167917,430130,437785,2,7,08/04/2011,1200,3,1,1,1,2,3,1,3,9
6512,110167917,430130,437785,2,7,08/04/2011,1200,3,1,1,1,2,3,1,3,9
6513,110167917,430130,437785,2,7,08/04/2011,1200,3,1,1,1,2,3,2,7,9
6514,110167917,430130,437785,2,7,08/04/2011,1200,3,1,1,1,2,3,1,5,9
6515,110167917,430130,437785,2,7,08/04/2011,1200,3,1,1,1,2,3,2,20,9
6516,110203861,431300,436316,2,1,08/04/2011,558,4,1,1,1,1,3,1,39,9
6517,110165636,430498,437097,5,3,09/04/2011,2333,6,1,7,1,3,3,1,22,9
6518,110165636,430498,437097,5,3,09/04/2011,2333,6,1,7,1,1,3,1,56,9
6519,110165636,430498,437097,5,3,09/04/2011,2333,6,1,7,1,1,3,1,36,9
6520,110165712,443644,437108,2,1,09/04/2011,1030,2,1,1,1,1,3,2,22,9
6521,110167322,428356,431281,2,1,09/04/2011,845,3,1,1,1,1,3,1,38,9
6522,110165821,421799,444120,3,2,10/04/2011,810,6,1,1,1,1,3,1,50,5
6523,110165821,421799,444120,3,2,10/04/2011,810,6,1,1,1,1,3,1,54,5
6524,110166442,432434,435148,2,1,10/04/2011,1648,6,1,1,1,1,3,1,7,1
6525,110166609,430370,434053,2,1,10/04/2011,1950,2,1,4,1,1,3,1,24,5
6526,110166620,429372,433779,2,2,10/04/2011,1720,3,1,1,1,1,3,2,25,9
6527,110166620,429372,433779,2,2,10/04/2011,1720,3,1,1,1,2,3,2,26,9
6528,110166627,426551,427392,2,4,10/04/2011,1835,6,1,1,1,1,3,1,47,9
6529,110166627,426551,427392,2,4,10/04/2011,1835,6,1,1,1,2,3,1,20,9
6530,110166627,426551,427392,2,4,10/04/2011,1835,6,1,1,1,2,3,2,19,9
6531,110166627,426551,427392,2,4,10/04/2011,1835,6,1,1,1,2,3,2,19,9
6532,110166677,425157,432379,2,1,10/04/2011,1930,6,1,1,1,2,3,2,19,9
6533,110166750,422259,433375,2,1,10/04/2011,1930,4,1,1,1,2,3,1,84,9
6534,110170133,430317,433807,1,1,10/04/2011,430,6,1,4,1,3,3,1,22,8
6535,110167505,432496,436596,3,2,11/04/2011,1010,6,1,1,1,1,3,1,32,9
6536,110167505,432496,436596,3,2,11/04/2011,1010,6,1,1,1,1,3,1,38,9
6537,110168048,426874,433602,2,2,11/04/2011,1340,6,2,1,1,1,3,1,40,9
6538,110168048,426874,433602,2,2,11/04/2011,1340,6,2,1,1,2,3,2,38,9
6539,110168708,435001,438398,2,1,11/04/2011,2130,3,1,4,1,1,3,2,44,9
6540,110168779,429033,431918,2,1,11/04/2011,2100,6,1,7,4,1,3,1,31,1
6541,110168797,436242,434290,1,1,11/04/2011,2355,3,1,4,1,2,3,1,20,9
6542,110168982,432623,429549,1,1,12/04/2011,742,3,1,5,1,1,2,1,21,4
6543,110169263,426282,435580,2,2,12/04/2011,1034,3,1,1,1,1,3,1,42,11
6544,110169263,426282,435580,2,2,12/04/2011,1034,3,1,1,1,1,3,1,26,9
6545,110169371,419112,441918,1,1,12/04/2011,1000,3,1,1,1,3,2,2,83,90
6546,110170224,427527,436943,2,1,12/04/2011,1730,3,1,1,1,1,3,1,28,1
6547,110170296,429727,430545,3,4,12/04/2011,1745,3,1,1,1,1,3,1,22,9
6548,110170296,429727,430545,3,4,12/04/2011,1745,3,1,1,1,2,3,2,16,9
6549,110170296,429727,430545,3,4,12/04/2011,1745,3,1,1,1,2,3,2,21,9
6550,110170296,429727,430545,3,4,12/04/2011,1745,3,1,1,1,2,3,2,2,9
6551,110170346,435546,438368,2,2,12/04/2011,1820,6,1,1,1,1,3,2,18,9
6552,110170346,435546,438368,2,2,12/04/2011,1820,6,1,1,1,2,3,1,18,9
6553,110170535,428071,434990,2,1,12/04/2011,2220,6,1,4,1,1,3,1,39,9
6554,110170713,427967,433615,3,1,12/04/2011,943,3,1,1,1,1,3,1,38,8
6555,110171223,435313,425909,2,1,12/04/2011,1730,1,1,1,1,1,3,2,24,9
6556,110170823,434410,425866,4,1,13/04/2011,805,1,1,1,1,1,3,1,32,9
6557,110172225,440994,445721,2,1,13/04/2011,1913,2,1,1,1,2,3,1,17,10
6558,110172409,430231,435116,2,1,13/04/2011,1610,6,1,1,1,1,3,1,45,9
6559,110172855,441430,444966,3,1,14/04/2011,746,2,1,1,1,1,3,2,27,9
6560,110173072,432933,430222,3,4,14/04/2011,1106,4,1,1,1,1,3,2,53,9
6561,110173072,432933,430222,3,4,14/04/2011,1106,4,1,1,1,2,3,2,36,9
6562,110173072,432933,430222,3,4,14/04/2011,1106,4,1,1,1,2,3,1,18,9
6563,110173072,432933,430222,3,4,14/04/2011,1106,4,1,1,1,1,3,1,39,9
6564,110173380,424954,427586,2,1,14/04/2011,1311,3,1,1,1,1,3,2,45,9
6565,110173940,426624,433100,2,1,14/04/2011,1650,6,1,1,1,1,3,1,33,9
6566,110173961,444341,431607,2,3,14/04/2011,1650,3,1,1,1,1,2,2,40,9
6567,110173961,444341,431607,2,3,14/04/2011,1650,3,1,1,1,2,2,2,10,9
6568,110173961,444341,431607,2,3,14/04/2011,1650,3,1,1,1,2,2,1,55,9
6569,110174084,431010,434885,1,1,14/04/2011,1957,6,1,1,1,1,3,1,46,9
6570,110174205,429112,433845,1,1,14/04/2011,2312,6,1,4,1,3,3,1,19,8
6571,110174341,443429,432753,1,2,14/04/2011,2030,6,1,4,1,1,3,1,78,9
6572,110174341,443429,432753,1,2,14/04/2011,2030,6,1,4,1,2,3,2,75,9
6573,110174364,427938,436127,1,1,15/04/2011,15,3,1,4,1,3,2,1,20,9
6574,110174839,422634,443355,1,1,15/04/2011,948,6,1,1,1,1,3,1,25,9
6575,110175012,425699,433090,2,1,15/04/2011,1215,4,1,1,1,2,3,1,38,9
6576,110175523,428012,431098,1,1,15/04/2011,1637,3,1,1,1,1,2,1,32,3
6577,110175761,424482,435629,2,1,15/04/2011,1655,6,1,1,1,1,3,2,35,9
6578,110176160,427845,431279,1,2,16/04/2011,105,1,1,4,1,2,3,2,26,9
6579,110176160,427845,431279,1,2,16/04/2011,105,1,1,4,1,2,3,2,21,9
6580,110176342,428972,433688,2,2,16/04/2011,828,3,1,1,1,1,3,1,25,9
6581,110176342,428972,433688,2,2,16/04/2011,828,3,1,1,1,1,3,2,41,9
6582,110176709,435957,428286,2,3,16/04/2011,1425,3,1,1,1,1,3,1,34,9
6583,110176709,435957,428286,2,3,16/04/2011,1425,3,1,1,1,2,3,2,56,9
6584,110176709,435957,428286,2,3,16/04/2011,1425,3,1,1,1,2,3,2,32,9
6585,110176770,431935,445792,2,2,16/04/2011,1030,3,1,1,1,1,3,1,28,9
6586,110176770,431935,445792,2,2,16/04/2011,1030,3,1,1,1,1,1,1,30,3
6587,110176784,428326,431263,2,2,16/04/2011,1000,3,1,1,1,1,3,2,25,9
6588,110176784,428326,431263,2,2,16/04/2011,1000,3,1,1,1,2,3,2,51,9
6589,110177764,430162,433923,2,1,16/04/2011,1516,6,1,1,1,2,3,2,35,11
6590,110177937,429158,431786,2,3,16/04/2011,1530,1,1,1,1,1,3,2,29,9
6591,110177937,429158,431786,2,3,16/04/2011,1530,1,1,1,1,2,3,2,66,9
6592,110177937,429158,431786,2,3,16/04/2011,1530,1,1,1,1,2,3,1,43,9
6593,110177917,442618,427289,2,1,17/04/2011,1104,3,1,1,1,2,3,1,22,9
6594,110177961,423845,434258,2,1,17/04/2011,1050,6,1,1,1,1,3,2,44,9
6595,110178409,440347,433745,1,2,17/04/2011,248,6,1,7,1,1,2,2,26,9
6596,110178409,440347,433745,1,2,17/04/2011,248,6,1,7,1,2,2,2,25,9
6597,110179478,422884,438849,1,1,17/04/2011,1640,6,1,1,1,1,2,1,11,1
6598,110180132,430437,431154,2,2,17/04/2011,1720,6,1,1,1,1,3,1,64,9
6599,110180132,430437,431154,2,2,17/04/2011,1720,6,1,1,1,1,3,1,24,9
6600,110180338,431884,438784,2,1,17/04/2011,1745,6,1,1,1,1,3,1,16,1
6601,110179346,434145,433897,1,1,18/04/2011,1120,6,1,1,1,3,3,2,23,9
6602,110179482,431792,435567,1,1,18/04/2011,1138,3,1,1,1,3,2,1,79,9
6603,110179558,421102,436696,1,1,18/04/2011,1210,6,1,1,1,3,3,1,47,9
6604,110181755,426721,431757,2,1,18/04/2011,1100,3,1,1,1,1,3,2,25,1
6605,110180953,438938,439110,1,1,19/04/2011,830,3,1,1,1,1,3,1,33,9
6606,110181956,429216,426698,2,1,19/04/2011,1805,3,1,1,1,1,2,1,44,5
6607,110181969,435464,433397,2,1,19/04/2011,1455,6,1,1,1,1,2,1,13,1
6608,110182238,431099,435804,3,3,19/04/2011,2135,6,1,4,1,1,3,1,24,9
6609,110182238,431099,435804,3,3,19/04/2011,2135,6,1,4,1,1,3,1,47,8
6610,110182238,431099,435804,3,3,19/04/2011,2135,6,1,4,1,2,3,2,18,8
6611,110182843,429668,433953,2,1,20/04/2011,810,6,1,1,1,1,3,1,37,1
6612,110183317,424275,445377,2,1,20/04/2011,1030,3,1,1,1,1,1,1,70,9
6613,110183919,433155,435244,2,2,20/04/2011,1800,6,1,1,1,1,3,2,38,9
6614,110183919,433155,435244,2,2,20/04/2011,1800,6,1,1,1,1,3,2,37,9
6615,110183940,431877,440199,3,1,20/04/2011,1900,6,1,1,1,1,3,1,74,9
6616,110184237,442479,442987,1,1,20/04/2011,1650,6,1,1,1,2,2,2,57,11
6617,110185794,422938,437562,3,3,21/04/2011,1542,3,1,1,1,1,3,2,36,9
6618,110185794,422938,437562,3,3,21/04/2011,1542,3,1,1,1,2,3,1,9,10
6619,110185794,422938,437562,3,3,21/04/2011,1542,3,1,1,1,2,3,1,10,10
6620,110185890,425941,438103,2,1,21/04/2011,1535,3,1,1,1,1,2,1,54,9
6621,110185900,424848,438291,2,1,21/04/2011,1810,6,1,1,1,1,3,1,7,1
6622,110186001,438491,430400,2,2,21/04/2011,1253,3,1,1,1,1,3,1,27,9
6623,110186001,438491,430400,2,2,21/04/2011,1253,3,1,1,1,2,3,1,31,9
6624,110186028,427464,433763,2,1,21/04/2011,1745,6,1,1,1,1,3,1,31,1
6625,110186118,423896,428198,2,1,21/04/2011,2022,3,1,1,1,1,3,1,40,9
6626,110186701,418328,441441,2,1,22/04/2011,950,3,1,1,1,1,3,1,53,9
6627,110186829,443591,437898,5,5,22/04/2011,1048,2,1,1,1,1,3,2,24,9
6628,110186829,443591,437898,5,5,22/04/2011,1048,2,1,1,1,1,3,2,40,9
6629,110186829,443591,437898,5,5,22/04/2011,1048,2,1,1,1,1,3,2,48,9
6630,110186829,443591,437898,5,5,22/04/2011,1048,2,1,1,1,2,3,2,36,9
6631,110186829,443591,437898,5,5,22/04/2011,1048,2,1,1,1,2,3,1,46,9
6632,110186997,431983,435539,2,3,22/04/2011,1715,6,1,1,1,1,3,1,32,9
6633,110186997,431983,435539,2,3,22/04/2011,1715,6,1,1,1,2,3,1,17,8
6634,110186997,431983,435539,2,3,22/04/2011,1715,6,1,1,1,2,3,2,18,8
6635,110188739,422829,442982,4,6,23/04/2011,1110,3,1,1,1,1,3,1,48,9
6636,110188739,422829,442982,4,6,23/04/2011,1110,3,1,1,1,1,3,2,36,9
6637,110188739,422829,442982,4,6,23/04/2011,1110,3,1,1,1,1,3,1,23,9
6638,110188739,422829,442982,4,6,23/04/2011,1110,3,1,1,1,2,3,1,41,9
6639,110188739,422829,442982,4,6,23/04/2011,1110,3,1,1,1,2,3,2,23,9
6640,110188739,422829,442982,4,6,23/04/2011,1110,3,1,1,1,2,3,2,20,9
6641,110188756,435817,434190,2,3,23/04/2011,1250,6,1,1,1,1,3,1,49,9
6642,110188756,435817,434190,2,3,23/04/2011,1250,6,1,1,1,2,3,1,25,9
6643,110188756,435817,434190,2,3,23/04/2011,1250,6,1,1,1,2,3,1,25,9
6644,110188918,435173,437629,2,1,23/04/2011,1205,3,1,1,1,1,3,1,13,1
6645,110188640,440837,434524,1,1,24/04/2011,134,1,2,6,1,1,3,1,19,9
6646,110189168,424485,439055,1,1,24/04/2011,1057,6,1,1,1,3,3,2,77,11
6647,110190162,431271,433822,2,1,24/04/2011,2300,6,1,4,1,1,3,1,39,11
6648,110189920,436006,428260,1,1,25/04/2011,158,3,1,7,1,1,3,2,24,9
6649,110190457,425017,434606,2,1,25/04/2011,1420,6,1,1,1,1,3,1,63,5
6650,110191097,427858,430520,2,1,25/04/2011,1230,3,1,1,1,2,3,2,29,9
6651,110191771,428554,427738,2,1,26/04/2011,1344,3,1,1,1,1,3,2,28,9
6652,110192142,442212,443024,2,2,26/04/2011,1524,2,1,1,1,1,3,2,70,9
6653,110192142,442212,443024,2,2,26/04/2011,1524,2,1,1,1,2,3,1,76,9
6654,110192405,428033,425739,1,1,26/04/2011,2035,6,1,1,1,3,3,1,21,9
6655,110193280,441485,433388,1,1,26/04/2011,1910,6,1,1,1,3,3,2,15,9
6656,110193411,431427,434069,3,3,26/04/2011,1530,6,1,1,1,1,3,1,32,8
6657,110193411,431427,434069,3,3,26/04/2011,1530,6,1,1,1,2,3,2,31,8
6658,110193411,431427,434069,3,3,26/04/2011,1530,6,1,1,1,2,3,2,8,8
6659,110227989,436552,436151,1,1,26/04/2011,2315,6,1,4,1,2,3,2,91,8
6660,110193620,431644,437425,3,1,27/04/2011,1320,6,1,1,1,1,3,1,62,9
6661,110193876,432213,438220,2,2,27/04/2011,1400,6,1,1,1,1,3,1,73,9
6662,110193876,432213,438220,2,2,27/04/2011,1400,6,1,1,1,1,3,1,46,8
6663,110193904,436180,434460,2,1,27/04/2011,1640,3,1,1,1,1,3,1,48,1
6664,110194015,434835,437053,1,1,27/04/2011,1835,6,1,1,1,3,3,1,12,11
6665,110194474,430302,435025,2,2,27/04/2011,2305,6,1,4,1,2,3,1,17,8
6666,110194474,430302,435025,2,2,27/04/2011,2305,6,1,4,1,2,3,1,17,8
6667,110194836,432961,439244,2,1,27/04/2011,1715,6,1,1,1,1,3,2,29,9
6668,110194994,434071,432982,2,1,27/04/2011,1815,6,1,1,1,1,3,1,11,1
6669,110195200,426861,437684,2,1,27/04/2011,1515,3,1,1,1,1,3,1,42,3
6670,110195744,437199,444242,2,2,27/04/2011,1820,3,1,1,1,1,3,1,35,9
6671,110195744,437199,444242,2,2,27/04/2011,1820,3,1,1,1,2,3,1,27,9
6672,110196691,432387,434929,2,1,27/04/2011,1310,6,1,1,1,1,3,2,69,9
6673,110195672,432501,433769,2,1,28/04/2011,1530,3,1,1,1,1,3,1,28,9
6674,110195929,429794,434067,2,1,28/04/2011,1820,6,1,1,1,2,3,2,65,9
6675,110196774,427430,432847,2,1,29/04/2011,1610,6,1,1,1,1,3,1,63,9
6676,110196899,429935,431118,1,1,29/04/2011,1945,6,1,1,1,3,3,2,6,9
6677,110197761,428420,426437,2,1,29/04/2011,1800,1,1,1,1,1,3,2,51,9
6678,110197551,421851,441237,2,1,30/04/2011,1143,3,1,1,1,1,2,1,54,9
6679,110197959,424295,428986,1,1,30/04/2011,1035,6,1,1,1,2,2,2,82,11
6680,110197987,423601,437875,1,1,30/04/2011,1540,6,1,1,1,2,3,1,67,11
6681,110198293,431903,435734,1,1,30/04/2011,2240,3,1,7,1,3,3,2,10,9
6682,110199206,428394,434387,2,1,01/05/2011,1640,6,1,1,1,1,3,1,35,9
6683,110199254,435021,436107,1,1,01/05/2011,1355,6,1,1,1,3,3,1,13,9
6684,110203871,432210,438089,2,2,01/05/2011,1325,6,1,1,1,1,3,2,50,9
6685,110203871,432210,438089,2,2,01/05/2011,1325,6,1,1,1,2,3,2,89,9
6686,110200145,441108,430776,1,1,02/05/2011,249,6,1,4,1,2,3,2,19,8
6687,110200376,423809,439245,2,1,02/05/2011,1250,6,1,1,1,1,3,1,28,1
6688,110200396,427495,435855,1,1,02/05/2011,430,4,1,4,1,3,2,1,31,9
6689,110201817,428498,428336,1,1,03/05/2011,1517,3,1,1,1,2,3,2,55,11
6690,110201913,429239,435456,1,1,03/05/2011,1450,6,1,1,1,3,3,1,13,9
6691,110201968,430305,427707,2,1,03/05/2011,1823,6,1,1,1,1,3,1,7,1
6692,110202288,427077,437365,3,4,03/05/2011,2101,6,1,4,1,1,3,1,20,9
6693,110202288,427077,437365,3,4,03/05/2011,2101,6,1,4,1,2,3,1,25,9
6694,110202288,427077,437365,3,4,03/05/2011,2101,6,1,4,1,2,3,1,18,9
6695,110202288,427077,437365,3,4,03/05/2011,2101,6,1,4,1,2,3,1,22,9
6696,110202750,432694,426009,2,1,04/05/2011,725,1,1,1,1,1,3,2,44,9
6697,110203115,424242,428222,2,1,04/05/2011,5,3,1,7,1,2,3,2,0,9
6698,110203137,427202,426164,4,4,04/05/2011,937,1,1,1,1,1,3,2,55,9
6699,110203137,427202,426164,4,4,04/05/2011,937,1,1,1,1,2,3,1,31,19
6700,110203137,427202,426164,4,4,04/05/2011,937,1,1,1,1,2,3,2,65,9
6701,110203137,427202,426164,4,4,04/05/2011,937,1,1,1,1,2,3,2,65,9
6702,110203642,431419,434082,2,2,04/05/2011,1600,6,1,1,1,1,3,2,26,9
6703,110203642,431419,434082,2,2,04/05/2011,1600,6,1,1,1,1,3,1,17,9
6704,110203731,422407,428984,2,1,04/05/2011,1712,3,1,1,1,1,3,1,47,5
6705,110203778,431321,435042,2,1,04/05/2011,1745,3,1,1,1,1,3,1,34,1
6706,110203821,422375,442293,2,1,04/05/2011,1743,3,1,1,1,1,2,1,36,1
6707,110203905,421531,433975,2,2,04/05/2011,2000,4,1,1,1,1,3,1,26,9
6708,110203905,421531,433975,2,2,04/05/2011,2000,4,1,1,1,2,3,2,23,9
6709,110204780,434708,425890,5,1,04/05/2011,1719,1,1,1,1,1,3,2,26,9
6710,110204918,434772,435545,2,2,04/05/2011,815,6,1,1,1,1,3,2,41,9
6711,110204918,434772,435545,2,2,04/05/2011,815,6,1,1,1,2,3,2,14,9
6712,110205936,429550,431241,1,1,04/05/2011,2145,6,1,4,1,2,3,2,74,8
6713,110219020,430565,431800,2,2,04/05/2011,1600,1,1,1,1,1,3,2,22,9
6714,110219020,430565,431800,2,2,04/05/2011,1600,1,1,1,1,2,3,2,1,9
6715,110204238,426111,437776,2,1,05/05/2011,339,6,1,4,1,1,3,1,20,9
6716,110205418,424144,437529,2,1,05/05/2011,1525,6,1,1,1,2,3,1,35,9
6717,110205687,431076,431205,2,1,05/05/2011,1815,6,1,1,1,1,3,1,35,1
6718,110205759,420343,434229,2,1,05/05/2011,1815,3,2,1,2,1,3,2,26,9
6719,110206033,430250,433231,2,1,06/05/2011,32,6,1,4,1,1,3,1,49,8
6720,110206079,429673,434587,1,1,06/05/2011,320,3,1,4,1,3,3,1,22,8
6721,110206288,436159,434680,1,1,06/05/2011,745,3,1,1,1,3,3,2,19,9
6722,110207214,429849,434329,2,1,06/05/2011,1550,3,1,1,1,2,3,2,27,11
6723,110207270,431969,435826,2,1,06/05/2011,1514,3,1,1,1,1,3,1,31,9
6724,110207362,434129,434213,4,7,06/05/2011,1600,3,1,1,1,1,3,1,57,9
6725,110207362,434129,434213,4,7,06/05/2011,1600,3,1,1,1,1,3,1,28,9
6726,110207362,434129,434213,4,7,06/05/2011,1600,3,1,1,1,1,3,1,52,9
6727,110207362,434129,434213,4,7,06/05/2011,1600,3,1,1,1,1,3,2,45,9
6728,110207362,434129,434213,4,7,06/05/2011,1600,3,1,1,1,2,3,1,41,9
6729,110207362,434129,434213,4,7,06/05/2011,1600,3,1,1,1,2,3,2,29,9
6730,110207362,434129,434213,4,7,06/05/2011,1600,3,1,1,1,2,3,2,23,9
6731,110207518,442999,431610,2,1,06/05/2011,1815,3,1,1,1,1,3,1,45,1
6732,110207606,443007,431624,2,2,06/05/2011,1940,3,1,1,1,1,3,1,66,5
6733,110207606,443007,431624,2,2,06/05/2011,1940,3,1,1,1,2,2,2,42,9
6734,110208037,423245,435776,2,1,06/05/2011,1615,3,1,1,1,1,3,1,17,2
6735,110208142,428097,434516,2,1,07/05/2011,825,6,1,1,1,1,3,1,47,1
6736,110208900,434684,435012,2,1,07/05/2011,1745,6,1,1,1,2,3,2,49,9
6737,110208959,422234,439129,1,1,07/05/2011,1809,6,1,1,1,1,3,1,30,19
6738,110209933,422117,436326,1,1,07/05/2011,1915,6,1,1,1,3,3,1,9,9
6739,110209288,430802,424462,1,2,08/05/2011,228,1,2,4,2,1,3,1,39,8
6740,110209288,430802,424462,1,2,08/05/2011,228,1,2,4,2,2,3,1,18,8
6741,110209538,427487,431347,3,2,08/05/2011,950,3,1,1,1,1,3,2,45,9
6742,110209538,427487,431347,3,2,08/05/2011,950,3,1,1,1,1,3,1,22,9
6743,110209944,424128,444005,2,2,08/05/2011,1430,3,1,1,1,1,3,2,36,9
6744,110209944,424128,444005,2,2,08/05/2011,1430,3,1,1,1,2,2,2,67,9
6745,110210407,427413,435851,2,2,08/05/2011,2205,6,1,4,1,1,3,1,25,9
6746,110210407,427413,435851,2,2,08/05/2011,2205,6,1,4,1,2,3,1,25,9
6747,110211442,427028,433723,4,2,08/05/2011,1500,3,1,1,1,1,3,1,19,9
6748,110211442,427028,433723,4,2,08/05/2011,1500,3,1,1,1,1,3,1,35,19
6749,110212441,444836,432222,1,5,09/05/2011,2313,2,2,6,2,1,3,1,33,9
6750,110212441,444836,432222,1,5,09/05/2011,2313,2,2,6,2,2,3,2,19,9
6751,110212441,444836,432222,1,5,09/05/2011,2313,2,2,6,2,2,3,1,4,9
6752,110212441,444836,432222,1,5,09/05/2011,2313,2,2,6,2,2,3,1,7,9
6753,110212441,444836,432222,1,5,09/05/2011,2313,2,2,6,2,2,3,2,6,9
6754,110214909,429391,431353,2,1,09/05/2011,1400,6,1,1,1,2,3,2,59,9
6755,110213006,429285,433483,2,2,10/05/2011,1050,6,1,1,1,1,3,2,41,9
6756,110213006,429285,433483,2,2,10/05/2011,1050,6,1,1,1,1,3,2,53,9
6757,110213382,428795,435573,2,1,10/05/2011,900,3,1,1,1,1,3,1,28,1
6758,110213622,430863,436299,2,1,10/05/2011,830,6,1,1,1,1,2,2,31,1
6759,110213711,421115,441167,2,1,10/05/2011,1605,6,1,1,1,1,3,2,51,2
6760,110213735,432692,436901,2,1,10/05/2011,1510,6,1,1,1,1,3,2,42,19
6761,110213748,429068,432165,3,1,10/05/2011,1600,6,1,1,1,3,3,1,18,9
6762,110213840,432242,426270,2,1,10/05/2011,1745,1,1,1,1,1,3,2,54,9
6763,110214095,424579,435151,2,1,10/05/2011,2234,3,1,4,1,1,3,1,76,9
6764,110214118,432998,436045,2,1,10/05/2011,2120,3,1,4,1,2,3,2,24,9
6765,110214246,428405,434380,2,1,10/05/2011,2040,6,1,1,1,1,3,1,19,1
6766,110214353,429266,432797,2,1,11/05/2011,810,6,1,1,1,1,3,1,59,1
6767,110214490,430700,436765,2,1,11/05/2011,805,6,1,1,1,1,2,1,47,1
6768,110215622,432622,436855,2,1,11/05/2011,1830,6,1,1,1,1,3,1,44,9
6769,110215808,437147,437669,2,1,11/05/2011,1650,3,1,1,1,1,2,1,19,3
6770,110216752,429012,430277,2,1,11/05/2011,1925,6,1,1,1,1,3,1,19,9
6771,110216369,430637,433686,1,1,12/05/2011,910,3,1,1,1,2,3,1,76,11
6772,110217472,431530,433068,1,2,12/05/2011,1650,6,1,1,4,1,3,1,75,9
6773,110217472,431530,433068,1,2,12/05/2011,1650,6,1,1,4,2,2,2,68,9
6774,110217478,433039,430139,3,1,12/05/2011,1620,4,2,1,1,1,3,1,39,9
6775,110265146,427661,438581,1,1,12/05/2011,700,3,1,1,1,1,2,1,37,1
6776,110218336,430419,439107,1,1,13/05/2011,1130,6,1,1,1,3,3,1,50,9
6777,110219041,427365,434649,2,4,13/05/2011,1915,3,1,1,1,1,3,1,19,9
6778,110219041,427365,434649,2,4,13/05/2011,1915,3,1,1,1,2,3,1,28,9
6779,110219041,427365,434649,2,4,13/05/2011,1915,3,1,1,1,2,3,1,18,9
6780,110219041,427365,434649,2,4,13/05/2011,1915,3,1,1,1,2,3,1,20,9
6781,110219202,421195,440228,2,2,13/05/2011,1550,4,1,1,1,1,3,1,44,9