Col.Number,Reference.Number,Easting,Northing,Number.of.Vehicles,Number.of.Casualties,Accident.Date,Time..24hr.,X1st.Road.Class,Road.Surface,Lighting.Conditions,Weather.Conditions,Casualty.Class,Casualty.Severity,Sex.of.Casualty,Age.of.Casualty,Type.of.Vehicle
6782,110219202,421195,440228,2,2,13/05/2011,1550,4,1,1,1,1,3,2,24,9
6783,110219717,434830,437970,2,1,13/05/2011,725,3,1,1,1,1,3,2,30,1
6784,110220150,436530,425930,2,1,13/05/2011,1725,1,2,1,2,1,3,2,24,9
6785,110220093,424261,435375,1,1,14/05/2011,1135,3,2,1,4,2,3,2,95,11
6786,110220390,427745,436445,2,1,14/05/2011,1720,3,2,1,1,1,3,2,19,9
6787,110220614,423408,435270,3,2,14/05/2011,1915,4,1,1,1,1,2,2,21,9
6788,110220614,423408,435270,3,2,14/05/2011,1915,4,1,1,1,2,2,1,22,9
6789,110221011,429781,438888,2,1,14/05/2011,1425,3,2,1,1,1,3,1,39,1
6790,110221279,431699,435662,1,1,14/05/2011,1905,6,2,1,1,3,3,1,5,9
6791,110220823,431932,434812,1,1,15/05/2011,145,6,1,4,1,2,3,1,21,9
6792,110221001,425225,437873,1,1,15/05/2011,700,3,1,1,1,3,2,1,23,9
6793,110221051,439661,427191,1,1,15/05/2011,516,6,1,1,1,1,2,1,33,5
6794,110221634,430067,433793,1,3,15/05/2011,1455,6,1,1,1,1,3,2,70,9
6795,110221634,430067,433793,1,3,15/05/2011,1455,6,1,1,1,3,3,2,43,9
6796,110221634,430067,433793,1,3,15/05/2011,1455,6,1,1,1,3,3,1,11,9
6797,110222686,428112,426277,2,1,16/05/2011,911,3,1,1,1,1,3,1,59,9
6798,110223593,423638,438048,2,1,16/05/2011,1600,6,1,1,1,1,3,2,50,9
6799,110294425,430501,437077,1,1,16/05/2011,1030,6,1,1,1,2,3,2,19,11
6800,110224317,426357,428156,2,3,17/05/2011,815,6,1,1,1,2,3,1,14,9
6801,110224317,426357,428156,2,3,17/05/2011,815,6,1,1,1,1,3,2,43,9
6802,110224317,426357,428156,2,3,17/05/2011,815,6,1,1,1,2,3,2,16,9
6803,110224861,430132,433764,1,1,17/05/2011,1320,6,1,1,1,3,3,2,18,11
6804,110224935,431183,434311,2,1,17/05/2011,1245,6,1,1,1,1,3,1,26,9
6805,110225317,431194,424812,4,2,17/05/2011,1724,1,1,1,1,1,3,1,29,9
6806,110225317,431194,424812,4,2,17/05/2011,1724,1,1,1,1,1,3,2,48,9
6807,110225957,429154,431697,1,1,17/05/2011,1902,6,1,1,1,2,3,2,88,11
6808,110226522,426946,432113,2,1,17/05/2011,1800,6,1,1,1,1,3,1,13,1
6809,110226291,428103,435923,2,1,18/05/2011,915,3,1,1,1,1,3,1,48,1
6810,110226402,430379,433547,2,1,18/05/2011,1120,6,1,1,1,2,3,2,76,11
6811,110226442,431241,445738,2,1,18/05/2011,940,3,1,1,1,1,3,1,27,5
6812,110226692,426644,433493,2,1,18/05/2011,810,6,1,1,1,1,3,2,36,9
6813,110227441,430019,432507,1,1,18/05/2011,1430,3,1,1,1,1,3,1,34,3
6814,110228521,427853,430551,2,2,18/05/2011,1615,3,1,1,1,2,3,2,30,11
6815,110228521,427853,430551,2,2,18/05/2011,1615,3,1,1,1,2,3,2,4,11
6816,110248747,427788,436375,2,1,18/05/2011,1530,3,1,1,1,1,3,2,26,1
6817,110227761,420548,444948,2,1,19/05/2011,650,6,1,1,1,1,3,1,24,9
6818,110228123,422196,433295,2,3,19/05/2011,755,4,1,1,1,2,3,1,20,9
6819,110228123,422196,433295,2,3,19/05/2011,755,4,1,1,1,1,3,2,23,9
6820,110228123,422196,433295,2,3,19/05/2011,755,4,1,1,1,2,3,2,5,9
6821,110228235,430417,437824,2,1,19/05/2011,805,6,1,1,1,1,3,2,47,1
6822,110228972,431419,434082,2,2,19/05/2011,1742,6,1,1,1,1,3,2,26,9
6823,110228972,431419,434082,2,2,19/05/2011,1742,6,1,1,1,1,3,1,46,9
6824,110228980,430104,433777,2,1,19/05/2011,1845,6,1,1,1,1,3,1,32,5
6825,110229021,427263,432557,1,1,19/05/2011,1745,6,1,1,1,3,3,2,13,9
6826,110230720,422184,441887,3,1,20/05/2011,1607,3,1,1,1,1,3,2,20,9
6827,110230838,425922,437313,1,1,20/05/2011,1801,6,1,1,1,3,3,1,7,9
6828,110230890,429019,435403,1,1,20/05/2011,1505,3,2,1,2,3,3,1,46,9
6829,110230893,422874,439313,4,2,20/05/2011,1638,6,2,1,1,1,3,2,49,9
6830,110230893,422874,439313,4,2,20/05/2011,1638,6,2,1,1,1,3,2,46,9
6831,110231013,430901,430570,2,1,20/05/2011,1630,1,1,1,1,1,3,1,22,9
6832,110231784,431451,435819,2,1,20/05/2011,1900,6,1,1,1,1,2,1,20,9
6833,110232341,429168,430531,2,1,21/05/2011,1835,6,1,1,1,1,3,2,31,9
6834,110232665,441280,445242,1,1,21/05/2011,240,2,1,4,1,1,2,1,41,9
6835,110232860,422013,433940,1,1,22/05/2011,645,3,2,1,1,1,3,1,40,9
6836,110233202,420327,445515,2,2,22/05/2011,1305,6,2,1,2,2,3,2,9,9
6837,110233202,420327,445515,2,2,22/05/2011,1305,6,2,1,2,2,3,1,4,9
6838,110233503,420343,434266,2,2,22/05/2011,1530,3,1,1,4,1,3,1,49,9
6839,110233503,420343,434266,2,2,22/05/2011,1530,3,1,1,4,2,3,2,46,9
6840,110233703,429797,433792,2,1,22/05/2011,1345,6,1,1,4,1,3,2,21,9
6841,110234612,422914,433580,2,1,22/05/2011,1616,6,1,1,1,1,3,2,26,9
6842,110234320,427303,431076,2,1,23/05/2011,826,3,1,1,1,1,2,1,43,1
6843,110234577,435010,425884,4,3,23/05/2011,820,1,1,1,1,1,3,2,36,9
6844,110234577,435010,425884,4,3,23/05/2011,820,1,1,1,1,1,3,2,44,9
6845,110234577,435010,425884,4,3,23/05/2011,820,1,1,1,1,1,3,1,48,9
6846,110235347,434985,436591,2,1,23/05/2011,1655,6,1,1,1,1,3,1,15,1
6847,110236059,428304,434109,2,1,23/05/2011,1815,3,1,1,1,1,3,1,27,1
6848,110239166,428380,436739,2,1,23/05/2011,2205,4,1,7,1,1,3,1,25,1
6849,110236041,432204,444935,2,1,24/05/2011,835,3,1,1,1,1,3,1,37,3
6850,110236604,421875,443009,2,1,24/05/2011,615,6,1,1,1,1,3,2,28,9
6851,110237030,428606,436943,2,1,24/05/2011,1615,4,1,1,1,1,3,1,29,9
6852,110237044,431768,435533,1,1,24/05/2011,1700,3,1,1,1,3,3,1,49,9
6853,110237146,434542,428013,2,1,24/05/2011,1510,3,1,1,1,1,3,1,13,1
6854,110237250,441016,428494,2,1,24/05/2011,1833,6,1,1,1,1,3,1,8,1
6855,110237257,435770,436806,2,1,24/05/2011,1930,3,1,1,1,1,3,2,41,2
6856,110237263,429327,439614,1,1,24/05/2011,210,6,1,4,4,1,3,1,31,9
6857,110237338,433048,436540,3,4,24/05/2011,1949,6,1,1,1,1,2,1,20,9
6858,110237338,433048,436540,3,4,24/05/2011,1949,6,1,1,1,1,3,1,43,19
6859,110237338,433048,436540,3,4,24/05/2011,1949,6,1,1,1,2,3,1,15,19
6860,110237338,433048,436540,3,4,24/05/2011,1949,6,1,1,1,2,3,1,20,9
6861,110237710,429698,433797,2,1,24/05/2011,850,6,1,1,1,1,3,1,23,1
6862,110240783,435008,429011,2,1,24/05/2011,1900,6,1,1,1,1,3,1,16,1
6863,110237820,432160,433603,1,1,25/05/2011,838,3,1,1,1,3,2,1,57,11
6864,110238333,432256,445549,2,2,25/05/2011,1255,3,1,1,1,2,3,2,77,9
6865,110238333,432256,445549,2,2,25/05/2011,1255,3,1,1,1,2,3,2,65,9
6866,110238485,423264,434956,1,1,25/05/2011,1220,6,1,1,1,3,3,1,6,9
6867,110239353,426331,438089,3,1,25/05/2011,2220,3,1,4,1,1,3,1,50,9
6868,110239678,435120,433702,1,1,26/05/2011,845,6,1,1,1,3,2,2,62,19
6869,110240797,430450,437062,1,1,26/05/2011,1615,6,2,1,1,3,3,1,16,9
6870,110240968,426610,427442,1,1,26/05/2011,1950,6,1,1,1,3,3,2,31,9
6871,110241550,431063,430390,2,1,27/05/2011,603,6,1,1,1,1,3,1,53,1
6872,110241666,430355,433722,1,1,27/05/2011,935,6,1,1,1,3,3,1,41,11
6873,110242349,425900,439281,1,1,27/05/2011,1513,6,1,1,1,3,2,2,3,9
6874,110242729,427820,435129,2,2,27/05/2011,1720,6,1,1,1,1,3,1,20,9
6875,110242729,427820,435129,2,2,27/05/2011,1720,6,1,1,1,1,3,2,29,9
6876,110243380,433974,435166,2,1,28/05/2011,740,6,2,1,2,1,3,2,47,9
6877,110243484,435301,431295,2,2,28/05/2011,745,1,2,1,2,1,3,1,21,9
6878,110243484,435301,431295,2,2,28/05/2011,745,1,2,1,2,2,3,1,26,9
6879,110243678,421948,436554,2,2,28/05/2011,1140,3,1,1,1,1,3,2,59,9
6880,110243678,421948,436554,2,2,28/05/2011,1140,3,1,1,1,1,2,1,51,5
6881,110243688,428462,432439,1,1,28/05/2011,935,3,2,1,1,1,3,1,35,19
6882,110243974,430075,433911,2,1,28/05/2011,1730,6,1,1,1,2,3,2,73,11
6883,110245788,419305,442468,1,1,30/05/2011,835,6,1,1,2,3,3,2,76,9
6884,110245866,444895,432123,2,1,30/05/2011,955,2,2,1,2,1,3,1,46,9
6885,110246220,426308,435530,2,2,30/05/2011,1630,3,2,1,1,1,3,1,27,9
6886,110246220,426308,435530,2,2,30/05/2011,1630,3,2,1,1,1,3,1,46,9
6887,110246471,430353,432099,2,1,30/05/2011,2322,6,1,4,1,2,3,1,39,9
6888,110363741,429978,434152,1,1,30/05/2011,220,6,1,4,1,2,3,1,21,8
6889,110247304,430438,433457,1,7,31/05/2011,1315,6,1,1,1,2,3,1,56,11
6890,110247304,430438,433457,1,7,31/05/2011,1315,6,1,1,1,2,3,2,46,11
6891,110247304,430438,433457,1,7,31/05/2011,1315,6,1,1,1,2,3,1,54,11
6892,110247304,430438,433457,1,7,31/05/2011,1315,6,1,1,1,2,3,2,56,11
6893,110247304,430438,433457,1,7,31/05/2011,1315,6,1,1,1,2,3,2,30,11
6894,110247304,430438,433457,1,7,31/05/2011,1315,6,1,1,1,2,3,2,33,11
6895,110247304,430438,433457,1,7,31/05/2011,1315,6,1,1,1,2,3,1,80,11
6896,110248077,430945,435170,1,3,31/05/2011,2025,6,1,1,1,3,2,2,11,9
6897,110248077,430945,435170,1,3,31/05/2011,2025,6,1,1,1,3,2,1,12,9
6898,110248077,430945,435170,1,3,31/05/2011,2025,6,1,1,1,3,1,2,9,9
6899,110248587,428913,435504,2,1,31/05/2011,1810,3,4,1,4,1,3,2,24,1
6900,110255702,430261,433537,1,1,31/05/2011,1437,6,1,1,1,3,2,2,33,1
6901,110248899,430350,425086,3,3,01/06/2011,1048,3,1,1,1,1,3,2,38,9
6902,110248899,430350,425086,3,3,01/06/2011,1048,3,1,1,1,2,3,1,11,9
6903,110248899,430350,425086,3,3,01/06/2011,1048,3,1,1,1,2,3,1,23,9
6904,110249091,430636,432678,2,1,01/06/2011,820,3,1,1,1,2,3,2,15,11
6905,110249397,431302,429114,4,2,01/06/2011,1340,6,1,1,1,1,3,2,43,9
6906,110249397,431302,429114,4,2,01/06/2011,1340,6,1,1,1,1,3,1,61,9
6907,110249784,432139,435845,2,1,01/06/2011,1905,3,1,1,1,2,3,2,20,9
6908,110249823,424065,434463,2,2,01/06/2011,1500,6,1,1,1,1,3,2,62,9
6909,110249823,424065,434463,2,2,01/06/2011,1500,6,1,1,1,2,3,2,17,9
6910,110249830,425846,428416,1,1,01/06/2011,1700,6,1,1,1,3,2,2,64,19
6911,110250617,429255,434610,2,1,01/06/2011,1510,6,1,1,1,1,3,1,21,1
6912,110251359,429163,432178,2,1,01/06/2011,1515,6,1,1,1,1,3,2,32,1
6913,110253107,424269,438225,2,1,01/06/2011,1920,6,1,1,1,1,3,1,14,1
6914,110251448,428147,435835,3,1,02/06/2011,1625,3,1,1,1,1,3,2,35,1
6915,110251631,421726,434373,2,1,02/06/2011,1750,4,1,1,1,3,3,2,18,9
6916,110253437,421632,440839,2,2,02/06/2011,1820,3,1,1,1,1,3,2,62,9
6917,110253437,421632,440839,2,2,02/06/2011,1820,3,1,1,1,2,3,1,6,9
6918,110252227,428861,433345,1,1,03/06/2011,742,3,1,1,1,1,3,1,51,4
6919,110252818,430102,433930,1,1,03/06/2011,1326,6,1,1,1,3,1,2,91,9
6920,110253249,435688,434813,1,1,03/06/2011,1650,6,1,1,1,3,3,1,12,9
6921,110253318,431884,435134,1,1,03/06/2011,1810,6,1,1,1,3,3,2,41,9
6922,110253398,435710,436958,2,2,03/06/2011,1740,3,1,1,1,1,3,2,24,9
6923,110253398,435710,436958,2,2,03/06/2011,1740,3,1,1,1,2,3,1,25,9
6924,110253401,422103,432443,2,1,03/06/2011,1555,6,1,1,1,1,3,2,25,1
6925,110253402,428950,435467,3,1,03/06/2011,2000,6,1,1,1,1,3,1,22,1
6926,110253528,429914,437033,1,1,03/06/2011,2235,3,1,4,1,3,3,2,16,9
6927,110253541,421586,433554,3,2,03/06/2011,2030,6,1,1,1,1,3,1,35,9
6928,110253541,421586,433554,3,2,03/06/2011,2030,6,1,1,1,1,3,1,26,9
6929,110253723,439969,448382,2,1,03/06/2011,2320,3,1,4,1,1,2,1,17,3
6930,110253869,432362,426050,2,1,03/06/2011,1250,1,1,1,1,1,3,2,45,9
6931,110254410,424777,440039,1,1,03/06/2011,1136,6,1,1,1,2,3,1,9,11
6932,110255509,433448,434822,2,1,03/06/2011,1915,6,1,1,1,1,3,1,20,2
6933,110255517,428847,440091,1,1,03/06/2011,1705,6,1,1,1,3,3,2,13,9
6934,110260889,431892,434912,3,1,03/06/2011,2022,6,1,1,1,1,3,1,15,1
6935,110253762,435107,435671,2,1,04/06/2011,111,6,1,4,1,1,3,1,35,3
6936,110253784,430785,433451,2,1,04/06/2011,238,3,1,4,1,1,3,1,31,8
6937,110254228,430724,435818,2,1,04/06/2011,1239,6,1,1,1,1,3,1,9,1
6938,110254605,429030,425875,2,1,04/06/2011,1325,6,1,1,1,1,2,1,45,3
6939,110254766,437967,432895,1,1,04/06/2011,1726,1,1,1,1,1,3,2,21,9
6940,110256036,430976,428869,2,1,04/06/2011,1730,6,1,1,1,1,2,1,31,9
6941,110255655,428448,438607,2,1,05/06/2011,1307,3,1,1,1,1,3,1,81,9
6942,110256026,428402,434036,2,1,05/06/2011,1340,3,1,1,1,1,3,1,42,8
6943,110256030,419482,445046,2,1,05/06/2011,1520,3,1,1,1,1,3,1,34,1
6944,110256197,433015,435778,2,1,05/06/2011,1635,6,1,1,1,1,3,1,13,1
6945,110257015,434430,434380,2,1,06/06/2011,940,3,1,1,1,1,3,1,40,19
6946,110257053,420520,440547,1,1,06/06/2011,1125,6,1,1,1,3,3,1,28,9
6947,110257516,426548,432009,4,1,06/06/2011,1000,6,1,1,1,1,3,1,40,19
6948,110257956,424457,427784,3,4,06/06/2011,1644,1,1,1,1,1,3,1,31,9
6949,110257956,424457,427784,3,4,06/06/2011,1644,1,1,1,1,1,3,1,44,9
6950,110257956,424457,427784,3,4,06/06/2011,1644,1,1,1,1,1,3,1,21,9
6951,110257956,424457,427784,3,4,06/06/2011,1644,1,1,1,1,2,3,2,50,9
6952,110257987,431451,435818,3,1,06/06/2011,1926,6,1,1,1,1,3,1,52,9
6953,110257988,430958,435785,1,1,06/06/2011,1830,6,1,1,1,3,3,2,15,9
6954,110258041,440960,428496,2,1,06/06/2011,1550,6,1,1,1,1,3,2,15,1
6955,110258049,434900,428193,2,1,06/06/2011,1945,3,1,1,1,1,2,1,70,4
6956,110258086,427227,433525,2,2,06/06/2011,2100,6,1,1,1,1,3,1,57,9
6957,110258086,427227,433525,2,2,06/06/2011,2100,6,1,1,1,2,3,2,54,9
6958,110258155,428052,426414,2,3,06/06/2011,2005,1,1,1,1,1,3,1,29,9
6959,110258155,428052,426414,2,3,06/06/2011,2005,1,1,1,1,1,3,2,19,9
6960,110258155,428052,426414,2,3,06/06/2011,2005,1,1,1,1,2,3,2,28,9
6961,110258618,431345,435055,2,1,07/06/2011,640,3,1,1,1,1,3,2,53,9
6962,110258638,429141,435251,3,1,07/06/2011,810,3,1,1,1,1,3,2,62,9
6963,110258837,432741,429212,1,1,07/06/2011,1045,3,1,1,1,1,2,2,36,3
6964,110259379,429407,433914,2,1,07/06/2011,1459,2,1,1,1,1,3,1,47,9
6965,110260601,428759,433287,2,1,08/06/2011,755,6,1,1,1,1,3,1,61,9
6966,110260989,432858,435376,2,1,08/06/2011,1145,6,1,1,1,1,3,2,71,9
6967,110261057,426354,431898,3,2,08/06/2011,840,3,1,1,1,1,3,1,19,9
6968,110261057,426354,431898,3,2,08/06/2011,840,3,1,1,1,1,3,2,46,9
6969,110261393,430646,439628,3,1,08/06/2011,1524,6,1,1,1,1,3,2,52,9
6970,110261416,430084,431197,2,4,08/06/2011,1600,3,1,1,1,2,3,1,41,9
6971,110261416,430084,431197,2,4,08/06/2011,1600,3,1,1,1,2,3,1,23,9
6972,110261416,430084,431197,2,4,08/06/2011,1600,3,1,1,1,2,3,1,32,9
6973,110261416,430084,431197,2,4,08/06/2011,1600,3,1,1,1,2,3,1,42,9
6974,110262997,430383,433600,1,3,09/06/2011,1320,6,1,1,1,2,3,2,45,11
6975,110262997,430383,433600,1,3,09/06/2011,1320,6,1,1,1,2,3,1,37,11
6976,110262997,430383,433600,1,3,09/06/2011,1320,6,1,1,1,2,3,2,69,11
6977,110263184,432319,426199,1,1,09/06/2011,1506,1,1,1,1,1,3,2,68,9
6978,110263477,425286,439516,2,2,09/06/2011,1640,6,1,1,1,1,3,1,25,9
6979,110263477,425286,439516,2,2,09/06/2011,1640,6,1,1,1,1,3,1,59,9
6980,110263575,423390,434213,2,1,09/06/2011,1815,6,1,1,1,1,3,1,35,9
6981,110263614,427774,436911,2,1,09/06/2011,1730,6,1,1,1,2,3,1,29,9
6982,110264759,427679,425173,2,1,09/06/2011,1800,6,1,1,1,1,3,1,33,9
6983,110265353,431882,435318,2,1,10/06/2011,1515,6,1,1,1,1,3,2,51,9
6984,110265355,436075,435571,2,1,10/06/2011,1640,3,1,1,1,1,3,1,38,9
6985,110265640,426830,433089,2,1,10/06/2011,2010,4,1,1,1,2,3,1,8,9
6986,110266515,430876,433472,2,2,11/06/2011,1330,6,1,1,1,1,3,1,33,9
6987,110266515,430876,433472,2,2,11/06/2011,1330,6,1,1,1,2,3,2,26,9
6988,110266806,431321,437420,1,1,11/06/2011,1645,6,1,1,1,3,3,1,12,9
6989,110266830,434931,437873,2,2,11/06/2011,1725,3,1,1,1,1,3,1,57,9
6990,110266830,434931,437873,2,2,11/06/2011,1725,3,1,1,1,1,3,2,46,9
6991,110272856,427291,430320,1,1,11/06/2011,1600,6,1,1,1,3,3,1,13,9
6992,110267621,424993,432894,2,3,12/06/2011,1315,6,1,1,1,1,3,2,64,9
6993,110267621,424993,432894,2,3,12/06/2011,1315,6,1,1,1,1,3,1,66,9
6994,110267621,424993,432894,2,3,12/06/2011,1315,6,1,1,1,2,3,2,91,9
6995,110268128,420434,440374,2,1,12/06/2011,1930,6,2,1,2,1,3,2,20,9
6996,110268191,433130,425651,1,1,12/06/2011,2055,6,2,1,2,1,3,1,29,19
6997,110268365,431735,430394,1,1,12/06/2011,30,6,1,4,1,2,3,2,27,8
6998,110269186,434422,434365,2,2,12/06/2011,1329,3,2,1,2,1,3,1,32,9
6999,110269186,434422,434365,2,2,12/06/2011,1329,3,2,1,2,1,2,1,28,8
7000,110268935,425530,440289,1,1,13/06/2011,1040,6,1,1,1,3,3,1,75,11
7001,110269662,432929,436007,2,1,13/06/2011,1600,3,1,1,1,3,3,1,13,9
7002,110269706,431901,434846,2,3,13/06/2011,1633,6,1,1,1,1,3,2,25,9
7003,110269706,431901,434846,2,3,13/06/2011,1633,6,1,1,1,1,3,1,25,9
7004,110269706,431901,434846,2,3,13/06/2011,1633,6,1,1,1,2,3,1,23,9
7005,110270195,432856,434897,2,5,14/06/2011,43,6,1,4,1,2,3,1,51,9
7006,110270195,432856,434897,2,5,14/06/2011,43,6,1,4,1,2,3,2,31,9
7007,110270195,432856,434897,2,5,14/06/2011,43,6,1,4,1,2,3,2,48,9
7008,110270195,432856,434897,2,5,14/06/2011,43,6,1,4,1,1,3,1,33,9
7009,110270195,432856,434897,2,5,14/06/2011,43,6,1,4,1,2,3,2,19,9
7010,110271113,434744,433489,2,3,14/06/2011,1305,6,1,1,1,1,3,2,48,9
7011,110271113,434744,433489,2,3,14/06/2011,1305,6,1,1,1,1,2,1,20,9
7012,110271113,434744,433489,2,3,14/06/2011,1305,6,1,1,1,2,3,2,20,9
7013,110271573,441105,432535,2,3,14/06/2011,1727,6,1,1,1,1,3,1,71,9
7014,110271573,441105,432535,2,3,14/06/2011,1727,6,1,1,1,1,3,1,22,9
7015,110271573,441105,432535,2,3,14/06/2011,1727,6,1,1,1,2,3,2,68,9
7016,110271627,428528,434274,2,1,14/06/2011,1830,6,1,1,1,1,2,1,35,1
7017,110272020,424125,444003,3,1,14/06/2011,2228,3,1,4,1,1,3,1,51,9
7018,110273742,428799,430908,3,3,15/06/2011,2010,6,1,1,1,1,2,1,23,9
7019,110273742,428799,430908,3,3,15/06/2011,2010,6,1,1,1,1,3,1,36,9
7020,110273742,428799,430908,3,3,15/06/2011,2010,6,1,1,1,2,1,1,32,9
7021,110276825,425073,445024,2,1,15/06/2011,1735,3,2,1,2,1,3,1,49,9
7022,110279763,432325,435789,2,1,15/06/2011,1453,3,1,1,1,1,3,1,22,9
7023,110282329,428705,433122,2,1,15/06/2011,1145,3,1,1,1,1,3,2,46,9
7024,110274021,430383,434017,3,2,16/06/2011,650,2,1,1,1,1,3,1,65,9
7025,110274021,430383,434017,3,2,16/06/2011,650,2,1,1,1,1,3,1,50,9
7026,110274357,443322,435480,2,1,16/06/2011,720,4,1,1,1,1,2,2,39,9
7027,110274399,432936,440129,2,2,16/06/2011,950,6,1,1,1,1,3,2,21,9
7028,110274399,432936,440129,2,2,16/06/2011,950,6,1,1,1,1,3,2,24,1
7029,110275166,424186,438890,2,1,16/06/2011,1520,6,1,1,1,1,3,1,25,1
7030,110275230,436525,434010,2,2,16/06/2011,1545,3,1,1,1,1,3,2,47,9
7031,110275230,436525,434010,2,2,16/06/2011,1545,3,1,1,1,2,3,2,57,9
7032,110275447,433909,436532,2,4,16/06/2011,1900,3,2,1,1,1,3,1,32,9
7033,110275447,433909,436532,2,4,16/06/2011,1900,3,2,1,1,1,3,2,44,9
7034,110275447,433909,436532,2,4,16/06/2011,1900,3,2,1,1,2,3,1,53,9
7035,110275447,433909,436532,2,4,16/06/2011,1900,3,2,1,1,2,3,2,55,9
7036,110275460,427407,435127,2,1,16/06/2011,615,6,1,1,1,1,3,1,15,1
7037,110275596,429656,431617,1,1,16/06/2011,1710,6,1,1,1,3,3,1,20,9
7038,110276069,429040,434548,2,1,16/06/2011,755,6,1,1,1,1,3,1,50,1
7039,110277637,422510,434008,3,2,16/06/2011,2055,3,1,1,1,1,3,1,38,9
7040,110277637,422510,434008,3,2,16/06/2011,2055,3,1,1,1,1,3,2,27,9
7041,110277751,436944,434788,2,1,16/06/2011,2000,6,2,1,2,1,3,1,64,9
7042,110278086,429662,433375,1,1,16/06/2011,1800,6,1,1,1,3,3,1,43,9
7043,110276425,427893,436194,3,1,17/06/2011,1104,3,1,1,1,1,3,1,49,19
7044,110276585,430758,436692,2,1,17/06/2011,1055,6,1,1,1,1,3,1,32,1
7045,110277014,425619,433085,2,1,17/06/2011,1540,4,1,1,1,2,3,2,17,9
7046,110277141,429016,432306,1,1,17/06/2011,900,6,1,1,1,2,3,2,60,11
7047,110277158,429160,431645,2,2,17/06/2011,1457,6,1,1,1,1,3,1,68,9
7048,110277158,429160,431645,2,2,17/06/2011,1457,6,1,1,1,1,2,1,39,4
7049,110277654,415290,442960,1,1,17/06/2011,2054,6,2,1,1,1,3,1,38,19
7050,110277657,431720,434559,1,1,17/06/2011,1600,6,1,1,1,3,3,2,67,9
7051,110278076,435021,436082,2,1,17/06/2011,1923,6,1,1,1,1,3,1,37,9
7052,110278420,432798,435789,3,2,18/06/2011,1525,6,1,1,1,1,3,2,36,9
7053,110278420,432798,435789,3,2,18/06/2011,1525,6,1,1,1,1,3,1,24,8
7054,110278481,431587,435908,2,1,18/06/2011,1358,6,1,1,1,1,3,1,41,9
7055,110278625,429773,438901,1,1,18/06/2011,1825,6,1,1,1,1,2,1,40,1
7056,110278749,421690,432023,1,1,18/06/2011,1930,6,1,1,1,3,3,1,5,9
7057,110278869,431349,435056,2,1,18/06/2011,2212,3,2,4,2,1,3,2,30,9
7058,110278912,432458,438756,1,1,18/06/2011,2255,6,1,7,1,3,3,1,16,9
7059,110279172,432155,430008,1,1,19/06/2011,44,1,2,4,2,1,3,1,30,9
7060,110279745,428908,435507,2,2,19/06/2011,1358,3,1,1,1,1,3,2,27,9
7061,110279745,428908,435507,2,2,19/06/2011,1358,3,1,1,1,2,3,1,7,9
7062,110279746,435044,434680,2,3,19/06/2011,900,3,1,1,1,1,3,1,62,9
7063,110279746,435044,434680,2,3,19/06/2011,900,3,1,1,1,1,3,2,56,9
7064,110279746,435044,434680,2,3,19/06/2011,900,3,1,1,1,2,3,2,54,9
7065,110279925,422170,441823,2,1,19/06/2011,1635,6,1,1,1,1,3,1,59,5
7066,110280221,429136,439784,1,1,19/06/2011,2235,6,1,4,1,3,3,1,27,9
7067,110281110,440965,439817,2,1,20/06/2011,630,3,1,1,1,1,2,2,40,9
7068,110281145,420648,441124,2,2,20/06/2011,825,6,1,1,1,2,3,2,12,9
7069,110281145,420648,441124,2,2,20/06/2011,825,6,1,1,1,2,3,2,10,9
7070,110281809,428821,433310,2,1,20/06/2011,1655,3,1,1,1,1,3,2,21,9
7071,110284888,435786,425976,2,1,20/06/2011,1000,1,2,1,1,1,3,1,25,9
7072,110294544,420205,445547,2,1,20/06/2011,730,3,1,1,1,1,3,1,21,9
7073,110282363,426797,433077,2,1,21/06/2011,1256,4,1,1,1,1,3,1,61,5
7074,110282401,429953,430860,2,1,21/06/2011,850,3,1,1,1,1,3,2,43,9
7075,110282411,443318,438975,2,2,21/06/2011,759,2,1,1,1,1,3,1,38,9
7076,110282411,443318,438975,2,2,21/06/2011,759,2,1,1,1,1,3,2,26,9
7077,110283037,429188,431915,2,2,21/06/2011,1345,6,1,1,1,1,3,2,20,9
7078,110283037,429188,431915,2,2,21/06/2011,1345,6,1,1,1,2,3,2,90,9
7079,110283426,431895,435714,1,1,21/06/2011,1545,3,1,1,1,3,2,1,7,19
7080,110283865,436471,441867,1,2,21/06/2011,1320,6,1,1,1,1,3,2,26,9
7081,110283865,436471,441867,1,2,21/06/2011,1320,6,1,1,1,2,3,2,27,9
7082,110284089,434001,427704,3,1,21/06/2011,900,3,1,1,1,1,3,2,36,9
7083,110284565,433045,436546,2,1,21/06/2011,1503,6,2,1,2,2,3,2,13,9
7084,110284788,428062,431459,3,2,22/06/2011,1329,1,1,1,1,1,3,2,54,9
7085,110284788,428062,431459,3,2,22/06/2011,1329,1,1,1,1,1,3,1,45,9
7086,110285129,430132,432804,2,2,22/06/2011,1725,3,1,1,1,1,3,2,43,9