Col.Number,Reference.Number,Easting,Northing,Number.of.Vehicles,Number.of.Casualties,Accident.Date,Time..24hr.,X1st.Road.Class,Road.Surface,Lighting.Conditions,Weather.Conditions,Casualty.Class,Casualty.Severity,Sex.of.Casualty,Age.of.Casualty,Type.of.Vehicle
7087,110285129,430132,432804,2,2,22/06/2011,1725,3,1,1,1,1,3,1,31,20
7088,110286088,437505,433074,2,1,22/06/2011,2100,6,1,1,1,1,3,1,54,9
7089,110287069,434974,436383,1,1,22/06/2011,1530,6,1,1,1,3,3,1,11,9
7090,110286998,432564,438697,2,1,23/06/2011,1900,6,1,1,1,1,3,1,41,3
7091,110287038,435966,426842,2,2,23/06/2011,1740,3,1,1,1,1,3,2,40,9
7092,110287038,435966,426842,2,2,23/06/2011,1740,3,1,1,1,1,3,1,39,9
7093,110287079,433896,436546,2,1,23/06/2011,1620,3,2,1,2,1,3,1,43,1
7094,110287130,431088,433356,2,1,23/06/2011,1705,6,1,1,1,3,3,1,61,9
7095,110287520,432701,438226,1,1,24/06/2011,600,6,1,1,1,1,3,1,27,9
7096,110287631,425978,437509,2,1,24/06/2011,825,6,1,1,1,1,3,1,15,1
7097,110287710,429148,431993,2,1,24/06/2011,752,6,1,1,1,1,3,1,33,9
7098,110287803,428307,429564,1,1,24/06/2011,610,3,1,1,1,1,2,1,26,3
7099,110287891,427939,430380,1,1,24/06/2011,1113,3,1,1,1,3,2,1,39,9
7100,110287956,423699,437375,2,1,24/06/2011,1010,3,1,1,1,1,3,1,50,9
7101,110288197,430685,434520,1,1,24/06/2011,1105,6,1,1,1,3,3,1,33,11
7102,110288562,429408,433921,2,1,24/06/2011,1355,2,1,1,1,1,3,1,32,9
7103,110288728,428091,434520,2,1,24/06/2011,1735,6,1,1,1,1,3,1,23,9
7104,110288916,429832,435726,2,2,24/06/2011,1848,6,1,1,1,1,3,1,40,9
7105,110288916,429832,435726,2,2,24/06/2011,1848,6,1,1,1,2,3,2,35,9
7106,110289184,425172,434326,1,4,24/06/2011,2335,3,2,4,2,1,3,1,24,9
7107,110289184,425172,434326,1,4,24/06/2011,2335,3,2,4,2,2,1,1,23,9
7108,110289184,425172,434326,1,4,24/06/2011,2335,3,2,4,2,2,3,1,28,9
7109,110289184,425172,434326,1,4,24/06/2011,2335,3,2,4,2,2,3,1,26,9
7110,110289265,432375,435798,3,1,24/06/2011,2240,3,2,4,2,1,3,1,20,9
7111,110289717,432617,434832,1,1,25/06/2011,1423,6,1,1,1,3,3,1,7,9
7112,110289726,430659,434697,2,1,25/06/2011,1015,3,1,1,1,1,2,1,48,5
7113,110290155,430042,434046,2,1,25/06/2011,1735,6,1,1,1,1,3,1,35,9
7114,110290451,430599,434561,2,1,25/06/2011,2138,3,1,1,1,1,3,2,35,9
7115,110294999,424301,445369,2,2,25/06/2011,1215,3,1,1,1,1,3,1,26,19
7116,110294999,424301,445369,2,2,25/06/2011,1215,3,1,1,1,2,3,1,29,19
7117,110291488,432539,434257,2,1,26/06/2011,1824,6,1,1,1,1,2,1,52,1
7118,110291852,432022,435189,1,1,26/06/2011,2030,6,1,1,1,3,2,2,4,9
7119,110292217,427798,434674,2,1,27/06/2011,805,6,1,1,1,1,3,1,22,1
7120,110292467,428271,434133,3,1,27/06/2011,800,3,1,1,1,1,3,2,27,9
7121,110292691,428434,435000,2,2,27/06/2011,1225,6,1,1,1,1,3,2,25,9
7122,110292691,428434,435000,2,2,27/06/2011,1225,6,1,1,1,1,3,2,47,9
7123,110293177,436833,433719,2,1,27/06/2011,1414,3,1,1,1,2,3,2,59,8
7124,110293411,430637,433447,1,1,27/06/2011,1647,6,1,1,1,3,3,1,26,9
7125,110293435,431894,434908,2,2,27/06/2011,1650,6,1,1,1,1,3,1,20,9
7126,110293435,431894,434908,2,2,27/06/2011,1650,6,1,1,1,2,3,1,19,9
7127,110293454,423991,427979,1,2,27/06/2011,1440,1,1,1,1,1,2,1,23,9
7128,110293454,423991,427979,1,2,27/06/2011,1440,1,1,1,1,2,2,2,24,9
7129,110294836,428812,432589,4,1,27/06/2011,1750,3,1,1,1,1,3,1,40,9
7130,110295515,425564,434134,2,2,27/06/2011,2140,6,1,4,1,1,2,1,18,9
7131,110295515,425564,434134,2,2,27/06/2011,2140,6,1,4,1,3,3,2,44,9
7132,110296843,418139,442488,2,2,27/06/2011,1520,3,1,1,1,1,3,2,50,9
7133,110296843,418139,442488,2,2,27/06/2011,1520,3,1,1,1,2,3,1,12,9
7134,110293941,428422,440959,2,1,28/06/2011,706,6,1,1,1,1,3,1,57,1
7135,110293993,429149,431789,2,1,28/06/2011,735,6,1,1,1,1,2,2,17,3
7136,110294083,432308,426893,1,1,28/06/2011,827,1,1,1,1,1,3,2,33,9
7137,110294470,426099,438132,1,2,28/06/2011,855,3,1,1,1,3,2,2,5,9
7138,110294470,426099,438132,1,2,28/06/2011,855,3,1,1,1,1,3,2,27,9
7139,110294521,427570,436875,3,1,28/06/2011,800,3,1,1,1,1,3,1,31,1
7140,110294545,430170,434369,3,1,28/06/2011,905,2,1,1,1,1,3,2,40,9
7141,110294602,425976,428174,2,1,28/06/2011,615,3,1,1,1,1,3,1,32,9
7142,110294623,430631,433453,2,1,28/06/2011,840,6,1,1,1,3,3,1,17,9
7143,110295303,428554,427739,2,1,28/06/2011,1230,3,1,1,1,1,3,1,24,9
7144,110295764,433476,436396,1,2,29/06/2011,810,6,1,1,1,2,3,1,2,9
7145,110295764,433476,436396,1,2,29/06/2011,810,6,1,1,1,2,3,1,10,9
7146,110298179,427483,432590,2,1,29/06/2011,715,6,1,1,1,1,3,1,35,1
7147,110297826,431606,434024,2,1,30/06/2011,835,6,1,1,1,1,3,2,25,1
7148,110298208,430000,434153,1,1,30/06/2011,1145,3,1,1,1,3,3,2,46,9
7149,110298528,422338,433441,1,1,30/06/2011,1530,4,1,1,1,3,3,2,43,19
7150,110298676,427642,436694,2,2,30/06/2011,1720,3,1,1,1,1,3,2,22,9
7151,110298676,427642,436694,2,2,30/06/2011,1720,3,1,1,1,1,3,2,49,9
7152,110298756,428014,434339,2,1,30/06/2011,1640,3,1,1,1,1,3,2,40,9
7153,110299736,431620,426336,2,2,30/06/2011,1325,6,1,1,1,1,3,1,70,9
7154,110299736,431620,426336,2,2,30/06/2011,1325,6,1,1,1,1,3,2,41,9
7155,110300993,431790,435567,2,1,30/06/2011,1410,3,1,1,1,2,3,2,34,9
7156,110308518,429770,430608,1,1,30/06/2011,1900,3,1,1,1,3,3,1,52,19
7157,110299828,429946,433098,2,1,01/07/2011,920,6,1,1,1,1,2,1,40,5
7158,110299885,436082,436864,2,3,01/07/2011,1038,6,1,1,1,1,3,2,52,9
7159,110299885,436082,436864,2,3,01/07/2011,1038,6,1,1,1,1,3,1,60,9
7160,110299885,436082,436864,2,3,01/07/2011,1038,6,1,1,1,2,3,2,60,9
7161,110300290,429104,433566,2,1,01/07/2011,1445,3,1,1,1,1,3,1,26,9
7162,110300303,426346,427821,1,1,01/07/2011,1522,6,1,1,1,3,3,2,82,11
7163,110300458,425906,434505,2,1,01/07/2011,1350,6,1,1,1,1,3,1,38,9
7164,110300740,430894,430305,1,1,01/07/2011,2300,6,1,4,1,1,3,1,35,9
7165,110301301,428062,435959,3,1,01/07/2011,1950,3,1,1,1,1,3,1,29,1
7166,110301316,441849,430170,2,1,01/07/2011,1915,6,1,1,1,1,3,1,78,90
7167,110301416,423546,437852,1,1,02/07/2011,1310,6,1,1,1,3,3,2,12,9
7168,110301720,431697,427879,2,1,02/07/2011,1605,6,1,1,1,1,1,1,86,90
7169,110302384,418153,444545,2,1,02/07/2011,1225,3,1,1,1,1,3,1,42,5
7170,110302674,419977,446516,2,1,02/07/2011,1840,6,1,1,1,1,3,1,18,3
7171,110309747,419623,446209,2,1,02/07/2011,1400,6,1,1,1,1,2,2,32,1
7172,110303488,428397,436795,2,2,04/07/2011,130,4,1,4,1,1,3,1,35,9
7173,110303488,428397,436795,2,2,04/07/2011,130,4,1,4,1,2,3,2,24,9
7174,110304228,430072,433924,1,1,04/07/2011,1105,6,1,1,1,2,3,2,76,11
7175,110304337,429414,433467,2,1,04/07/2011,845,6,1,1,1,1,3,1,28,1
7176,110304600,428087,426550,2,1,04/07/2011,1440,3,1,1,1,1,3,1,29,9
7177,110306709,430638,434675,2,1,05/07/2011,1414,3,1,1,1,1,2,1,38,9
7178,110306735,432513,427315,2,1,05/07/2011,1445,3,1,1,1,1,3,1,12,1
7179,110306795,431884,435122,2,2,05/07/2011,1805,6,1,1,1,2,3,2,25,9
7180,110306795,431884,435122,2,2,05/07/2011,1805,6,1,1,1,2,3,1,28,9
7181,110306825,425183,432525,2,1,05/07/2011,1720,6,1,1,1,1,3,1,57,90
7182,110308505,442311,434294,2,3,05/07/2011,1832,3,1,1,1,1,3,1,31,19
7183,110308505,442311,434294,2,3,05/07/2011,1832,3,1,1,1,2,3,1,34,19
7184,110308505,442311,434294,2,3,05/07/2011,1832,3,1,1,1,1,2,1,60,9
7185,110308621,434846,438067,2,1,05/07/2011,900,3,1,1,1,1,3,2,18,9
7186,110308151,430076,433881,1,1,06/07/2011,1250,6,1,1,1,2,3,2,80,11
7187,110308516,427657,436653,2,1,06/07/2011,1705,3,1,1,1,1,3,1,46,1
7188,110312536,430046,438633,2,2,06/07/2011,1830,4,1,1,1,1,3,1,60,9
7189,110312536,430046,438633,2,2,06/07/2011,1830,4,1,1,1,2,3,2,40,9
7190,110309867,430064,433424,1,1,07/07/2011,945,6,1,1,1,3,3,2,25,21
7191,110310834,432688,434191,2,1,07/07/2011,1425,6,1,1,1,1,3,2,35,9
7192,110311186,430760,424531,1,1,07/07/2011,2220,3,1,4,1,1,2,1,40,9
7193,110311908,434931,437656,3,3,07/07/2011,1140,6,1,1,1,1,3,2,33,11
7194,110311908,434931,437656,3,3,07/07/2011,1140,6,1,1,1,2,3,2,27,11
7195,110311908,434931,437656,3,3,07/07/2011,1140,6,1,1,1,2,3,1,45,9
7196,110312461,433163,433721,2,1,07/07/2011,1325,6,1,1,1,1,3,1,37,17
7197,110311108,421571,434400,4,2,08/07/2011,125,4,1,4,1,1,3,1,25,9
7198,110311108,421571,434400,4,2,08/07/2011,125,4,1,4,1,1,3,1,64,9
7199,110311649,429389,434939,2,1,08/07/2011,1020,3,1,1,1,1,3,2,35,19
7200,110311885,430710,439183,2,1,08/07/2011,1130,3,1,1,1,1,3,1,80,9
7201,110312379,432273,426156,4,5,08/07/2011,1545,1,2,1,2,1,3,2,22,9
7202,110312379,432273,426156,4,5,08/07/2011,1545,1,2,1,2,1,3,2,31,9
7203,110312379,432273,426156,4,5,08/07/2011,1545,1,2,1,2,1,3,1,22,9
7204,110312379,432273,426156,4,5,08/07/2011,1545,1,2,1,2,2,3,1,21,9
7205,110312379,432273,426156,4,5,08/07/2011,1545,1,2,1,2,2,3,2,43,9
7206,110312616,431794,428914,2,1,08/07/2011,1915,6,1,1,1,1,3,2,39,9
7207,110312656,441160,433151,2,1,08/07/2011,1730,6,1,1,1,1,3,1,37,9
7208,110313186,426541,428984,2,1,08/07/2011,1300,6,1,1,1,1,2,1,38,1
7209,110313380,430105,431747,2,1,08/07/2011,1420,3,2,1,1,1,3,1,32,1
7210,110313002,433353,429648,1,3,09/07/2011,320,1,1,4,1,1,3,1,29,9
7211,110313002,433353,429648,1,3,09/07/2011,320,1,1,4,1,2,3,1,29,9
7212,110313002,433353,429648,1,3,09/07/2011,320,1,1,4,1,2,2,2,22,9
7213,110313906,429289,426764,2,1,09/07/2011,1702,3,1,1,1,1,3,2,43,9
7214,110313968,427220,433518,2,1,09/07/2011,1740,6,1,1,1,2,3,1,68,9
7215,110314645,429639,434300,3,1,09/07/2011,2019,2,1,1,1,2,2,2,62,9
7216,110324552,431151,429951,1,1,10/07/2011,230,6,1,4,1,2,3,2,28,8
7217,110315934,429660,434599,2,1,11/07/2011,855,3,1,1,1,1,3,2,25,1
7218,110316131,426985,433110,1,2,11/07/2011,1048,4,1,1,1,3,3,1,54,1
7219,110316131,426985,433110,1,2,11/07/2011,1048,4,1,1,1,1,3,2,26,1
7220,110316759,430703,433602,3,1,11/07/2011,1345,3,1,1,1,1,3,2,56,9
7221,110317250,429867,437866,2,1,11/07/2011,1900,6,1,1,1,1,3,2,24,9
7222,110317423,420767,434473,2,1,11/07/2011,2050,6,1,1,1,1,2,1,9,1
7223,110318530,441060,432037,2,1,11/07/2011,720,3,1,1,2,1,3,1,39,1
7224,110318271,418928,445362,2,3,12/07/2011,1128,3,1,1,1,1,3,1,70,9
7225,110318271,418928,445362,2,3,12/07/2011,1128,3,1,1,1,1,3,1,88,9
7226,110318271,418928,445362,2,3,12/07/2011,1128,3,1,1,1,2,3,2,79,9
7227,110318562,435429,439799,2,2,12/07/2011,1300,3,1,1,1,1,3,2,81,9
7228,110318562,435429,439799,2,2,12/07/2011,1300,3,1,1,1,1,3,1,53,9
7229,110318816,430334,433346,1,1,12/07/2011,1600,6,1,1,1,2,3,2,50,11
7230,110318882,431043,431371,2,1,12/07/2011,1450,6,1,1,1,2,3,1,14,11
7231,110318972,431507,435131,2,1,12/07/2011,1210,3,1,1,1,1,2,1,42,5
7232,110342240,424648,427604,2,1,12/07/2011,1420,1,1,1,1,1,3,2,53,9
7233,110320671,431692,434521,1,1,13/07/2011,1345,6,1,1,1,2,3,2,51,11
7234,110320841,434167,433885,2,1,13/07/2011,1735,6,1,1,1,1,3,1,29,1
7235,110321115,428267,434137,1,1,13/07/2011,2100,3,1,4,1,2,3,1,42,90
7236,110322570,419931,437067,1,1,13/07/2011,1800,3,1,1,1,3,3,2,40,9
7237,110329264,443009,431620,2,1,13/07/2011,2030,3,1,1,1,1,3,2,17,2
7238,110321897,430983,429783,2,1,14/07/2011,1030,6,1,1,1,2,3,1,80,11
7239,110322183,425364,432751,3,5,14/07/2011,845,6,1,1,1,1,2,2,31,9
7240,110322183,425364,432751,3,5,14/07/2011,845,6,1,1,1,1,3,2,37,9
7241,110322183,425364,432751,3,5,14/07/2011,845,6,1,1,1,2,3,1,6,9
7242,110322183,425364,432751,3,5,14/07/2011,845,6,1,1,1,2,2,2,4,9
7243,110322183,425364,432751,3,5,14/07/2011,845,6,1,1,1,2,3,1,9,9
7244,110322900,430572,434528,2,1,14/07/2011,1845,3,1,1,1,1,2,1,21,1
7245,110323040,421746,444163,4,2,14/07/2011,1750,6,1,1,1,1,2,1,50,3
7246,110323040,421746,444163,4,2,14/07/2011,1750,6,1,1,1,1,2,1,38,3
7247,110323149,428752,432719,2,1,14/07/2011,2120,3,1,1,1,1,3,2,50,9
7248,110324152,430148,431061,1,1,14/07/2011,1300,6,1,1,1,3,3,2,25,9
7249,110324065,431417,433629,2,2,15/07/2011,1240,3,1,1,1,1,3,2,19,9
7250,110324065,431417,433629,2,2,15/07/2011,1240,3,1,1,1,2,3,2,18,9
7251,110324726,427607,434511,2,1,15/07/2011,1325,3,1,1,1,1,3,2,29,9
7252,110325466,426291,435584,2,1,15/07/2011,2010,3,2,1,1,1,3,2,56,9
7253,110325214,430797,433846,2,6,16/07/2011,320,3,1,4,1,1,3,1,31,8
7254,110325214,430797,433846,2,6,16/07/2011,320,3,1,4,1,2,3,1,35,8
7255,110325214,430797,433846,2,6,16/07/2011,320,3,1,4,1,2,3,2,25,8
7256,110325214,430797,433846,2,6,16/07/2011,320,3,1,4,1,2,2,2,27,8
7257,110325214,430797,433846,2,6,16/07/2011,320,3,1,4,1,2,3,1,25,8
7258,110325214,430797,433846,2,6,16/07/2011,320,3,1,4,1,2,3,1,40,8
7259,110325541,427819,435083,2,1,16/07/2011,925,6,2,1,2,1,3,1,40,9
7260,110326068,427073,435640,1,1,16/07/2011,1655,6,1,1,1,2,3,2,5,11
7261,110326071,428576,427974,3,1,16/07/2011,1405,3,2,1,2,1,3,2,45,9
7262,110326236,427483,432589,2,2,16/07/2011,1830,6,1,1,1,1,3,1,37,9
7263,110326236,427483,432589,2,2,16/07/2011,1830,6,1,1,1,1,3,1,21,19
7264,110327031,432656,438104,1,1,17/07/2011,1130,6,2,1,2,3,3,2,81,9
7265,110330289,428915,433417,5,3,17/07/2011,1300,2,2,1,8,1,3,2,47,9
7266,110330289,428915,433417,5,3,17/07/2011,1300,2,2,1,8,1,3,2,46,9
7267,110330289,428915,433417,5,3,17/07/2011,1300,2,2,1,8,2,3,2,17,9
7268,110328088,423035,438090,1,1,18/07/2011,830,6,2,1,2,3,3,2,14,9
7269,110328172,432058,435962,2,1,18/07/2011,905,6,2,1,2,1,3,1,36,1
7270,110328553,442230,434699,1,2,18/07/2011,1245,4,1,1,1,1,3,2,33,9
7271,110328553,442230,434699,1,2,18/07/2011,1245,4,1,1,1,2,3,2,1,9
7272,110328649,431482,435008,2,1,18/07/2011,910,6,2,1,2,1,3,1,33,9
7273,110329187,440664,447583,1,3,18/07/2011,1515,2,1,1,1,2,3,2,61,9
7274,110329187,440664,447583,1,3,18/07/2011,1515,2,1,1,1,2,3,2,22,9
7275,110329187,440664,447583,1,3,18/07/2011,1515,2,1,1,1,2,3,2,6,9
7276,110330438,437316,431153,2,1,18/07/2011,654,1,1,1,1,1,3,2,40,9
7277,110328607,429305,433479,1,1,19/07/2011,949,6,1,1,1,3,3,2,45,9
7278,110329679,428540,434269,4,1,19/07/2011,123,6,1,4,1,1,3,1,19,9
7279,110329921,430230,432030,2,3,19/07/2011,845,3,1,1,1,2,3,1,25,9
7280,110329921,430230,432030,2,3,19/07/2011,845,3,1,1,1,2,3,2,47,9
7281,110329921,430230,432030,2,3,19/07/2011,845,3,1,1,1,2,3,2,17,9
7282,110330561,431508,429658,1,1,19/07/2011,5,6,1,7,1,3,3,2,47,9
7283,110331002,433406,437242,1,3,19/07/2011,1435,6,1,1,1,1,3,1,17,9
7284,110331002,433406,437242,1,3,19/07/2011,1435,6,1,1,1,2,3,1,17,9
7285,110331002,433406,437242,1,3,19/07/2011,1435,6,1,1,1,2,3,1,17,9
7286,110331461,443108,440517,1,1,19/07/2011,2209,2,1,1,1,1,3,1,31,9
7287,110331625,426145,435591,2,1,19/07/2011,840,4,1,1,1,1,3,1,24,1
7288,110331753,431432,435098,1,1,19/07/2011,1705,3,1,1,1,3,3,1,45,9
7289,110331404,429837,431468,2,1,20/07/2011,15,6,1,4,1,1,3,1,17,1
7290,110332293,426410,436408,2,1,20/07/2011,1000,6,1,1,1,2,2,2,91,9
7291,110332803,438528,430233,2,2,20/07/2011,1645,6,2,1,2,1,3,1,23,9
7292,110332803,438528,430233,2,2,20/07/2011,1645,6,2,1,2,2,3,1,19,9
7293,110332896,430118,431825,3,2,20/07/2011,1800,3,2,1,1,1,3,1,43,19
7294,110332896,430118,431825,3,2,20/07/2011,1800,3,2,1,1,1,3,2,24,9
7295,110333124,429974,445291,2,3,20/07/2011,1925,3,2,1,2,1,1,2,59,9
7296,110333124,429974,445291,2,3,20/07/2011,1925,3,2,1,2,2,1,2,84,9
7297,110333124,429974,445291,2,3,20/07/2011,1925,3,2,1,2,2,1,2,82,9
7298,110333507,436756,433640,2,2,20/07/2011,1818,6,1,1,1,1,3,2,33,9
7299,110333507,436756,433640,2,2,20/07/2011,1818,6,1,1,1,1,3,2,38,9
7300,110333804,440379,433549,2,1,20/07/2011,925,3,1,1,1,1,2,1,19,3
7301,110334062,430053,434023,2,1,20/07/2011,1905,6,2,1,1,1,3,1,28,1
7302,110334074,430556,435102,2,1,20/07/2011,1750,3,1,1,1,1,3,1,34,8
7303,110334061,428969,435474,1,1,21/07/2011,1120,6,1,1,1,3,3,1,18,20
7304,110334148,424154,428158,2,3,21/07/2011,1205,3,1,1,1,1,3,1,52,9
7305,110334148,424154,428158,2,3,21/07/2011,1205,3,1,1,1,1,3,2,49,9
7306,110334148,424154,428158,2,3,21/07/2011,1205,3,1,1,1,2,3,2,45,9
7307,110334173,435777,436788,3,2,21/07/2011,1150,3,1,1,1,1,3,2,43,9
7308,110334173,435777,436788,3,2,21/07/2011,1150,3,1,1,1,1,3,2,55,9
7309,110334338,427556,431984,1,1,21/07/2011,1010,3,1,1,1,1,3,1,20,19
7310,110334595,429996,438582,2,1,21/07/2011,1440,4,1,1,1,2,3,1,27,11
7311,110334815,431648,438836,2,1,21/07/2011,1005,6,1,1,1,1,3,1,14,1
7312,110335529,429572,434813,2,1,22/07/2011,855,3,1,1,1,1,3,1,23,1
7313,110335864,428405,429303,2,1,22/07/2011,630,3,1,1,1,1,3,1,51,5
7314,110336484,430360,433445,1,1,22/07/2011,1440,6,1,1,1,2,3,2,4,11
7315,110336709,429416,426404,3,3,22/07/2011,1730,1,2,1,2,1,3,2,49,9
7316,110336709,429416,426404,3,3,22/07/2011,1730,1,2,1,2,2,3,1,17,9
7317,110336709,429416,426404,3,3,22/07/2011,1730,1,2,1,2,2,3,2,11,9
7318,110337566,438305,430356,1,1,22/07/2011,1605,6,1,1,1,3,3,1,5,9
7319,110342760,441754,430216,1,1,22/07/2011,1745,4,1,1,1,3,3,1,66,9
7320,110338115,419823,441207,3,3,23/07/2011,1700,3,1,1,1,1,3,1,47,9
7321,110338115,419823,441207,3,3,23/07/2011,1700,3,1,1,1,2,3,2,9,9
7322,110338115,419823,441207,3,3,23/07/2011,1700,3,1,1,1,1,3,1,36,9
7323,110338268,425239,428230,1,1,23/07/2011,2055,1,1,1,1,1,3,1,28,9
7324,110338726,426864,438043,2,1,23/07/2011,1730,3,1,1,1,1,3,1,45,9
7325,110338855,442242,429929,2,1,23/07/2011,1350,4,1,1,1,1,3,1,28,9
7326,110342879,429783,433660,1,1,23/07/2011,2215,6,1,4,1,3,3,1,24,8
7327,110339587,430013,438607,2,1,24/07/2011,1820,4,1,1,1,2,3,2,52,9
7328,110341346,440246,448432,2,1,25/07/2011,1810,6,1,1,1,1,3,1,25,9
7329,110341361,427418,437080,3,1,25/07/2011,1810,3,1,1,1,1,3,1,44,9
7330,110341370,438733,440967,2,2,25/07/2011,1520,6,1,1,1,1,3,1,45,19
7331,110341370,438733,440967,2,2,25/07/2011,1520,6,1,1,1,2,3,1,55,19
7332,110341376,427444,436154,2,2,25/07/2011,1740,6,1,1,1,1,3,1,20,9
7333,110341376,427444,436154,2,2,25/07/2011,1740,6,1,1,1,1,3,1,45,9
7334,110341388,430188,434362,5,5,25/07/2011,1740,2,1,1,1,1,3,2,55,9
7335,110341388,430188,434362,5,5,25/07/2011,1740,2,1,1,1,1,3,1,42,9
7336,110341388,430188,434362,5,5,25/07/2011,1740,2,1,1,1,1,3,2,27,9
7337,110341388,430188,434362,5,5,25/07/2011,1740,2,1,1,1,1,3,1,61,9
7338,110341388,430188,434362,5,5,25/07/2011,1740,2,1,1,1,1,3,1,28,9
7339,110341728,431956,430504,2,3,25/07/2011,2315,3,1,4,1,1,3,2,27,9
7340,110341728,431956,430504,2,3,25/07/2011,2315,3,1,4,1,2,3,1,43,9
7341,110341728,431956,430504,2,3,25/07/2011,2315,3,1,4,1,2,3,1,28,9
7342,110342695,427489,425486,2,2,25/07/2011,2205,3,1,1,1,1,3,1,18,9
7343,110342695,427489,425486,2,2,25/07/2011,2205,3,1,1,1,2,3,2,16,9
7344,110342817,428922,433407,2,1,25/07/2011,750,3,1,1,1,1,3,2,60,9
7345,110346652,429599,433637,2,1,25/07/2011,1050,6,1,1,1,1,3,2,52,1
7346,110341725,429798,433791,2,2,26/07/2011,20,6,1,4,1,1,3,1,22,9
7347,110341725,429798,433791,2,2,26/07/2011,20,6,1,4,1,2,3,1,24,9
7348,110342341,435394,440271,2,2,26/07/2011,745,6,2,1,1,1,3,2,26,9
7349,110342341,435394,440271,2,2,26/07/2011,745,6,2,1,1,1,3,2,25,9
7350,110342737,420550,444945,2,1,26/07/2011,1325,6,1,1,1,1,3,1,25,1
7351,110343039,425756,426340,1,5,26/07/2011,1607,1,1,1,1,2,2,1,25,10
7352,110343039,425756,426340,1,5,26/07/2011,1607,1,1,1,1,2,3,1,30,10
7353,110343039,425756,426340,1,5,26/07/2011,1607,1,1,1,1,2,3,1,38,10
7354,110343039,425756,426340,1,5,26/07/2011,1607,1,1,1,1,2,3,1,21,10
7355,110343039,425756,426340,1,5,26/07/2011,1607,1,1,1,1,2,3,1,25,10
7356,110344660,436209,434332,1,1,27/07/2011,1040,3,1,1,1,2,2,2,72,11
7357,110344757,432209,432987,1,1,27/07/2011,1520,6,1,1,1,3,2,1,90,9
7358,110349980,435653,436499,2,1,27/07/2011,1649,6,1,1,1,1,3,2,59,9
7359,110345213,420829,439688,2,1,28/07/2011,24,3,1,4,1,1,3,1,33,3
7360,110345517,432694,429406,1,1,28/07/2011,838,3,1,1,1,1,3,2,19,9
7361,110346029,429968,435600,2,1,28/07/2011,1054,6,1,1,1,1,3,2,55,9
7362,110346300,430847,433469,1,1,28/07/2011,1210,6,1,1,1,2,3,2,70,11
7363,110346378,428507,437138,1,1,28/07/2011,1430,6,1,1,1,2,3,1,17,11
7364,110346636,435302,431295,1,1,28/07/2011,1710,1,1,1,1,1,3,2,24,9
7365,110346712,431220,432854,1,1,28/07/2011,1745,3,1,1,1,3,3,1,20,9
7366,110348343,440852,448243,2,2,29/07/2011,1500,6,1,1,1,1,3,1,77,9
7367,110348343,440852,448243,2,2,29/07/2011,1500,6,1,1,1,2,3,2,78,9
7368,110348424,428505,434548,2,1,29/07/2011,1630,6,1,1,1,1,3,1,25,9
7369,110348470,430686,434465,2,1,29/07/2011,1650,6,1,1,1,2,3,2,28,11
7370,110348590,431008,438422,2,1,29/07/2011,1905,6,1,1,1,1,3,1,45,1
7371,110348616,425878,435480,2,3,29/07/2011,2010,6,1,1,1,1,3,1,34,9
7372,110348616,425878,435480,2,3,29/07/2011,2010,6,1,1,1,1,3,1,36,9
7373,110348616,425878,435480,2,3,29/07/2011,2010,6,1,1,1,2,3,1,29,9
7374,110348830,426488,431883,1,1,29/07/2011,2228,3,1,4,1,3,3,1,23,9
7375,110349508,431292,437131,3,1,29/07/2011,1915,6,1,1,1,1,3,1,49,9
7376,110349843,420036,445974,2,1,30/07/2011,1446,4,1,1,1,1,2,2,45,5
7377,110350091,428531,431386,2,2,30/07/2011,1940,3,1,1,1,1,3,1,41,9
7378,110350091,428531,431386,2,2,30/07/2011,1940,3,1,1,1,2,3,2,37,9
7379,110350165,426567,433900,2,1,30/07/2011,1505,3,1,1,1,1,1,1,37,5
7380,110352453,431900,435723,2,1,30/07/2011,1515,3,1,1,1,2,3,2,22,9
7381,110352625,424279,428344,2,1,30/07/2011,1708,3,1,1,1,1,3,1,48,5
7382,110352703,426348,433668,1,1,30/07/2011,1320,6,1,1,1,3,3,1,20,9
7383,110351036,434817,433432,1,1,31/07/2011,1346,6,1,1,1,1,2,1,50,5
7384,110351170,423522,434602,2,1,31/07/2011,1417,6,1,1,1,1,3,1,51,1
7385,110351364,428655,425372,1,1,31/07/2011,1820,6,1,1,1,3,3,2,9,9
7386,110351880,428419,431320,2,1,31/07/2011,1405,3,1,1,1,2,3,2,67,9
7387,110352966,430839,433998,2,1,01/08/2011,1615,3,1,1,1,1,3,1,36,1
7388,110353211,427646,431151,2,1,01/08/2011,800,3,1,1,1,1,3,2,32,1
7389,110353923,433595,434935,2,1,01/08/2011,2000,6,1,1,1,1,3,1,48,1
7390,110354303,429953,433340,2,1,02/08/2011,1150,6,1,1,1,1,3,1,45,9
7391,110354682,436282,436530,2,1,02/08/2011,1525,6,1,1,1,1,3,1,11,1