Col.Number,Reference.Number,Easting,Northing,Number.of.Vehicles,Number.of.Casualties,Accident.Date,Time..24hr.,X1st.Road.Class,Road.Surface,Lighting.Conditions,Weather.Conditions,Casualty.Class,Casualty.Severity,Sex.of.Casualty,Age.of.Casualty,Type.of.Vehicle
7392,110355064,430898,426836,2,1,02/08/2011,1420,6,1,1,1,1,3,1,4,1
7393,110356552,422996,432790,1,1,02/08/2011,1240,6,1,1,1,3,3,2,17,3
7394,110355437,442521,431734,2,1,03/08/2011,620,3,1,1,1,1,3,1,21,9
7395,110355662,427232,434726,2,1,03/08/2011,840,3,1,1,1,1,3,2,26,1
7396,110356291,436293,434792,2,2,03/08/2011,1320,6,1,1,1,1,3,1,29,8
7397,110356291,436293,434792,2,2,03/08/2011,1320,6,1,1,1,2,3,2,71,8
7398,110356604,433208,433085,1,2,03/08/2011,1415,6,2,1,2,1,3,2,29,9
7399,110356604,433208,433085,1,2,03/08/2011,1415,6,2,1,2,2,3,2,32,9
7400,110356639,433553,435954,3,1,03/08/2011,1345,6,2,1,2,1,3,2,86,9
7401,110356730,428539,426413,2,2,03/08/2011,1800,1,2,1,1,1,3,1,32,9
7402,110356730,428539,426413,2,2,03/08/2011,1800,1,2,1,1,2,3,2,18,9
7403,110357863,437049,437588,2,4,04/08/2011,1215,3,2,1,1,2,3,1,22,20
7404,110357863,437049,437588,2,4,04/08/2011,1215,3,2,1,1,1,3,1,27,9
7405,110357863,437049,437588,2,4,04/08/2011,1215,3,2,1,1,2,3,2,22,9
7406,110357863,437049,437588,2,4,04/08/2011,1215,3,2,1,1,2,3,1,4,9
7407,110358518,428580,432978,2,1,04/08/2011,1515,3,1,1,1,1,3,2,32,9
7408,110358533,431399,435082,2,1,04/08/2011,1145,3,1,1,1,1,3,1,41,9
7409,110358792,423940,428098,2,1,04/08/2011,1554,1,1,1,1,1,3,2,33,9
7410,110358908,440842,434503,2,2,04/08/2011,2030,1,1,1,1,1,2,1,39,9
7411,110358908,440842,434503,2,2,04/08/2011,2030,1,1,1,1,1,3,2,51,9
7412,110359605,436704,436608,3,1,04/08/2011,613,6,1,1,1,1,3,1,17,9
7413,110361032,429879,439607,2,1,04/08/2011,1720,6,1,1,1,1,3,1,61,9
7414,110365681,429144,433083,2,1,04/08/2011,1240,6,1,1,1,1,3,1,17,3
7415,110360226,425576,432446,1,1,05/08/2011,1800,6,1,1,1,3,3,2,3,9
7416,110360486,432162,436143,2,1,05/08/2011,2115,6,1,4,1,1,3,1,57,1
7417,110360590,430495,425016,2,1,05/08/2011,2330,3,1,4,1,1,2,1,46,5
7418,110360655,419318,441750,3,1,05/08/2011,2258,3,1,7,1,1,1,1,24,3
7419,110361127,428467,436850,2,1,05/08/2011,1625,4,1,1,1,1,3,1,22,1
7420,110361036,423013,437678,2,1,06/08/2011,940,3,1,1,1,1,3,1,71,9
7421,110361225,433325,441772,1,3,06/08/2011,30,6,1,6,1,1,3,2,22,9
7422,110361225,433325,441772,1,3,06/08/2011,30,6,1,6,1,2,3,1,22,9
7423,110361225,433325,441772,1,3,06/08/2011,30,6,1,6,1,2,3,2,20,9
7424,110361403,428857,433362,4,1,06/08/2011,1445,3,1,1,1,2,3,2,28,9
7425,110362713,431886,435025,1,1,06/08/2011,2045,6,1,1,1,3,3,1,33,9
7426,110362420,434459,445059,2,2,07/08/2011,725,3,1,1,1,1,2,1,45,9
7427,110362420,434459,445059,2,2,07/08/2011,725,3,1,1,1,1,3,1,59,9
7428,110362441,423723,434197,2,3,07/08/2011,935,6,2,1,2,1,3,1,44,9
7429,110362441,423723,434197,2,3,07/08/2011,935,6,2,1,2,1,3,1,33,8
7430,110362441,423723,434197,2,3,07/08/2011,935,6,2,1,2,2,3,2,21,8
7431,110362659,431747,431414,2,2,07/08/2011,1300,3,1,1,1,1,3,2,47,9
7432,110362659,431747,431414,2,2,07/08/2011,1300,3,1,1,1,2,3,2,26,9
7433,110363198,427740,434081,4,3,07/08/2011,2035,6,1,1,1,1,3,1,21,9
7434,110363198,427740,434081,4,3,07/08/2011,2035,6,1,1,1,1,3,2,30,9
7435,110363198,427740,434081,4,3,07/08/2011,2035,6,1,1,1,1,2,2,53,9
7436,110363992,435797,425979,1,1,07/08/2011,1045,3,2,1,4,1,2,1,38,5
7437,110369715,423752,438009,1,1,07/08/2011,1200,6,2,1,2,3,3,2,25,9
7438,110364220,420537,440209,2,1,08/08/2011,1200,3,1,1,1,1,3,1,42,9
7439,110364830,440403,446780,2,1,08/08/2011,1810,3,1,1,1,1,2,2,52,9
7440,110364847,436202,436471,2,1,08/08/2011,1805,6,1,1,1,1,3,2,16,2
7441,110364928,429667,430795,1,1,08/08/2011,2005,6,1,1,1,3,2,2,3,9
7442,110365029,430670,433029,2,1,08/08/2011,1000,3,1,1,1,1,3,2,27,9
7443,110367816,425353,437191,1,1,08/08/2011,1310,6,1,1,1,3,3,2,80,8
7444,110365367,427509,437677,1,1,09/08/2011,925,6,1,1,1,3,3,1,51,1
7445,110365381,432663,436926,2,1,09/08/2011,800,6,1,1,1,1,3,1,38,1
7446,110365741,430358,433459,1,1,09/08/2011,1114,6,1,1,1,2,3,2,70,10
7447,110366393,428532,428182,2,1,09/08/2011,1750,3,1,1,1,1,3,1,35,1
7448,110366447,424128,444003,2,1,09/08/2011,1435,3,1,1,1,1,3,1,40,19
7449,110366573,433941,434109,2,3,09/08/2011,1705,3,1,1,1,1,3,2,39,9
7450,110366573,433941,434109,2,3,09/08/2011,1705,3,1,1,1,2,3,1,45,9
7451,110366573,433941,434109,2,3,09/08/2011,1705,3,1,1,1,1,3,1,55,21
7452,110366577,433330,434049,2,1,09/08/2011,1928,3,1,1,1,1,3,1,50,1
7453,110366826,430413,433702,1,1,09/08/2011,1055,6,1,1,1,3,3,1,77,9
7454,110368077,427643,430979,2,1,10/08/2011,800,3,2,1,8,1,3,2,43,9
7455,110368148,430764,432411,2,2,10/08/2011,1632,3,1,1,1,1,3,2,18,9
7456,110368148,430764,432411,2,2,10/08/2011,1632,3,1,1,1,1,3,1,50,11
7457,110368162,427246,426732,2,1,10/08/2011,1645,6,2,1,1,1,3,1,46,9
7458,110368166,430421,433815,1,1,10/08/2011,1729,6,1,1,1,3,3,1,65,9
7459,110368176,422724,438174,2,2,10/08/2011,1630,6,2,1,2,1,3,1,28,19
7460,110368176,422724,438174,2,2,10/08/2011,1630,6,2,1,2,2,3,2,57,9
7461,110368259,431926,435602,2,1,10/08/2011,1830,6,2,1,2,2,3,2,52,9
7462,110368530,428395,434648,2,2,10/08/2011,2350,6,1,7,1,1,3,1,35,9
7463,110368530,428395,434648,2,2,10/08/2011,2350,6,1,7,1,2,3,2,37,9
7464,110368742,422430,435474,2,1,10/08/2011,900,6,1,1,1,1,3,1,48,9
7465,110371004,428454,429079,2,1,10/08/2011,1735,3,2,1,5,1,3,1,38,5
7466,110370937,434803,435042,2,2,11/08/2011,345,6,1,7,1,1,3,1,24,9
7467,110370937,434803,435042,2,2,11/08/2011,345,6,1,7,1,2,3,2,44,9
7468,110371675,430071,433366,2,1,11/08/2011,1940,6,1,1,1,1,3,2,43,1
7469,110378359,427968,426261,2,1,11/08/2011,525,3,2,1,2,1,3,1,34,9
7470,110370460,426784,438339,2,1,12/08/2011,730,3,2,1,2,1,3,2,49,9
7471,110370991,426021,435584,1,1,12/08/2011,700,4,2,1,2,1,2,1,34,2
7472,110372299,436115,428589,1,1,12/08/2011,1745,6,1,1,1,3,3,1,8,9
7473,110372406,420327,434223,2,1,12/08/2011,1300,3,1,1,1,1,3,1,37,1
7474,110372524,432134,436087,1,1,12/08/2011,1745,6,1,1,1,3,3,2,30,9
7475,110372531,421562,434965,2,2,12/08/2011,1920,6,1,1,1,1,3,1,21,4
7476,110372531,421562,434965,2,2,12/08/2011,1920,6,1,1,1,2,3,2,17,9
7477,110408868,432666,436873,2,1,12/08/2011,2030,6,1,1,1,1,2,2,24,1
7478,110374002,429934,427358,2,1,13/08/2011,1930,6,1,1,1,2,2,2,87,9
7479,110373720,432295,444402,2,1,14/08/2011,1010,3,1,1,1,2,3,2,39,9
7480,110374000,431958,434777,1,1,14/08/2011,1255,6,1,1,1,2,3,2,2,11
7481,110374227,435206,442392,2,1,14/08/2011,1445,6,1,1,1,1,3,2,18,9
7482,110374502,426585,441939,2,2,14/08/2011,2030,3,1,1,1,1,3,2,26,9
7483,110374502,426585,441939,2,2,14/08/2011,2030,3,1,1,1,2,3,1,27,9
7484,110374824,430665,434301,2,1,15/08/2011,725,6,1,1,1,1,2,2,58,9
7485,110375365,431232,430570,2,2,15/08/2011,909,1,1,1,1,1,3,2,49,9
7486,110375365,431232,430570,2,2,15/08/2011,909,1,1,1,1,2,3,2,52,9
7487,110375818,431618,431152,2,1,15/08/2011,1525,6,1,1,1,1,3,2,31,9
7488,110375885,436531,425949,3,1,15/08/2011,1314,1,1,1,1,1,2,1,74,9
7489,110376077,429306,426775,2,1,15/08/2011,1640,3,1,1,1,1,3,1,67,9
7490,110376641,432511,437062,2,1,16/08/2011,817,6,2,1,1,1,3,1,30,9
7491,110377724,430219,427034,1,1,16/08/2011,1100,3,1,1,1,2,3,2,84,11
7492,110378835,422437,441708,2,2,16/08/2011,1535,6,1,1,1,1,3,2,57,9
7493,110378835,422437,441708,2,2,16/08/2011,1535,6,1,1,1,2,3,2,20,9
7494,110380753,430588,433666,1,1,16/08/2011,914,6,2,1,1,3,3,1,28,9
7495,110378356,428366,432497,2,1,17/08/2011,730,3,1,1,1,1,3,2,30,9
7496,110378883,432964,439235,2,2,17/08/2011,1140,3,1,1,1,1,3,1,38,9
7497,110378883,432964,439235,2,2,17/08/2011,1140,3,1,1,1,2,3,2,6,9
7498,110379377,434506,428876,2,1,17/08/2011,1200,6,1,1,1,1,2,1,23,4
7499,110379506,425246,434343,1,1,17/08/2011,1700,3,1,1,1,1,3,1,19,9
7500,110379543,436171,434310,2,1,17/08/2011,1815,6,1,1,1,1,3,1,56,9
7501,110379590,430642,434701,2,1,17/08/2011,1941,3,1,1,1,1,3,1,25,1
7502,110379625,433333,434033,2,2,17/08/2011,1800,3,1,1,1,1,3,2,39,9
7503,110379625,433333,434033,2,2,17/08/2011,1800,3,1,1,1,2,3,1,38,9
7504,110382313,429437,433457,2,1,18/08/2011,1700,6,1,1,1,1,3,1,32,1
7505,110382630,427997,436010,2,1,18/08/2011,1930,3,1,1,1,1,3,1,37,1
7506,110381862,424617,436058,2,2,19/08/2011,715,4,1,1,1,1,3,1,36,19
7507,110381862,424617,436058,2,2,19/08/2011,715,4,1,1,1,2,3,1,2,19
7508,110382066,432537,429642,2,1,19/08/2011,940,3,1,1,1,1,3,1,26,1
7509,110382364,424603,427656,2,1,19/08/2011,1215,1,1,1,1,1,3,1,42,9
7510,110382890,427792,436486,1,1,19/08/2011,1057,4,1,1,1,2,3,2,55,11
7511,110383038,429484,437231,2,2,19/08/2011,1730,6,1,1,1,1,3,1,26,9
7512,110383038,429484,437231,2,2,19/08/2011,1730,6,1,1,1,2,3,1,5,9
7513,110384223,430684,433627,2,1,19/08/2011,1900,3,1,1,1,1,3,1,59,9
7514,110383769,436473,434062,2,1,20/08/2011,1040,3,1,1,1,1,2,1,29,5
7515,110383831,435827,428377,1,1,20/08/2011,1200,3,1,1,1,1,3,1,19,5
7516,110384356,430366,431645,1,1,20/08/2011,1635,1,1,1,1,2,2,2,53,3
7517,110384468,434640,430928,2,2,20/08/2011,1810,1,1,1,1,1,3,1,29,9
7518,110384468,434640,430928,2,2,20/08/2011,1810,1,1,1,1,1,3,2,48,9
7519,110384518,435900,428208,2,1,20/08/2011,1943,3,1,1,1,1,3,2,54,9
7520,110384889,442620,426490,1,1,21/08/2011,359,3,1,4,1,1,3,1,26,9
7521,110385257,423169,442789,2,1,21/08/2011,1139,6,1,1,1,2,3,2,17,9
7522,110386048,423986,430285,4,1,21/08/2011,1235,4,1,1,1,1,3,1,52,1
7523,110386055,434109,425872,1,1,21/08/2011,1252,1,1,1,1,1,3,1,49,9
7524,110388778,426192,437494,2,1,21/08/2011,2230,6,1,4,1,1,3,1,22,9
7525,110392059,434455,433703,2,1,21/08/2011,1630,6,1,1,1,1,3,1,24,9
7526,110386266,425826,427565,3,2,22/08/2011,820,6,1,1,1,1,3,2,22,9
7527,110386266,425826,427565,3,2,22/08/2011,820,6,1,1,1,1,3,1,36,9
7528,110389056,431980,435833,2,1,22/08/2011,1630,3,1,1,1,1,3,2,50,1
7529,110400830,432168,425798,2,1,22/08/2011,1715,1,1,1,1,1,3,2,29,9
7530,110388964,430774,424524,2,1,23/08/2011,1510,3,1,1,1,1,3,1,20,9
7531,110389147,435901,436425,2,2,23/08/2011,1845,3,1,1,1,1,3,1,21,9
7532,110389147,435901,436425,2,2,23/08/2011,1845,3,1,1,1,2,3,2,23,9
7533,110390321,426291,435586,2,1,23/08/2011,2100,3,1,4,1,1,3,1,24,3
7534,110394601,437488,432906,2,1,23/08/2011,1740,6,1,1,1,2,3,1,43,9
7535,110389675,428516,427618,2,3,24/08/2011,656,3,1,1,1,1,3,2,19,9
7536,110389675,428516,427618,2,3,24/08/2011,656,3,1,1,1,1,3,1,44,19
7537,110389675,428516,427618,2,3,24/08/2011,656,3,1,1,1,2,3,2,24,9
7538,110389781,427646,431083,1,1,24/08/2011,545,1,1,1,1,1,2,1,46,9
7539,110389860,427124,429465,2,1,24/08/2011,815,3,1,1,1,1,3,1,40,1
7540,110390384,434147,433899,2,4,24/08/2011,1300,6,1,1,1,1,3,1,21,9
7541,110390384,434147,433899,2,4,24/08/2011,1300,6,1,1,1,1,3,1,59,9
7542,110390384,434147,433899,2,4,24/08/2011,1300,6,1,1,1,2,3,2,22,9
7543,110390384,434147,433899,2,4,24/08/2011,1300,6,1,1,1,2,3,1,20,9
7544,110390954,430372,433492,1,1,24/08/2011,1731,6,1,1,1,3,3,2,53,11
7545,110391016,430361,431663,1,1,24/08/2011,1515,1,1,1,1,1,2,1,23,5
7546,110392845,420521,433924,3,4,24/08/2011,2240,4,1,4,1,1,3,1,23,9
7547,110392845,420521,433924,3,4,24/08/2011,2240,4,1,4,1,1,3,2,34,9
7548,110392845,420521,433924,3,4,24/08/2011,2240,4,1,4,1,2,3,2,31,9
7549,110392845,420521,433924,3,4,24/08/2011,2240,4,1,4,1,2,3,1,9,9
7550,110391382,434396,430383,2,1,25/08/2011,608,1,2,4,2,1,3,1,44,9
7551,110391728,428946,432404,2,1,25/08/2011,1700,6,1,1,1,2,3,2,77,11
7552,110391761,435813,436371,3,2,25/08/2011,1015,6,2,1,1,1,3,2,48,9
7553,110391761,435813,436371,3,2,25/08/2011,1015,6,2,1,1,1,3,1,37,9
7554,110391864,430471,424216,1,1,25/08/2011,840,1,2,1,2,1,3,1,33,9
7555,110392468,427698,436557,1,1,25/08/2011,1425,3,1,1,1,2,3,2,67,11
7556,110392671,422831,438050,2,1,25/08/2011,1430,6,1,1,1,1,3,2,78,9
7557,110392788,425133,435542,2,1,25/08/2011,1910,6,1,1,1,1,3,2,59,9
7558,110392859,425056,433371,2,1,25/08/2011,2000,4,1,1,1,1,3,1,17,3
7559,110393500,427938,435724,2,1,25/08/2011,1730,6,1,1,1,1,3,1,26,1
7560,110394373,431592,430680,2,2,26/08/2011,1640,6,2,1,1,1,3,1,28,9
7561,110394373,431592,430680,2,2,26/08/2011,1640,6,2,1,1,1,3,1,27,9
7562,110394558,432054,427554,4,1,26/08/2011,1545,1,2,1,2,2,3,2,41,9
7563,110395600,437767,432406,1,2,27/08/2011,1550,1,2,1,2,1,3,1,24,9
7564,110395600,437767,432406,1,2,27/08/2011,1550,1,2,1,2,2,3,2,27,9
7565,110395707,442721,442178,1,2,27/08/2011,1525,2,2,1,1,1,3,2,36,9
7566,110395707,442721,442178,1,2,27/08/2011,1525,2,2,1,1,2,3,1,37,9
7567,110395784,444378,433803,1,3,27/08/2011,1550,2,2,1,2,1,3,2,38,9
7568,110395784,444378,433803,1,3,27/08/2011,1550,2,2,1,2,2,3,2,10,9
7569,110395784,444378,433803,1,3,27/08/2011,1550,2,2,1,2,2,3,1,43,9
7570,110410493,430524,434229,1,1,27/08/2011,2355,6,1,7,1,3,3,1,40,9
7571,110396367,432027,435873,2,1,28/08/2011,650,3,1,1,1,1,3,1,28,8
7572,110397057,428515,434983,1,1,28/08/2011,1855,6,1,1,1,3,3,1,5,90
7573,110397362,420039,437084,2,3,28/08/2011,20,3,2,4,2,1,3,1,17,9
7574,110397362,420039,437084,2,3,28/08/2011,20,3,2,4,2,1,3,1,30,9
7575,110397362,420039,437084,2,3,28/08/2011,20,3,2,4,2,2,3,2,16,9
7576,110397529,424118,444005,2,2,28/08/2011,920,3,1,1,1,1,3,1,82,9
7577,110397529,424118,444005,2,2,28/08/2011,920,3,1,1,1,2,3,2,77,9
7578,110397333,428925,433413,1,2,29/08/2011,200,2,1,4,1,2,3,1,21,9
7579,110397333,428925,433413,1,2,29/08/2011,200,2,1,4,1,2,3,1,23,9
7580,110397716,437069,437606,4,2,29/08/2011,1230,3,1,1,1,1,3,1,25,9
7581,110397716,437069,437606,4,2,29/08/2011,1230,3,1,1,1,2,3,2,22,9
7582,110398209,430090,435419,2,1,29/08/2011,1550,6,1,1,1,1,3,2,31,9
7583,110398217,421634,440840,2,3,29/08/2011,1740,3,1,1,1,1,3,2,57,9
7584,110398217,421634,440840,2,3,29/08/2011,1740,3,1,1,1,2,3,2,7,9
7585,110398217,421634,440840,2,3,29/08/2011,1740,3,1,1,1,2,3,2,3,9
7586,110405690,430232,433382,2,1,29/08/2011,200,6,1,7,1,1,3,1,35,9
7587,110398464,423585,428136,1,1,30/08/2011,545,3,1,1,1,1,3,1,34,9
7588,110398985,429949,428086,1,1,30/08/2011,1045,6,1,1,1,2,3,2,64,11
7589,110399063,426885,438862,2,1,30/08/2011,1240,3,1,1,1,1,3,1,64,9
7590,110399660,418304,441337,2,1,30/08/2011,1730,3,2,1,2,1,3,1,55,1
7591,110401571,427640,433727,2,1,31/08/2011,2138,6,1,7,1,1,3,1,46,9
7592,110401639,430909,432286,2,1,31/08/2011,2015,3,1,4,1,1,3,2,37,9
7593,110402357,428875,429794,2,1,31/08/2011,1600,3,1,1,1,1,3,2,22,9
7594,110403333,432083,433860,2,2,31/08/2011,1215,6,1,1,1,1,3,1,31,8
7595,110403333,432083,433860,2,2,31/08/2011,1215,6,1,1,1,2,3,2,67,8
7596,110402516,432061,436085,2,2,01/09/2011,1000,6,1,1,1,1,3,2,82,9
7597,110402516,432061,436085,2,2,01/09/2011,1000,6,1,1,1,1,3,1,27,9
7598,110404297,443658,436809,2,1,01/09/2011,1220,2,1,1,1,1,3,2,63,9
7599,110405793,426766,428987,2,1,01/09/2011,1700,3,1,1,1,1,3,2,31,1
7600,110414518,430834,435416,2,1,01/09/2011,1740,6,1,1,1,1,3,1,45,5
7601,110403823,436066,435552,2,1,02/09/2011,818,3,1,1,1,1,3,1,40,1
7602,110403861,420070,440804,2,1,02/09/2011,837,3,1,1,1,1,3,1,27,1
7603,110404074,429488,430254,1,1,02/09/2011,1015,3,1,1,1,3,3,1,62,19
7604,110404393,425188,434349,2,3,02/09/2011,1255,3,1,1,1,2,3,2,72,11
7605,110404393,425188,434349,2,3,02/09/2011,1255,3,1,1,1,2,3,2,66,11
7606,110404393,425188,434349,2,3,02/09/2011,1255,3,1,1,1,2,3,2,34,11
7607,110404595,430843,434089,1,1,02/09/2011,1409,3,1,1,1,3,3,2,34,9
7608,110405832,428138,435846,2,1,02/09/2011,1520,3,1,1,1,1,3,2,35,1
7609,110405837,426102,435596,1,1,03/09/2011,1223,4,1,1,1,2,3,2,40,11
7610,110406123,421006,434310,2,2,03/09/2011,1430,3,1,1,1,2,3,2,65,9
7611,110406123,421006,434310,2,2,03/09/2011,1430,3,1,1,1,2,3,2,13,9
7612,110407147,429389,433813,2,1,04/09/2011,1040,6,1,1,1,1,3,1,28,9
7613,110407501,430088,431265,2,1,04/09/2011,1635,3,1,1,1,1,2,1,45,1
7614,110407513,431961,430718,2,3,04/09/2011,1450,3,1,1,1,1,3,1,31,9
7615,110407513,431961,430718,2,3,04/09/2011,1450,3,1,1,1,2,3,2,3,9
7616,110407513,431961,430718,2,3,04/09/2011,1450,3,1,1,1,2,3,2,55,9
7617,110407525,433175,426299,2,1,04/09/2011,1437,3,1,1,1,2,3,2,73,9
7618,110407889,427102,427876,2,1,04/09/2011,2100,6,1,7,1,1,3,1,13,1
7619,110407899,442783,434504,1,1,04/09/2011,2045,1,1,6,1,1,3,2,22,9
7620,110408210,431001,430596,2,1,05/09/2011,500,6,2,4,1,1,2,1,48,1
7621,110409476,427152,432525,2,1,05/09/2011,1649,6,1,1,1,1,3,2,38,9
7622,110410936,428342,429521,2,2,06/09/2011,1450,3,1,1,1,1,3,1,83,9
7623,110410936,428342,429521,2,2,06/09/2011,1450,3,1,1,1,2,3,1,73,9
7624,110411021,425771,436844,2,1,06/09/2011,1440,6,1,1,1,1,3,2,86,9
7625,110412909,421195,440229,2,1,06/09/2011,2005,4,2,4,5,1,3,1,16,2
7626,110413924,431555,435180,2,1,06/09/2011,1900,3,1,1,1,1,3,1,14,1
7627,110411843,425736,433895,2,2,07/09/2011,705,6,1,1,1,1,3,1,57,9
7628,110411843,425736,433895,2,2,07/09/2011,705,6,1,1,1,1,3,2,63,9
7629,110413608,424983,427533,1,1,08/09/2011,940,3,2,1,1,3,3,1,32,9
7630,110413707,434933,433418,1,1,08/09/2011,800,6,1,1,1,3,2,1,14,9
7631,110414152,431298,429114,2,1,08/09/2011,1225,6,1,1,1,2,3,1,73,11
7632,110414324,424602,435119,2,1,08/09/2011,1330,3,2,1,1,1,3,2,43,9
7633,110414525,431970,435821,2,1,08/09/2011,1800,3,1,1,1,2,3,1,8,9
7634,110414631,440580,432098,2,1,08/09/2011,1450,3,1,1,1,1,3,1,93,9
7635,110415818,430685,434923,1,1,09/09/2011,1245,3,1,1,1,2,3,2,39,11
7636,110416160,438080,433426,2,2,09/09/2011,1504,1,1,1,1,1,2,2,18,9
7637,110416160,438080,433426,2,2,09/09/2011,1504,1,1,1,1,2,3,2,17,9
7638,110416224,437109,436061,2,1,09/09/2011,1730,6,1,1,1,3,3,1,8,9
7639,110416337,431891,426285,2,1,09/09/2011,1606,1,1,1,1,1,3,2,48,9
7640,110416355,427054,433468,2,1,09/09/2011,2005,6,1,4,1,1,3,1,20,3
7641,110416745,430191,433922,1,1,10/09/2011,240,6,1,4,1,3,3,1,19,9
7642,110416924,431961,435823,2,2,10/09/2011,920,3,2,1,2,1,3,1,30,9
7643,110416924,431961,435823,2,2,10/09/2011,920,3,2,1,2,2,3,2,36,9
7644,110417192,423014,437653,2,1,10/09/2011,1225,3,1,1,1,1,3,1,33,1
7645,110417311,429046,433490,2,1,10/09/2011,1315,3,1,1,1,2,3,1,45,9
7646,110417586,429171,430832,2,1,10/09/2011,1720,6,1,1,1,1,3,1,6,1
7647,110417669,436587,435029,2,1,10/09/2011,1345,6,1,1,1,1,3,1,44,1
7648,110417697,427519,435870,2,2,10/09/2011,1550,4,1,1,1,1,3,1,20,9
7649,110417697,427519,435870,2,2,10/09/2011,1550,4,1,1,1,2,3,2,20,9
7650,110417711,426999,437450,2,1,10/09/2011,1910,3,1,1,1,2,3,2,45,9
7651,110417728,429735,430542,2,2,10/09/2011,1150,3,1,1,1,1,3,2,19,9
7652,110417728,429735,430542,2,2,10/09/2011,1150,3,1,1,1,1,3,2,60,9
7653,110417735,432600,436825,2,1,10/09/2011,1730,6,1,1,1,1,3,1,59,9
7654,110418642,428782,436951,2,1,10/09/2011,1410,6,1,1,1,1,3,2,45,9
7655,110418048,430252,433225,1,1,11/09/2011,120,6,1,4,1,3,2,1,28,9
7656,110418650,429119,433848,2,3,11/09/2011,1320,6,1,1,1,1,3,1,20,9
7657,110418650,429119,433848,2,3,11/09/2011,1320,6,1,1,1,1,3,1,27,3
7658,110418650,429119,433848,2,3,11/09/2011,1320,6,1,1,1,2,3,2,52,9
7659,110418917,441450,434619,1,1,11/09/2011,1709,1,1,1,1,1,3,1,64,9
7660,110418928,428059,434296,1,1,11/09/2011,1635,3,1,1,1,3,2,1,19,9
7661,110419263,422045,438841,1,1,11/09/2011,2350,3,2,4,2,1,3,2,31,9
7662,110419838,426226,431886,2,1,12/09/2011,815,3,1,1,4,1,3,2,19,3
7663,110420329,428411,428696,1,1,12/09/2011,1430,3,1,1,4,1,3,1,23,3
7664,110420950,425957,435196,2,3,12/09/2011,1920,6,1,1,1,1,3,1,36,8
7665,110420950,425957,435196,2,3,12/09/2011,1920,6,1,1,1,2,3,2,16,9
7666,110420950,425957,435196,2,3,12/09/2011,1920,6,1,1,1,2,3,2,24,8
7667,110421803,431070,426471,2,1,13/09/2011,1030,6,1,1,1,2,3,2,36,9
7668,110422477,421081,436755,2,1,13/09/2011,1747,3,1,1,1,1,2,1,50,1
7669,110422867,432619,435550,2,1,14/09/2011,323,6,1,4,1,1,3,1,31,9
7670,110424401,427761,436916,2,1,14/09/2011,1950,6,1,4,1,1,3,1,40,19
7671,110424635,427230,433646,3,3,14/09/2011,1040,3,1,1,1,1,3,1,55,9
7672,110424635,427230,433646,3,3,14/09/2011,1040,3,1,1,1,1,3,2,54,9
7673,110424635,427230,433646,3,3,14/09/2011,1040,3,1,1,1,2,3,1,85,9
7674,110425793,432345,434973,2,1,14/09/2011,2000,6,1,1,1,1,3,1,31,5
7675,110427470,420848,440973,1,1,14/09/2011,1500,6,1,1,1,3,3,2,45,21
7676,110435046,427523,425473,1,1,14/09/2011,1630,6,1,1,1,3,3,2,14,9
7677,110424407,425475,432866,2,1,15/09/2011,1825,3,1,1,1,1,3,2,19,9
7678,110425223,427954,425420,2,1,15/09/2011,845,6,1,1,1,1,3,1,42,1
7679,110425782,429147,431735,2,1,15/09/2011,1610,6,1,1,1,1,3,1,19,1
7680,110425999,436669,430999,1,1,15/09/2011,1725,1,1,1,1,1,2,1,29,9
7681,110426135,423297,429766,2,1,15/09/2011,1630,3,1,1,1,1,2,1,46,9
7682,110426189,428124,432794,2,3,15/09/2011,2030,4,1,4,1,1,3,1,51,9
7683,110426189,428124,432794,2,3,15/09/2011,2030,4,1,4,1,1,3,1,19,19
7684,110426189,428124,432794,2,3,15/09/2011,2030,4,1,4,1,2,3,1,16,19
7685,110427352,424716,434436,2,1,15/09/2011,1615,6,1,1,1,1,3,1,30,1
7686,110427273,428609,431568,2,1,16/09/2011,1243,1,1,1,1,2,3,2,18,9
7687,110427607,424536,436048,1,1,16/09/2011,1645,6,1,1,1,2,3,1,86,11
7688,110427626,430623,434647,1,1,16/09/2011,1815,3,2,1,5,1,3,2,27,3
7689,110427657,426391,429515,2,1,16/09/2011,1832,1,2,1,2,1,3,1,29,9
7690,110427749,431559,435180,2,3,16/09/2011,1915,3,2,4,2,2,3,1,32,9
7691,110427749,431559,435180,2,3,16/09/2011,1915,3,2,4,2,2,3,2,28,9
7692,110427749,431559,435180,2,3,16/09/2011,1915,3,2,4,2,2,3,1,24,9
7693,110427850,432389,434901,1,1,16/09/2011,1820,4,1,1,1,3,3,1,21,9
7694,110428141,442619,426492,1,4,17/09/2011,215,3,1,6,1,2,3,1,25,9
7695,110428141,442619,426492,1,4,17/09/2011,215,3,1,6,1,2,3,2,22,9
7696,110428141,442619,426492,1,4,17/09/2011,215,3,1,6,1,2,3,1,22,9
7697,110428141,442619,426492,1,4,17/09/2011,215,3,1,6,1,1,2,1,24,9