Col.Number,Reference.Number,Easting,Northing,Number.of.Vehicles,Number.of.Casualties,Accident.Date,Time..24hr.,X1st.Road.Class,Road.Surface,Lighting.Conditions,Weather.Conditions,Casualty.Class,Casualty.Severity,Sex.of.Casualty,Age.of.Casualty,Type.of.Vehicle
7698,110428658,430298,439595,1,1,17/09/2011,1245,6,1,1,1,2,3,2,28,11
7699,110428676,427006,431640,2,1,17/09/2011,1335,3,2,1,2,2,3,2,49,9
7700,110428808,423936,427909,2,1,17/09/2011,1524,3,1,1,1,1,3,1,21,9
7701,110429191,435092,435653,1,1,17/09/2011,2115,6,1,7,1,2,3,1,38,8
7702,110429465,430958,435779,2,1,17/09/2011,2100,6,1,7,1,1,3,1,29,9
7703,110429470,429908,433962,1,1,17/09/2011,2250,6,1,4,1,3,2,2,26,9
7704,110429550,434291,436419,1,1,17/09/2011,1302,6,2,1,1,1,3,2,23,9
7705,110429557,418304,441342,2,1,17/09/2011,1020,3,1,1,1,1,3,1,48,9
7706,110429566,434274,433800,1,1,17/09/2011,1150,6,2,1,1,1,3,1,41,3
7707,110429860,431962,435842,1,1,17/09/2011,1850,4,1,1,1,3,3,1,20,9
7708,110430725,431888,430491,2,1,17/09/2011,1730,3,1,1,1,1,3,1,30,1
7709,110429396,444639,433523,1,2,18/09/2011,10,2,1,6,1,1,3,1,29,9
7710,110429396,444639,433523,1,2,18/09/2011,10,2,1,6,1,2,3,2,27,9
7711,110429605,437673,431537,1,1,18/09/2011,715,1,1,1,1,1,3,1,34,9
7712,110430194,430231,433339,1,1,18/09/2011,215,6,1,7,1,3,3,1,35,8
7713,110430544,432171,434630,2,1,18/09/2011,2355,6,1,4,1,1,3,1,42,9
7714,110431221,442771,429684,2,2,18/09/2011,1840,3,1,1,1,1,3,1,62,5
7715,110431221,442771,429684,2,2,18/09/2011,1840,3,1,1,1,2,2,2,47,5
7716,110431031,436647,428686,2,1,19/09/2011,630,3,1,1,1,1,3,1,51,5
7717,110431042,427524,427594,2,1,19/09/2011,840,6,1,1,1,1,3,1,42,1
7718,110431353,427913,441535,4,4,19/09/2011,1120,6,2,1,1,1,3,1,32,9
7719,110431353,427913,441535,4,4,19/09/2011,1120,6,2,1,1,1,3,2,49,9
7720,110431353,427913,441535,4,4,19/09/2011,1120,6,2,1,1,1,3,2,75,9
7721,110431353,427913,441535,4,4,19/09/2011,1120,6,2,1,1,2,3,2,26,9
7722,110431623,430063,433783,2,1,19/09/2011,1502,6,1,1,1,2,3,2,26,11
7723,110432276,428634,434186,2,1,19/09/2011,2343,6,1,4,1,1,3,1,54,8
7724,110432833,418951,441987,2,1,19/09/2011,1515,6,2,1,1,1,3,1,20,9
7725,110438555,431141,434945,1,1,19/09/2011,850,6,1,1,1,3,3,2,17,9
7726,110433494,431760,427742,2,2,20/09/2011,1623,6,1,1,1,1,3,1,67,9
7727,110433494,431760,427742,2,2,20/09/2011,1623,6,1,1,1,2,3,2,33,9
7728,110433552,428526,429632,3,1,20/09/2011,1854,3,1,1,1,1,3,1,36,9
7729,110433721,432545,438145,2,3,20/09/2011,2130,6,1,7,1,1,3,1,51,9
7730,110433721,432545,438145,2,3,20/09/2011,2130,6,1,7,1,2,3,1,20,9
7731,110433721,432545,438145,2,3,20/09/2011,2130,6,1,7,1,2,3,1,47,9
7732,110434123,438075,430131,2,1,21/09/2011,850,6,1,1,1,1,2,2,73,1
7733,110435030,424562,429033,1,1,21/09/2011,1130,6,1,1,1,3,3,1,90,19
7734,110435335,424781,427434,3,2,21/09/2011,1820,1,1,1,1,1,3,1,27,9
7735,110435335,424781,427434,3,2,21/09/2011,1820,1,1,1,1,1,3,1,38,9
7736,110436471,430066,433782,2,1,21/09/2011,1336,6,1,1,1,1,3,1,41,19
7737,110435755,436631,436230,2,1,22/09/2011,800,6,1,1,1,1,3,1,14,1
7738,110436007,425474,434284,2,1,22/09/2011,822,3,1,1,1,1,2,1,49,1
7739,110436104,436327,425943,4,2,22/09/2011,740,1,1,1,1,1,3,1,37,9
7740,110436104,436327,425943,4,2,22/09/2011,740,1,1,1,1,1,3,1,53,9
7741,110436604,430039,434032,1,1,22/09/2011,1422,6,1,1,1,3,3,1,20,11
7742,110436921,425811,438660,2,1,22/09/2011,1647,6,1,1,1,1,3,1,16,3
7743,110436943,436173,434464,2,1,22/09/2011,1600,3,1,1,1,1,3,1,61,9
7744,110437506,429138,433090,2,1,23/09/2011,804,6,1,1,1,1,3,1,22,3
7745,110437543,426906,432874,2,1,23/09/2011,915,6,1,1,1,1,3,2,23,9
7746,110438539,431913,433574,2,1,23/09/2011,1825,6,1,1,1,1,3,1,23,1
7747,110439709,443389,437980,2,1,23/09/2011,1750,6,1,1,1,1,3,1,53,1
7748,110439288,436182,428299,2,1,24/09/2011,1040,3,1,1,1,2,3,2,17,11
7749,110439302,432542,439366,2,2,24/09/2011,925,3,1,1,1,1,3,1,71,9
7750,110439302,432542,439366,2,2,24/09/2011,925,3,1,1,1,2,3,2,68,9
7751,110439429,426376,428473,1,1,24/09/2011,1110,3,1,1,1,3,3,1,12,9
7752,110440315,424991,432938,2,2,24/09/2011,1800,6,1,1,1,2,3,1,38,9
7753,110440315,424991,432938,2,2,24/09/2011,1800,6,1,1,1,1,3,1,32,9
7754,110441343,431018,430565,2,1,25/09/2011,1315,6,1,1,1,1,3,1,9,1
7755,110441564,431748,435496,1,1,25/09/2011,2002,3,1,4,1,3,2,1,53,9
7756,110442211,423355,437647,1,1,25/09/2011,1520,3,1,1,1,3,3,1,15,9
7757,110442010,431172,434986,2,1,26/09/2011,730,3,1,1,1,1,3,1,25,1
7758,110442403,430503,431695,2,1,26/09/2011,750,3,1,1,1,1,3,2,36,9
7759,110442561,431081,433744,3,5,26/09/2011,835,2,1,1,1,1,3,1,43,19
7760,110442561,431081,433744,3,5,26/09/2011,835,2,1,1,1,2,3,2,71,9
7761,110442561,431081,433744,3,5,26/09/2011,835,2,1,1,1,1,3,2,27,9
7762,110442561,431081,433744,3,5,26/09/2011,835,2,1,1,1,1,3,1,76,9
7763,110442561,431081,433744,3,5,26/09/2011,835,2,1,1,1,2,3,2,4,9
7764,110442917,430345,439328,2,2,26/09/2011,1510,6,1,1,1,1,3,1,18,9
7765,110442917,430345,439328,2,2,26/09/2011,1510,6,1,1,1,1,3,2,31,9
7766,110443092,435129,441882,2,2,26/09/2011,1546,6,1,1,1,1,3,1,72,9
7767,110443092,435129,441882,2,2,26/09/2011,1546,6,1,1,1,2,3,2,67,9
7768,110444944,430649,434648,2,1,26/09/2011,1407,3,1,1,1,1,3,2,39,9
7769,110443660,429392,431354,1,1,27/09/2011,807,6,1,1,1,3,3,2,11,19
7770,110444680,424579,435155,2,1,27/09/2011,1625,3,1,1,1,1,3,2,51,9
7771,110444835,433092,434048,2,1,27/09/2011,1700,4,1,1,1,1,3,2,48,5
7772,110444939,427147,433674,2,2,27/09/2011,1950,3,1,4,1,1,3,1,31,9
7773,110444939,427147,433674,2,2,27/09/2011,1950,3,1,4,1,2,3,2,23,9
7774,110444959,426144,435591,1,1,27/09/2011,2009,4,1,4,1,1,3,1,37,1
7775,110445089,432287,435043,1,1,27/09/2011,2255,4,1,4,1,3,3,1,34,9
7776,110445249,423068,435883,2,1,27/09/2011,1010,3,1,1,1,1,3,1,16,1
7777,110445688,427781,430699,2,1,27/09/2011,1415,3,1,1,1,1,3,1,67,9
7778,110446159,435907,425850,2,1,27/09/2011,1610,1,1,1,1,1,3,1,18,9
7779,110446093,428225,435781,2,1,28/09/2011,830,3,1,1,1,1,3,1,27,5
7780,110446198,431841,435644,4,1,28/09/2011,1225,3,1,1,1,1,3,2,71,9
7781,110446252,430429,431156,1,1,28/09/2011,1330,6,1,1,1,1,2,1,40,9
7782,110446404,428554,429850,1,1,28/09/2011,1625,6,1,1,1,3,3,2,12,9
7783,110446456,432267,436258,2,1,28/09/2011,1725,6,1,1,1,1,3,1,28,9
7784,110446560,431701,426378,4,3,28/09/2011,1748,1,1,1,1,1,3,1,86,9
7785,110446560,431701,426378,4,3,28/09/2011,1748,1,1,1,1,2,3,2,94,9
7786,110446560,431701,426378,4,3,28/09/2011,1748,1,1,1,1,1,3,1,29,9
7787,110448054,428588,435663,2,1,28/09/2011,1405,3,1,1,1,1,3,1,48,1
7788,110448771,430824,433815,6,4,28/09/2011,841,2,1,1,1,1,3,2,58,9
7789,110448771,430824,433815,6,4,28/09/2011,841,2,1,1,1,1,3,1,43,9
7790,110448771,430824,433815,6,4,28/09/2011,841,2,1,1,1,1,3,1,51,9
7791,110448771,430824,433815,6,4,28/09/2011,841,2,1,1,1,1,3,1,20,9
7792,110447206,430074,430724,2,1,29/09/2011,916,6,1,1,1,1,3,1,17,2
7793,110447299,428747,430856,2,1,29/09/2011,735,6,1,1,1,1,3,2,31,1
7794,110447730,427997,436013,2,1,29/09/2011,1430,3,1,1,1,1,3,1,19,1
7795,110447741,437066,437604,2,2,29/09/2011,1147,3,1,1,1,1,2,1,69,9
7796,110447741,437066,437604,2,2,29/09/2011,1147,3,1,1,1,1,3,1,38,20
7797,110447788,429709,439015,2,1,29/09/2011,1120,6,1,1,1,1,2,1,85,9
7798,110448064,428225,435779,2,1,29/09/2011,1507,3,1,1,1,1,3,2,30,1
7799,110448258,431829,435413,1,1,29/09/2011,1830,6,1,1,1,3,3,1,6,9
7800,110449854,429788,430635,2,1,29/09/2011,710,3,1,1,1,1,3,1,49,1
7801,110450292,428899,431013,1,1,29/09/2011,2220,6,1,7,1,3,3,2,21,9
7802,110449366,427138,426476,2,1,30/09/2011,1215,3,1,1,1,2,3,2,49,9
7803,110449639,432524,427551,2,1,30/09/2011,1437,3,1,1,1,1,3,2,52,9
7804,110449660,432941,429697,2,1,30/09/2011,1500,3,1,1,1,2,3,2,12,9
7805,110449826,443639,436109,4,1,30/09/2011,1450,2,1,1,1,1,3,2,36,9
7806,110449849,425187,428973,2,1,30/09/2011,1615,4,1,1,1,2,3,1,26,9
7807,110449875,441450,434620,2,1,30/09/2011,1338,1,1,1,2,1,2,1,40,9
7808,110449889,429386,425854,2,1,30/09/2011,1609,3,1,1,1,1,3,1,30,1
7809,110449897,427443,436154,2,2,30/09/2011,1555,6,1,1,1,1,3,1,23,9
7810,110449897,427443,436154,2,2,30/09/2011,1555,6,1,1,1,1,3,2,65,9
7811,110451784,436444,434698,1,1,30/09/2011,1430,6,1,1,1,2,3,2,85,11
7812,110453348,430009,438648,2,1,30/09/2011,930,4,1,1,1,1,3,1,23,1
7813,110453826,430130,437503,3,2,30/09/2011,1830,3,1,1,1,1,3,1,30,9
7814,110453826,430130,437503,3,2,30/09/2011,1830,3,1,1,1,2,3,2,28,9
7815,110457455,428097,434717,2,1,30/09/2011,845,6,1,1,1,1,3,2,22,1
7816,110450694,431767,435530,2,1,01/10/2011,1040,3,1,1,1,1,2,1,46,1
7817,110450764,434610,441237,1,3,01/10/2011,750,6,1,1,1,1,3,1,21,9
7818,110450764,434610,441237,1,3,01/10/2011,750,6,1,1,1,2,3,1,18,9
7819,110450764,434610,441237,1,3,01/10/2011,750,6,1,1,1,2,3,2,17,9
7820,110451012,420351,434240,2,2,01/10/2011,1435,3,1,1,1,2,3,1,4,9
7821,110451012,420351,434240,2,2,01/10/2011,1435,3,1,1,1,2,3,2,5,9
7822,110451275,427906,430148,1,1,01/10/2011,1555,3,1,1,1,1,1,1,28,1
7823,110451344,431403,435025,2,6,01/10/2011,1720,6,1,1,1,1,3,1,50,9
7824,110451344,431403,435025,2,6,01/10/2011,1720,6,1,1,1,2,3,1,42,9
7825,110451344,431403,435025,2,6,01/10/2011,1720,6,1,1,1,2,3,2,33,9
7826,110451344,431403,435025,2,6,01/10/2011,1720,6,1,1,1,2,3,2,8,9
7827,110451344,431403,435025,2,6,01/10/2011,1720,6,1,1,1,1,3,1,32,9
7828,110451344,431403,435025,2,6,01/10/2011,1720,6,1,1,1,2,3,2,26,9
7829,110451389,429080,433515,3,1,01/10/2011,1910,3,1,4,1,1,3,1,65,9
7830,110451755,422312,443623,2,2,01/10/2011,1600,6,1,1,1,2,3,2,46,9
7831,110451755,422312,443623,2,2,01/10/2011,1600,6,1,1,1,1,3,1,40,9
7832,110453015,435021,436083,2,1,01/10/2011,1335,6,1,1,1,2,3,1,29,11
7833,110485447,435021,434969,2,1,01/10/2011,2100,6,1,7,1,1,3,1,13,1
7834,110452471,421536,440657,2,2,02/10/2011,1934,3,2,4,1,1,3,1,18,9
7835,110452471,421536,440657,2,2,02/10/2011,1934,3,2,4,1,1,3,1,25,9
7836,110452649,427343,436140,1,2,02/10/2011,430,6,1,7,1,3,3,1,22,9
7837,110452649,427343,436140,1,2,02/10/2011,430,6,1,7,1,3,3,2,21,9
7838,110453482,433758,434935,2,1,03/10/2011,1000,6,1,1,1,1,3,1,29,19
7839,110453809,430011,430944,1,1,03/10/2011,1715,6,1,1,1,3,3,2,19,9
7840,110454244,436625,435938,1,1,03/10/2011,1645,6,1,1,1,3,3,1,18,9
7841,110455071,432379,434915,1,1,03/10/2011,1040,4,1,1,1,3,3,1,81,9
7842,110455146,435957,435468,1,1,03/10/2011,1115,3,1,1,1,1,3,1,63,9
7843,110455090,428582,432967,2,1,04/10/2011,1300,3,1,1,1,1,3,2,21,9
7844,110455705,431483,435008,2,1,04/10/2011,1720,6,1,1,1,1,3,1,19,3
7845,110456060,430908,436544,2,3,04/10/2011,2122,4,1,4,1,1,3,1,50,9
7846,110456060,430908,436544,2,3,04/10/2011,2122,4,1,4,1,1,3,2,26,9
7847,110456060,430908,436544,2,3,04/10/2011,2122,4,1,4,1,2,3,2,18,9
7848,110456061,431478,435115,1,1,04/10/2011,2300,3,1,4,1,3,3,2,24,9
7849,110456631,422226,433736,2,1,04/10/2011,1615,4,1,1,1,1,3,2,20,1
7850,110456646,430697,439045,2,1,04/10/2011,2020,3,1,7,1,1,2,1,40,1
7851,110456811,430960,435866,3,1,04/10/2011,1520,6,1,1,1,1,3,1,31,9
7852,110457051,432318,439374,2,1,04/10/2011,1905,3,1,4,1,1,2,1,27,3
7853,110467073,427011,428393,2,1,04/10/2011,1735,6,1,1,1,1,2,1,16,1
7854,110457341,434533,428005,2,1,05/10/2011,1447,3,1,1,1,1,3,1,44,9
7855,110457457,430268,434835,1,1,05/10/2011,1335,6,1,1,1,3,1,2,79,9
7856,110457508,427601,436792,2,1,05/10/2011,1626,3,1,1,1,1,3,1,20,1
7857,110457619,422101,434127,2,1,05/10/2011,1710,4,1,1,1,1,2,1,50,5
7858,110457667,428422,432494,2,1,05/10/2011,1940,3,2,4,5,1,3,1,29,1
7859,110457705,423270,437687,3,1,05/10/2011,2053,3,2,4,2,1,3,2,54,9
7860,110458710,429118,430624,2,1,05/10/2011,2020,6,2,4,2,1,3,2,75,9
7861,110459462,420254,446136,1,1,05/10/2011,1850,4,2,4,1,3,2,1,59,9
7862,110464473,431747,435845,2,4,05/10/2011,1825,6,1,1,1,1,3,1,39,9
7863,110464473,431747,435845,2,4,05/10/2011,1825,6,1,1,1,2,3,1,20,9
7864,110464473,431747,435845,2,4,05/10/2011,1825,6,1,1,1,2,3,1,20,9
7865,110464473,431747,435845,2,4,05/10/2011,1825,6,1,1,1,2,3,1,19,9
7866,110458474,427144,432927,1,1,06/10/2011,1150,6,1,1,1,3,3,1,46,9
7867,110458637,425484,434282,4,1,06/10/2011,1330,3,1,1,1,1,3,1,42,1
7868,110458662,430503,435251,2,1,06/10/2011,825,3,2,1,1,1,3,2,47,5
7869,110458696,431085,433298,2,1,06/10/2011,1045,6,2,1,1,1,3,2,21,9
7870,110459143,433533,429766,1,2,06/10/2011,1448,3,2,1,4,1,3,1,24,9
7871,110459143,433533,429766,1,2,06/10/2011,1448,3,2,1,4,2,3,1,22,9
7872,110459201,431486,431545,4,2,06/10/2011,1500,3,2,1,2,1,3,1,58,9
7873,110459201,431486,431545,4,2,06/10/2011,1500,3,2,1,2,2,3,2,75,9
7874,110459490,429143,432012,2,1,06/10/2011,2010,6,2,4,5,1,3,1,39,8
7875,110459496,432516,427321,2,1,06/10/2011,1630,3,1,1,1,1,3,1,26,1
7876,110460318,421995,436506,2,1,06/10/2011,1645,3,2,1,4,1,3,1,23,9
7877,110460413,426068,436363,2,4,06/10/2011,1246,6,2,1,4,1,3,1,46,8
7878,110460413,426068,436363,2,4,06/10/2011,1246,6,2,1,4,1,2,1,23,2
7879,110460413,426068,436363,2,4,06/10/2011,1246,6,2,1,4,2,3,2,71,8
7880,110460413,426068,436363,2,4,06/10/2011,1246,6,2,1,4,2,3,1,75,8
7881,110460465,431906,434891,2,1,06/10/2011,1100,6,1,1,1,1,3,1,69,9
7882,110465168,433526,429805,2,1,06/10/2011,1815,3,2,1,2,1,3,1,27,1
7883,110459782,430575,433692,1,1,07/10/2011,605,6,1,4,1,2,3,2,25,11
7884,110460131,425457,437464,1,1,07/10/2011,755,6,1,1,1,3,3,2,13,9
7885,110460177,429372,433780,2,2,07/10/2011,1015,6,1,1,1,1,3,1,28,9
7886,110460177,429372,433780,2,2,07/10/2011,1015,6,1,1,1,1,3,2,27,9
7887,110460790,434396,433736,3,4,07/10/2011,1510,6,1,1,1,1,3,1,77,9
7888,110460790,434396,433736,3,4,07/10/2011,1510,6,1,1,1,1,3,1,47,9
7889,110460790,434396,433736,3,4,07/10/2011,1510,6,1,1,1,1,3,2,50,9
7890,110460790,434396,433736,3,4,07/10/2011,1510,6,1,1,1,2,3,2,13,9
7891,110460865,432376,435131,2,1,07/10/2011,1700,6,1,1,1,1,2,2,20,2
7892,110460903,423818,434257,1,1,07/10/2011,1610,6,1,1,1,2,3,2,70,11
7893,110460983,438949,431551,2,1,07/10/2011,1545,3,1,1,1,1,2,1,32,3
7894,110461355,428536,436888,1,1,07/10/2011,35,4,1,5,1,1,3,1,35,9
7895,110461388,434336,435123,2,4,07/10/2011,2225,6,1,4,1,1,2,1,48,9
7896,110461388,434336,435123,2,4,07/10/2011,2225,6,1,4,1,2,3,2,10,9
7897,110461388,434336,435123,2,4,07/10/2011,2225,6,1,4,1,2,3,2,44,9
7898,110461388,434336,435123,2,4,07/10/2011,2225,6,1,4,1,2,3,1,14,9
7899,110461906,428367,428733,2,1,07/10/2011,1851,6,1,4,1,1,3,1,32,1
7900,110462316,429999,434150,2,4,07/10/2011,1515,3,1,1,4,1,3,2,19,9
7901,110462316,429999,434150,2,4,07/10/2011,1515,3,1,1,4,2,3,2,19,9
7902,110462316,429999,434150,2,4,07/10/2011,1515,3,1,1,4,2,3,2,18,9
7903,110462316,429999,434150,2,4,07/10/2011,1515,3,1,1,4,2,3,2,19,9
7904,110461884,425818,442889,2,1,08/10/2011,935,3,2,1,1,1,3,1,36,9
7905,110461945,424219,427778,1,1,08/10/2011,1107,1,2,1,2,1,3,1,35,9
7906,110462155,428749,430854,2,5,08/10/2011,1425,6,1,1,1,2,3,2,36,9
7907,110462155,428749,430854,2,5,08/10/2011,1425,6,1,1,1,2,3,1,25,9
7908,110462155,428749,430854,2,5,08/10/2011,1425,6,1,1,1,2,3,1,25,9
7909,110462155,428749,430854,2,5,08/10/2011,1425,6,1,1,1,1,3,1,25,9
7910,110462155,428749,430854,2,5,08/10/2011,1425,6,1,1,1,2,3,1,26,9
7911,110462242,422943,443098,2,1,08/10/2011,1425,3,2,1,2,1,3,2,61,9
7912,110462595,429601,434682,2,1,08/10/2011,2315,3,1,7,1,1,3,1,39,9
7913,110462839,441103,449181,3,1,08/10/2011,1235,2,2,1,2,1,3,2,69,9
7914,110463100,430556,436959,1,1,08/10/2011,1600,6,1,1,1,2,3,2,70,11
7915,110468781,420740,439852,1,1,08/10/2011,140,3,1,7,1,3,3,1,18,8
7916,110463250,425511,434186,1,1,09/10/2011,725,6,2,1,1,1,3,1,32,9
7917,110463268,420930,434414,2,1,09/10/2011,1325,3,2,1,1,1,3,1,19,9
7918,110463315,431209,433665,2,1,09/10/2011,1445,3,1,1,1,2,3,2,6,9
7919,110463562,436083,435601,1,2,09/10/2011,1749,3,2,1,2,1,3,1,30,9
7920,110463562,436083,435601,1,2,09/10/2011,1749,3,2,1,2,2,3,1,37,9
7921,110464276,426357,428166,2,1,09/10/2011,2010,4,2,4,2,1,3,1,60,9
7922,110464245,428040,435919,2,1,10/10/2011,930,6,2,1,2,1,3,1,36,9
7923,110464428,430670,436795,1,1,10/10/2011,1055,6,2,1,2,3,3,1,64,19
7924,110465117,432096,435459,2,1,10/10/2011,1450,4,1,1,1,2,3,2,22,9
7925,110465493,427016,431793,2,1,10/10/2011,800,3,2,1,2,1,3,2,38,9
7926,110466100,434413,435371,2,1,10/10/2011,1330,6,1,1,1,1,3,1,75,9
7927,110466425,431884,435061,2,1,10/10/2011,1745,6,2,1,2,1,3,1,41,9
7928,110466312,427032,431795,1,1,11/10/2011,910,3,1,1,1,3,3,2,29,3
7929,110466980,429143,433838,1,1,11/10/2011,1922,6,1,4,1,3,3,1,27,8
7930,110467017,426836,426642,2,1,11/10/2011,1835,3,1,1,1,1,3,1,33,1
7931,110467837,432706,438244,2,1,11/10/2011,1845,6,1,1,1,1,3,1,81,9
7932,110467370,430873,435047,2,1,12/10/2011,600,3,2,4,2,1,3,1,49,19
7933,110467575,430845,434038,2,2,12/10/2011,910,3,2,1,2,1,3,1,38,19
7934,110467575,430845,434038,2,2,12/10/2011,910,3,2,1,2,2,3,2,55,9
7935,110468761,428687,434942,1,1,12/10/2011,1920,6,2,4,2,3,3,2,22,9
7936,110468768,424292,429284,2,4,12/10/2011,1910,4,2,4,2,1,3,2,26,9
7937,110468768,424292,429284,2,4,12/10/2011,1910,4,2,4,2,2,3,2,4,9
7938,110468768,424292,429284,2,4,12/10/2011,1910,4,2,4,2,2,3,1,5,9
7939,110468768,424292,429284,2,4,12/10/2011,1910,4,2,4,2,2,3,1,35,9
7940,110469895,432681,430465,2,1,12/10/2011,1750,4,2,7,2,1,3,1,23,9
7941,110469204,423682,438138,1,1,13/10/2011,815,6,1,1,1,3,3,1,14,9
7942,110469220,432071,431096,2,1,13/10/2011,825,3,2,1,1,1,3,1,16,2
7943,110469254,423285,434644,2,1,13/10/2011,830,6,2,1,2,1,3,1,50,9
7944,110469587,429825,430666,2,1,13/10/2011,725,3,2,1,1,1,2,1,28,1
7945,110469607,438846,446350,2,2,13/10/2011,934,6,2,1,1,1,3,1,37,9
7946,110469607,438846,446350,2,2,13/10/2011,934,6,2,1,1,1,3,2,42,9
7947,110469746,432370,433707,1,1,13/10/2011,756,6,2,1,2,1,3,2,20,2
7948,110470318,431579,434392,1,1,13/10/2011,1652,6,1,1,1,3,3,2,13,9
7949,110470384,435304,435121,3,2,13/10/2011,1845,6,2,4,1,1,3,1,23,9
7950,110470384,435304,435121,3,2,13/10/2011,1845,6,2,4,1,1,3,1,20,9
7951,110470785,440507,429025,2,1,13/10/2011,2135,6,1,4,1,1,3,1,23,2
7952,110471480,424816,443243,2,1,14/10/2011,1155,6,1,1,1,1,3,2,81,9
7953,110472002,427320,430255,1,1,14/10/2011,1040,6,1,1,1,3,2,2,5,9
7954,110472029,430788,433473,1,1,14/10/2011,1815,3,1,1,1,3,3,2,32,9
7955,110472428,426520,427468,2,1,14/10/2011,2343,6,1,4,1,1,3,1,53,9
7956,110473069,443346,438966,2,1,14/10/2011,1834,2,1,1,1,1,3,1,71,9
7957,110472893,433869,434081,2,2,15/10/2011,1136,3,1,1,1,2,3,1,1,9
7958,110472893,433869,434081,2,2,15/10/2011,1136,3,1,1,1,2,3,2,41,9
7959,110473865,427260,435754,3,2,15/10/2011,2025,4,1,7,1,1,3,1,30,9
7960,110473865,427260,435754,3,2,15/10/2011,2025,4,1,7,1,1,3,1,40,8
7961,110474401,435545,438368,2,2,16/10/2011,1000,6,1,1,1,1,3,2,43,9
7962,110474401,435545,438368,2,2,16/10/2011,1000,6,1,1,1,1,3,1,63,9
7963,110474537,442735,431686,2,1,16/10/2011,953,3,1,1,1,1,2,1,28,5
7964,110474594,425165,439406,2,1,16/10/2011,1015,6,1,1,1,1,3,1,38,9
7965,110475724,430638,434237,2,1,17/10/2011,900,6,1,1,1,1,2,1,40,1
7966,110475933,430044,432652,1,2,17/10/2011,802,3,2,1,1,1,3,1,45,21
7967,110475933,430044,432652,1,2,17/10/2011,802,3,2,1,1,3,2,1,26,21
7968,110476562,431884,435073,1,1,17/10/2011,1415,6,1,1,4,3,3,1,37,9
7969,110477073,435304,435119,2,2,17/10/2011,2050,6,2,4,5,1,3,1,40,9
7970,110477073,435304,435119,2,2,17/10/2011,2050,6,2,4,5,1,3,2,41,9
7971,110477710,436187,436819,3,2,17/10/2011,1430,3,1,1,1,1,3,1,50,90
7972,110477710,436187,436819,3,2,17/10/2011,1430,3,1,1,1,1,3,2,34,90
7973,110478266,430491,431631,2,1,18/10/2011,930,1,2,1,5,1,3,2,27,9
7974,110478535,424059,431493,1,1,18/10/2011,1837,6,2,1,1,1,3,1,31,9
7975,110478567,428244,432831,2,1,18/10/2011,1921,4,2,4,2,1,3,1,21,3
7976,110478915,430694,433648,1,1,18/10/2011,959,3,1,1,1,3,3,2,75,9
7977,110479402,431064,431243,1,1,18/10/2011,1400,6,1,1,1,2,3,2,60,11
7978,110479407,421382,440153,2,2,18/10/2011,750,6,2,1,4,1,3,1,40,9
7979,110479407,421382,440153,2,2,18/10/2011,750,6,2,1,4,1,3,2,50,9
7980,110480149,430087,435418,2,2,18/10/2011,2150,6,2,4,1,1,3,1,37,9
7981,110480149,430087,435418,2,2,18/10/2011,2150,6,2,4,1,2,3,1,27,9
7982,110494670,425128,435544,2,1,18/10/2011,1830,6,1,1,1,1,3,2,50,9
7983,110479849,428933,429860,1,2,19/10/2011,1400,6,1,1,1,3,3,1,55,9
7984,110479849,428933,429860,1,2,19/10/2011,1400,6,1,1,1,1,3,2,56,9
7985,110480064,430359,434442,2,1,19/10/2011,1728,3,1,1,1,1,3,2,43,9
7986,110480249,430564,432704,2,1,19/10/2011,1940,3,1,4,1,1,2,1,35,1
7987,110481224,420636,441200,2,1,19/10/2011,1335,6,1,1,1,1,2,1,65,3
7988,110485898,426384,438072,1,1,19/10/2011,804,3,1,1,1,3,2,2,40,21
7989,110480969,433441,434032,2,1,20/10/2011,850,3,1,1,1,1,3,2,21,5
7990,110481144,431348,432372,2,1,20/10/2011,905,3,1,1,1,1,3,1,22,5
7991,110481857,428836,434631,3,2,20/10/2011,1710,6,1,1,1,1,3,1,20,9
7992,110481857,428836,434631,3,2,20/10/2011,1710,6,1,1,1,1,3,1,23,9
7993,110483169,433705,426832,2,1,20/10/2011,841,6,1,1,1,1,3,2,45,9
7994,110485191,429338,434234,1,1,20/10/2011,1850,6,1,1,1,2,3,2,60,11
7995,110494327,425227,427225,2,2,20/10/2011,2255,3,2,4,1,1,3,1,28,9
7996,110494327,425227,427225,2,2,20/10/2011,2255,3,2,4,1,2,3,2,23,9
7997,110482751,425183,437758,2,1,21/10/2011,934,6,1,1,1,1,3,2,24,9
7998,110482763,431910,435744,2,1,21/10/2011,600,3,1,7,1,1,3,2,41,9
7999,110483117,429691,432127,2,2,21/10/2011,1135,1,1,1,1,1,3,1,29,9
8000,110483117,429691,432127,2,2,21/10/2011,1135,1,1,1,1,2,3,2,49,9
8001,110483509,429141,432043,1,1,21/10/2011,1352,6,1,1,1,2,3,1,33,11
8002,110483921,429784,433660,1,2,21/10/2011,2120,6,1,4,1,3,3,2,44,9