Col.Number,Reference.Number,Easting,Northing,Number.of.Vehicles,Number.of.Casualties,Accident.Date,Time..24hr.,X1st.Road.Class,Road.Surface,Lighting.Conditions,Weather.Conditions,Casualty.Class,Casualty.Severity,Sex.of.Casualty,Age.of.Casualty,Type.of.Vehicle
8003,110483921,429784,433660,1,2,21/10/2011,2120,6,1,4,1,3,3,2,37,9
8004,110484778,436610,436214,2,1,21/10/2011,1830,6,1,4,1,1,2,1,14,1
8005,110485912,424053,435486,2,1,21/10/2011,2055,3,1,4,1,1,3,1,18,9
8006,110487510,431967,430305,2,1,21/10/2011,1315,3,1,1,1,1,3,2,22,9
8007,110486066,420668,434353,2,2,23/10/2011,1319,3,1,1,1,1,3,2,35,9
8008,110486066,420668,434353,2,2,23/10/2011,1319,3,1,1,1,1,3,2,22,9
8009,110486515,435907,435603,2,1,23/10/2011,1455,6,1,1,1,1,3,1,17,2
8010,110488147,428139,435847,2,1,24/10/2011,1415,3,1,1,1,1,3,1,18,1
8011,110489181,424455,433904,1,1,25/10/2011,815,3,2,1,2,1,3,2,47,9
8012,110489328,436266,434706,2,1,25/10/2011,1148,6,1,1,1,2,3,2,81,11
8013,110490047,424801,427536,2,1,25/10/2011,1620,3,1,1,1,1,3,1,19,4
8014,110490133,430841,431390,2,3,25/10/2011,1913,6,2,4,2,1,3,2,19,9
8015,110490133,430841,431390,2,3,25/10/2011,1913,6,2,4,2,1,3,2,19,9
8016,110490133,430841,431390,2,3,25/10/2011,1913,6,2,4,2,2,3,2,19,9
8017,110490250,430223,434363,1,1,25/10/2011,1915,3,2,4,2,1,3,1,44,9
8018,110490298,430221,433756,1,1,25/10/2011,2045,6,2,4,2,3,3,1,18,11
8019,110491144,435079,435124,2,1,25/10/2011,2015,6,2,4,2,1,3,1,36,9
8020,110490706,427263,435163,2,1,26/10/2011,755,6,1,1,1,1,3,1,46,4
8021,110490815,443042,447698,2,2,26/10/2011,820,6,2,1,1,1,3,1,62,10
8022,110490815,443042,447698,2,2,26/10/2011,820,6,2,1,1,1,3,1,28,9
8023,110491014,429922,427802,2,1,26/10/2011,1101,6,1,1,1,1,3,1,55,9
8024,110491688,430210,432821,2,1,26/10/2011,1530,3,1,1,1,1,3,1,43,1
8025,110492088,427516,434567,1,1,26/10/2011,2228,3,2,4,1,3,3,1,11,9
8026,110492677,427295,433637,2,1,27/10/2011,708,3,2,4,2,1,3,1,46,9
8027,110492821,426068,436361,2,2,27/10/2011,1120,6,1,1,1,1,3,1,41,9
8028,110492821,426068,436361,2,2,27/10/2011,1120,6,1,1,1,2,3,2,45,9
8029,110492881,444828,442707,1,1,27/10/2011,1100,6,2,1,1,1,3,1,52,9
8030,110492905,427816,435081,2,1,27/10/2011,1235,6,2,1,1,1,3,1,61,9
8031,110492996,427681,434725,1,1,27/10/2011,1052,6,1,1,1,3,3,1,10,9
8032,110493382,429928,427585,2,1,27/10/2011,1454,6,2,1,2,1,3,2,29,9
8033,110493471,431812,428779,4,1,27/10/2011,1520,6,2,1,2,1,3,2,61,9
8034,110493614,427974,426034,2,1,27/10/2011,1700,3,2,4,2,2,3,2,19,9
8035,110493656,430088,435431,2,2,27/10/2011,1230,6,2,1,1,1,3,2,24,9
8036,110493656,430088,435431,2,2,27/10/2011,1230,6,2,1,1,1,3,1,48,90
8037,110495062,427207,434744,2,1,27/10/2011,1645,3,2,1,2,1,2,1,23,1
8038,110504430,423947,437321,2,1,27/10/2011,800,3,2,1,2,1,3,1,26,1
8039,110494081,427515,436171,2,1,28/10/2011,440,6,1,7,1,1,3,2,19,9
8040,110494241,431003,430595,2,1,28/10/2011,739,6,2,1,1,2,3,1,79,9
8041,110494688,428505,432643,2,1,28/10/2011,1155,3,1,1,1,1,2,1,42,3
8042,110495136,428342,429541,1,1,28/10/2011,1540,3,1,1,1,3,3,2,15,9
8043,110502483,430420,433728,1,1,28/10/2011,1700,6,2,1,1,3,2,2,30,1
8044,110507679,429629,434633,1,1,28/10/2011,2345,3,1,4,1,3,2,2,24,9
8045,110496058,429986,430911,2,1,29/10/2011,1100,3,1,1,1,2,3,2,81,11
8046,110496107,432611,435865,1,1,29/10/2011,1040,3,2,1,1,2,3,1,4,11
8047,110496594,433392,436163,1,1,29/10/2011,1730,6,1,7,1,3,2,2,12,9
8048,110496626,422898,432279,3,2,29/10/2011,1403,6,1,1,1,1,3,1,24,19
8049,110496626,422898,432279,3,2,29/10/2011,1403,6,1,1,1,1,3,2,39,9
8050,110496921,428505,437267,3,1,29/10/2011,2145,6,2,4,2,1,3,1,31,10
8051,110497156,430288,433251,1,2,30/10/2011,125,6,2,4,1,3,3,2,24,9
8052,110497156,430288,433251,1,2,30/10/2011,125,6,2,4,1,3,3,1,33,9
8053,110498007,430087,433371,1,1,30/10/2011,200,6,1,7,1,3,3,1,22,9
8054,110499039,437500,433072,2,1,30/10/2011,2048,6,1,4,1,1,3,1,26,9
8055,110501443,430384,433428,1,2,30/10/2011,500,6,2,4,1,3,3,2,25,9
8056,110501443,430384,433428,1,2,30/10/2011,500,6,2,4,1,3,3,2,26,9
8057,110498676,430498,432282,2,2,31/10/2011,809,6,1,1,1,1,3,1,23,9
8058,110498676,430498,432282,2,2,31/10/2011,809,6,1,1,1,1,3,1,47,9
8059,110499757,425171,429004,1,1,31/10/2011,1745,3,1,4,1,3,3,2,12,9
8060,110499920,422599,433531,2,3,31/10/2011,1830,4,1,4,1,1,3,1,25,9
8061,110499920,422599,433531,2,3,31/10/2011,1830,4,1,4,1,1,3,1,20,9
8062,110499920,422599,433531,2,3,31/10/2011,1830,4,1,4,1,2,3,1,20,9
8063,110500845,432657,433851,2,1,31/10/2011,1620,3,1,1,1,2,3,1,36,11
8064,110501480,435956,435468,2,1,31/10/2011,1745,3,1,7,1,1,3,1,37,8
8065,110500305,429798,433790,2,3,01/11/2011,400,6,1,7,1,2,3,2,23,9
8066,110500305,429798,433790,2,3,01/11/2011,400,6,1,7,1,2,3,1,20,9
8067,110500305,429798,433790,2,3,01/11/2011,400,6,1,7,1,2,3,2,21,9
8068,110500332,422914,434705,1,1,01/11/2011,620,4,1,7,1,1,3,1,49,9
8069,110500764,426422,430137,1,1,01/11/2011,920,3,2,1,1,1,3,1,42,9
8070,110500966,427009,440124,1,1,01/11/2011,1143,3,1,1,1,2,3,2,77,11
8071,110500988,429448,434031,2,2,01/11/2011,1210,2,1,1,1,1,3,2,58,9
8072,110500988,429448,434031,2,2,01/11/2011,1210,2,1,1,1,1,3,1,53,9
8073,110501405,425131,433875,2,2,01/11/2011,1425,6,1,1,1,1,3,2,52,9
8074,110501405,425131,433875,2,2,01/11/2011,1425,6,1,1,1,2,3,2,30,9
8075,110501728,426753,427783,4,1,01/11/2011,1705,6,1,4,1,1,2,2,17,2
8076,110502730,428265,429601,2,1,02/11/2011,1215,3,1,1,1,1,3,2,72,9
8077,110503527,435196,431197,2,2,02/11/2011,1730,6,1,4,1,1,3,1,35,9
8078,110503527,435196,431197,2,2,02/11/2011,1730,6,1,4,1,1,3,2,34,9
8079,110503543,431719,434559,2,2,02/11/2011,1915,6,1,4,1,1,3,2,30,9
8080,110503543,431719,434559,2,2,02/11/2011,1915,6,1,4,1,1,3,1,36,9
8081,110503771,424795,441582,1,2,02/11/2011,2123,6,2,6,2,1,3,2,22,9
8082,110503771,424795,441582,1,2,02/11/2011,2123,6,2,6,2,2,3,1,19,9
8083,110503799,439406,439310,1,1,02/11/2011,2345,3,2,6,1,1,3,2,19,9
8084,110505494,428062,435959,2,1,03/11/2011,2120,3,2,4,1,1,3,2,22,1
8085,110505574,429963,430868,2,2,03/11/2011,2042,3,2,4,1,1,3,2,38,9
8086,110505574,429963,430868,2,2,03/11/2011,2042,3,2,4,1,1,3,1,24,9
8087,110505720,431436,431611,2,6,03/11/2011,2305,3,1,4,1,2,3,1,35,9
8088,110505720,431436,431611,2,6,03/11/2011,2305,3,1,4,1,2,3,1,26,9
8089,110505720,431436,431611,2,6,03/11/2011,2305,3,1,4,1,2,3,1,48,9
8090,110505720,431436,431611,2,6,03/11/2011,2305,3,1,4,1,1,3,1,30,9
8091,110505720,431436,431611,2,6,03/11/2011,2305,3,1,4,1,2,3,1,29,9
8092,110505720,431436,431611,2,6,03/11/2011,2305,3,1,4,1,2,3,1,20,9
8093,110506078,429745,430554,2,1,03/11/2011,2200,3,2,4,1,1,3,1,28,9
8094,110506384,440437,448146,1,1,04/11/2011,1055,4,1,1,1,3,3,2,65,9
8095,110506804,431189,440804,2,1,04/11/2011,1400,3,1,1,1,1,3,1,40,9
8096,110507117,430799,433270,2,1,04/11/2011,1650,3,2,4,2,1,3,1,24,9
8097,110507286,431968,435824,2,3,04/11/2011,1920,3,2,4,2,2,3,2,26,9
8098,110507286,431968,435824,2,3,04/11/2011,1920,3,2,4,2,1,3,2,39,9
8099,110507286,431968,435824,2,3,04/11/2011,1920,3,2,4,2,2,3,2,17,9
8100,110508197,429957,433184,2,1,04/11/2011,1930,6,2,4,2,1,3,1,24,9
8101,110517863,430755,433169,2,1,04/11/2011,1630,3,2,4,1,1,2,1,41,1
8102,110508600,428584,431547,2,1,05/11/2011,1218,3,1,1,1,1,3,2,34,9
8103,110508648,430643,438183,2,1,05/11/2011,1606,6,1,1,1,1,3,2,40,9
8104,110510576,426301,438099,2,1,05/11/2011,1350,3,1,1,1,1,3,2,23,9
8105,110510844,421444,432754,1,1,05/11/2011,1250,6,1,1,1,3,2,1,11,9
8106,110521199,431071,435595,2,1,05/11/2011,2345,6,1,7,1,2,3,1,37,19
8107,110510184,425488,432856,2,3,06/11/2011,1735,3,1,7,1,1,3,1,60,9
8108,110510184,425488,432856,2,3,06/11/2011,1735,3,1,7,1,1,3,2,57,9
8109,110510184,425488,432856,2,3,06/11/2011,1735,3,1,7,1,2,3,2,57,9
8110,110510799,426057,436615,2,1,06/11/2011,1125,6,1,1,1,1,3,1,35,1
8111,110510863,425351,437905,4,4,06/11/2011,1325,3,1,1,1,1,3,2,60,9
8112,110510863,425351,437905,4,4,06/11/2011,1325,3,1,1,1,1,3,2,33,9
8113,110510863,425351,437905,4,4,06/11/2011,1325,3,1,1,1,1,3,1,39,9
8114,110510863,425351,437905,4,4,06/11/2011,1325,3,1,1,1,2,3,2,1,9
8115,110511225,429950,433090,2,1,07/11/2011,1250,6,1,1,1,1,3,1,36,1
8116,110511255,430375,433422,1,1,07/11/2011,1159,6,1,1,1,2,3,2,73,11
8117,110511700,429921,434316,1,1,07/11/2011,1615,3,2,4,1,3,2,2,19,9
8118,110512004,420000,434140,2,1,07/11/2011,1645,3,2,4,2,1,3,2,23,9
8119,110512469,430793,425573,1,1,07/11/2011,1750,6,1,7,1,2,3,1,85,11
8120,110513048,420537,440209,2,1,08/11/2011,650,3,2,1,2,1,3,1,41,3
8121,110514856,438017,425850,2,3,08/11/2011,1740,4,2,4,1,1,3,2,43,9
8122,110514856,438017,425850,2,3,08/11/2011,1740,4,2,4,1,2,3,1,24,9
8123,110514856,438017,425850,2,3,08/11/2011,1740,4,2,4,1,2,3,2,22,9
8124,110514941,431847,434168,2,1,08/11/2011,1710,6,1,7,1,2,3,2,24,9
8125,110514341,429121,434750,1,1,09/11/2011,1200,6,1,1,1,2,3,2,71,11
8126,110514597,428572,427804,2,2,09/11/2011,902,4,2,1,1,1,3,2,29,9
8127,110514597,428572,427804,2,2,09/11/2011,902,4,2,1,1,1,3,1,39,19
8128,110515166,432493,434068,1,1,09/11/2011,1925,6,2,4,2,3,3,1,9,9
8129,110515976,425857,429113,1,1,09/11/2011,1941,1,2,4,1,2,3,2,29,9
8130,110516075,422025,434357,4,2,09/11/2011,1420,4,1,1,1,1,2,2,67,9
8131,110516075,422025,434357,4,2,09/11/2011,1420,4,1,1,1,1,3,1,26,8
8132,110516249,437220,435415,1,1,10/11/2011,825,6,1,1,1,3,3,2,13,9
8133,110516496,426836,438011,2,1,10/11/2011,1335,3,1,1,1,1,3,2,37,9
8134,110516739,430896,433157,2,1,10/11/2011,1445,3,1,1,1,1,3,1,17,1
8135,110516815,430738,439280,1,1,10/11/2011,1555,3,1,1,1,3,2,2,6,9
8136,110516832,431417,434082,2,1,10/11/2011,1650,6,1,4,1,1,2,1,32,1
8137,110516955,433859,427572,2,1,10/11/2011,1720,6,1,4,1,1,3,1,24,9
8138,110518451,433590,435615,2,3,10/11/2011,930,6,1,1,1,1,3,1,19,9
8139,110518451,433590,435615,2,3,10/11/2011,930,6,1,1,1,2,3,2,41,9
8140,110518451,433590,435615,2,3,10/11/2011,930,6,1,1,1,2,3,1,21,9
8141,110517723,428501,430742,1,1,11/11/2011,255,6,1,7,1,3,2,1,6,9
8142,110517884,427452,436236,2,1,11/11/2011,850,6,1,1,1,1,3,2,39,3
8143,110517909,432758,426023,2,1,11/11/2011,718,1,2,1,1,1,3,1,24,9
8144,110518538,433594,433419,1,1,11/11/2011,1510,6,2,1,2,3,3,2,11,9
8145,110518652,431815,429363,1,1,11/11/2011,1813,6,2,4,2,3,3,1,10,9
8146,110518738,429215,433493,2,1,11/11/2011,1720,6,2,4,2,2,3,2,45,11
8147,110518842,421892,436563,2,1,11/11/2011,1740,3,2,4,2,1,3,1,24,1
8148,110519104,431751,434602,2,1,11/11/2011,2234,6,2,4,2,1,3,1,23,9
8149,110519607,444456,432811,1,1,11/11/2011,1945,6,1,4,1,1,3,1,22,9
8150,110519647,430211,433391,2,1,12/11/2011,1145,6,1,1,1,2,3,2,65,11
8151,110519666,429107,433560,3,2,12/11/2011,1035,3,2,1,1,1,3,1,49,8
8152,110519666,429107,433560,3,2,12/11/2011,1035,3,2,1,1,1,3,2,30,9
8153,110520426,428097,434514,2,2,12/11/2011,2220,6,1,4,1,1,3,2,32,9
8154,110520426,428097,434514,2,2,12/11/2011,2220,6,1,4,1,2,3,1,34,9
8155,110520920,424275,428344,2,1,13/11/2011,945,3,1,1,1,2,3,2,53,3
8156,110521284,426335,428160,2,1,13/11/2011,305,4,2,4,7,1,3,1,22,9
8157,110522446,429336,433483,1,1,14/11/2011,1048,6,1,1,1,2,3,1,63,11
8158,110522639,421829,434353,1,1,14/11/2011,1300,4,1,1,1,3,2,2,76,9
8159,110522785,431734,434575,1,1,14/11/2011,1350,6,1,1,1,2,3,2,72,11
8160,110522908,428494,435460,2,1,14/11/2011,1355,6,1,1,1,1,3,1,24,9
8161,110523712,432194,444975,2,1,14/11/2011,1935,3,2,4,1,1,3,2,19,9
8162,110524571,431031,437848,2,1,14/11/2011,730,6,1,1,1,2,3,1,37,9
8163,110524092,430633,432994,2,1,15/11/2011,1256,3,1,1,1,1,3,1,50,11
8164,110524526,431473,432438,2,1,15/11/2011,1350,3,1,1,1,1,3,1,24,19
8165,110524919,425733,431487,2,3,15/11/2011,1833,6,1,4,1,1,3,1,20,9
8166,110524919,425733,431487,2,3,15/11/2011,1833,6,1,4,1,2,3,2,17,9
8167,110524919,425733,431487,2,3,15/11/2011,1833,6,1,4,1,2,3,2,16,9
8168,110526773,427473,435840,1,1,15/11/2011,2030,4,1,4,1,2,3,2,27,8
8169,110526698,427591,428004,1,1,16/11/2011,1700,6,1,7,1,2,3,2,72,11
8170,110526854,427456,436298,2,2,16/11/2011,315,6,1,4,1,1,2,1,34,3
8171,110526854,427456,436298,2,2,16/11/2011,315,6,1,4,1,2,2,1,46,3
8172,110527061,435230,434813,2,2,16/11/2011,2245,3,1,4,1,1,3,1,44,9
8173,110527061,435230,434813,2,2,16/11/2011,2245,3,1,4,1,1,3,1,36,9
8174,110534726,429938,432645,1,1,16/11/2011,1745,6,1,7,1,3,3,2,28,9
8175,110527442,424235,428223,2,1,17/11/2011,830,3,1,1,1,1,3,1,35,9
8176,110528538,430089,431277,2,1,17/11/2011,945,3,1,1,1,1,3,1,33,1
8177,110540508,425051,434289,2,1,17/11/2011,855,3,1,1,1,3,3,1,34,9
8178,110529189,425364,427854,2,1,18/11/2011,744,3,1,1,1,1,3,1,18,3
8179,110529296,430324,433285,1,1,18/11/2011,840,6,1,1,1,2,3,1,44,11
8180,110529387,434854,429070,1,1,18/11/2011,700,3,1,1,1,1,3,1,57,9
8181,110529751,420163,445595,1,1,18/11/2011,1030,4,1,1,1,1,3,2,81,2
8182,110529822,428424,435592,1,2,18/11/2011,1330,6,1,1,1,3,3,2,4,9
8183,110529822,428424,435592,1,2,18/11/2011,1330,6,1,1,1,1,3,2,42,9
8184,110530314,441345,431949,2,3,18/11/2011,1342,3,1,1,1,1,3,1,50,19
8185,110530314,441345,431949,2,3,18/11/2011,1342,3,1,1,1,2,3,1,73,19
8186,110530314,441345,431949,2,3,18/11/2011,1342,3,1,1,1,1,1,1,70,5
8187,110530438,431554,433621,2,1,18/11/2011,1615,3,1,1,1,1,3,1,25,9
8188,110530732,430063,433770,1,1,18/11/2011,2125,6,1,4,1,3,3,2,26,9
8189,110532548,423302,434732,2,2,18/11/2011,2025,6,1,4,1,1,3,1,23,9
8190,110532548,423302,434732,2,2,18/11/2011,2025,6,1,4,1,2,3,1,19,9
8191,110542018,430338,431889,4,1,18/11/2011,1555,1,1,1,1,1,3,1,24,9
8192,110530743,429228,430948,2,1,19/11/2011,140,6,1,7,1,2,3,1,24,9
8193,110531156,430415,433705,1,2,19/11/2011,750,6,1,1,1,1,3,1,49,8
8194,110531156,430415,433705,1,2,19/11/2011,750,6,1,1,1,3,2,1,28,8
8195,110531243,429507,425622,2,3,19/11/2011,1145,6,1,1,1,2,3,2,79,11
8196,110531243,429507,425622,2,3,19/11/2011,1145,6,1,1,1,2,3,2,79,11
8197,110531243,429507,425622,2,3,19/11/2011,1145,6,1,1,1,2,3,2,71,11
8198,110531441,436468,429154,2,1,19/11/2011,1030,6,1,1,1,1,3,1,53,4
8199,110531766,430669,433450,2,1,19/11/2011,1845,6,1,7,1,1,3,1,19,4
8200,110531920,426949,433432,1,1,19/11/2011,1720,6,1,7,1,1,3,1,17,3
8201,110531923,429699,425675,1,1,19/11/2011,1450,3,1,1,1,2,3,2,75,11
8202,110532112,424929,427637,2,2,20/11/2011,34,3,1,4,1,1,3,1,47,9
8203,110532112,424929,427637,2,2,20/11/2011,34,3,1,4,1,1,3,1,36,9
8204,110532894,431270,429487,1,1,20/11/2011,1640,6,1,1,1,2,3,2,5,11
8205,110080616,435757,436187,4,3,21/11/2011,1734,6,2,4,1,1,3,2,39,9
8206,110080616,435757,436187,4,3,21/11/2011,1734,6,2,4,1,1,3,2,49,9
8207,110080616,435757,436187,4,3,21/11/2011,1734,6,2,4,1,1,3,1,37,19
8208,110533575,427530,438605,2,1,21/11/2011,814,3,1,1,1,1,3,2,34,9
8209,110533701,422235,433538,1,1,21/11/2011,835,4,1,1,1,3,3,2,12,9
8210,110533751,428085,435385,2,1,21/11/2011,825,6,2,1,7,1,3,1,46,3
8211,110534594,431520,435143,2,1,21/11/2011,1335,3,1,1,1,1,3,2,30,9
8212,110534622,438557,429958,2,1,21/11/2011,1535,6,2,1,1,3,3,2,12,19
8213,110534718,421588,433554,2,1,21/11/2011,1840,6,1,4,1,1,3,1,15,1
8214,110535154,426899,439313,2,1,22/11/2011,700,3,1,1,1,1,3,1,48,9
8215,110535580,442167,445086,1,1,22/11/2011,1040,6,2,1,8,3,3,1,16,9
8216,110536034,430744,438914,1,1,22/11/2011,1440,6,1,1,1,2,3,2,7,11
8217,110536781,433173,435235,2,1,22/11/2011,1350,6,1,1,1,1,3,1,23,9
8218,110538007,429964,428088,2,1,22/11/2011,1900,6,1,4,1,1,3,1,34,1
8219,110536894,432311,425990,2,1,23/11/2011,754,1,1,1,1,1,3,2,39,9
8220,110538101,429916,439610,1,1,23/11/2011,1740,6,1,4,1,3,3,1,18,19
8221,110538258,424473,428078,2,2,23/11/2011,2145,3,1,7,1,1,3,1,20,9
8222,110538258,424473,428078,2,2,23/11/2011,2145,3,1,7,1,1,3,1,39,9
8223,110538291,435049,432592,1,3,23/11/2011,2240,6,1,7,1,1,3,2,20,9
8224,110538291,435049,432592,1,3,23/11/2011,2240,6,1,7,1,2,3,2,18,9
8225,110538291,435049,432592,1,3,23/11/2011,2240,6,1,7,1,2,3,1,18,9
8226,110538495,431967,432688,2,2,23/11/2011,1155,6,1,1,1,1,3,2,33,9
8227,110538495,431967,432688,2,2,23/11/2011,1155,6,1,1,1,1,3,2,36,9
8228,110538520,429599,432560,2,1,23/11/2011,1000,6,1,1,1,1,3,1,32,19
8229,110546165,430967,435788,1,1,23/11/2011,1700,6,1,4,1,3,3,2,17,9
8230,110538667,425913,436255,2,1,24/11/2011,840,3,1,1,1,1,3,1,38,1
8231,110538944,430309,434764,1,2,24/11/2011,905,6,1,1,1,2,3,2,34,11
8232,110538944,430309,434764,1,2,24/11/2011,905,6,1,1,1,2,3,2,48,11
8233,110538988,433270,436216,2,1,24/11/2011,1030,3,1,1,1,1,3,1,23,1
8234,110539793,420046,435659,2,2,24/11/2011,1753,6,1,4,1,1,3,2,30,9
8235,110539793,420046,435659,2,2,24/11/2011,1753,6,1,4,1,1,3,1,17,1
8236,110539908,420023,437083,2,2,24/11/2011,1910,3,1,4,1,1,3,2,61,9
8237,110539908,420023,437083,2,2,24/11/2011,1910,3,1,4,1,1,3,2,57,9
8238,110540366,429647,432928,2,1,25/11/2011,748,6,2,1,1,1,3,1,28,1
8239,110540687,430716,435008,3,2,25/11/2011,947,3,2,1,5,1,3,2,27,9
8240,110540687,430716,435008,3,2,25/11/2011,947,3,2,1,5,2,3,1,26,9
8241,110541468,431284,432352,2,2,25/11/2011,1435,3,1,1,1,1,3,1,51,9
8242,110541468,431284,432352,2,2,25/11/2011,1435,3,1,1,1,2,3,2,40,9
8243,110541545,432297,426148,2,1,25/11/2011,1700,1,2,4,1,1,3,2,20,9
8244,110541566,438415,445936,1,1,25/11/2011,1635,6,2,4,1,3,3,2,9,9
8245,110542116,438766,445940,2,1,25/11/2011,1250,3,2,1,1,1,3,1,69,5
8246,110541969,427915,435333,5,1,26/11/2011,30,6,2,4,1,1,3,1,47,9
8247,110542330,432924,429699,1,1,26/11/2011,900,3,1,1,1,1,1,1,47,9
8248,110542566,441341,433578,2,1,26/11/2011,1300,6,1,1,1,1,3,2,51,9
8249,110542982,437156,433475,2,4,26/11/2011,1445,3,2,1,2,1,3,1,51,9
8250,110542982,437156,433475,2,4,26/11/2011,1445,3,2,1,2,1,3,2,31,9
8251,110542982,437156,433475,2,4,26/11/2011,1445,3,2,1,2,2,3,1,12,9
8252,110542982,437156,433475,2,4,26/11/2011,1445,3,2,1,2,2,3,2,10,9
8253,110544390,436101,431199,1,1,27/11/2011,509,1,1,4,1,2,3,1,23,9
8254,110544650,429559,431561,2,1,27/11/2011,1915,6,1,4,1,1,3,1,20,3
8255,110545451,435655,436501,2,1,28/11/2011,804,6,1,1,1,1,3,1,13,1
8256,110545458,437108,436060,2,2,28/11/2011,1202,6,1,1,1,1,3,1,21,9
8257,110545458,437108,436060,2,2,28/11/2011,1202,6,1,1,1,2,3,2,0,11
8258,110546154,432241,436364,2,5,28/11/2011,1540,6,1,1,1,2,3,1,6,9
8259,110546154,432241,436364,2,5,28/11/2011,1540,6,1,1,1,2,3,2,4,9
8260,110546154,432241,436364,2,5,28/11/2011,1540,6,1,1,1,2,3,2,16,9
8261,110546154,432241,436364,2,5,28/11/2011,1540,6,1,1,1,2,3,2,2,9
8262,110546154,432241,436364,2,5,28/11/2011,1540,6,1,1,1,2,3,2,32,9
8263,110546512,430065,433783,2,1,28/11/2011,2130,6,1,4,1,1,3,1,58,9
8264,110546770,431949,425493,2,1,29/11/2011,800,1,1,1,4,2,3,2,27,9
8265,110546978,434819,428722,2,1,29/11/2011,800,6,1,1,1,1,3,2,50,9
8266,110547096,428433,428882,1,1,29/11/2011,1100,3,1,1,1,2,3,2,65,11
8267,110547152,427632,435969,2,1,29/11/2011,902,4,1,1,1,1,3,2,25,1
8268,110548033,428667,437011,2,1,29/11/2011,1830,4,2,4,2,1,3,1,25,9
8269,110548864,430864,436299,1,1,30/11/2011,1055,6,1,1,1,3,2,2,53,9
8270,110549012,429946,433098,2,2,30/11/2011,1135,6,1,1,2,2,3,2,73,11
8271,110549012,429946,433098,2,2,30/11/2011,1135,6,1,1,2,2,3,2,28,11
8272,110549599,432269,434583,2,2,30/11/2011,1745,6,1,7,1,1,3,1,20,9
8273,110549599,432269,434583,2,2,30/11/2011,1745,6,1,7,1,2,3,1,18,9
8274,110549630,420225,445547,1,1,30/11/2011,1811,3,1,7,1,3,3,1,11,9
8275,110549730,432799,425993,4,3,30/11/2011,1920,1,1,4,1,1,3,1,32,9
8276,110549730,432799,425993,4,3,30/11/2011,1920,1,1,4,1,1,3,2,29,9
8277,110549730,432799,425993,4,3,30/11/2011,1920,1,1,4,1,2,3,1,26,9
8278,110549812,429927,433658,1,1,30/11/2011,1925,6,1,4,1,3,2,1,72,8
8279,110550605,423279,437507,4,1,30/11/2011,1800,3,2,4,2,1,3,2,33,9
8280,110551121,436853,428983,2,3,01/12/2011,1610,3,1,4,1,1,3,1,60,9
8281,110551121,436853,428983,2,3,01/12/2011,1610,3,1,4,1,2,3,1,79,9
8282,110551121,436853,428983,2,3,01/12/2011,1610,3,1,4,1,2,3,2,76,9
8283,110553000,424839,440203,1,1,01/12/2011,1630,6,1,7,1,3,3,2,38,9
8284,110553449,431215,429814,2,1,01/12/2011,1930,6,1,4,1,1,3,2,32,9
8285,110554495,431522,427032,2,1,01/12/2011,1831,3,1,7,1,1,2,1,50,4
8286,110557085,430083,433908,1,1,01/12/2011,1620,6,1,1,1,3,3,2,16,9
8287,110562174,438278,432780,2,1,01/12/2011,1515,3,2,1,5,1,3,2,41,9
8288,110552243,429599,432560,2,2,02/12/2011,655,6,2,4,1,1,3,1,49,9
8289,110552243,429599,432560,2,2,02/12/2011,655,6,2,4,1,2,3,1,19,9
8290,110552281,430374,433501,1,1,02/12/2011,1150,6,1,1,1,2,3,2,21,11
8291,110552319,435659,437027,4,4,02/12/2011,1139,3,2,1,1,1,3,1,41,9
8292,110552319,435659,437027,4,4,02/12/2011,1139,3,2,1,1,2,3,1,28,19
8293,110552319,435659,437027,4,4,02/12/2011,1139,3,2,1,1,1,3,2,32,9
8294,110552319,435659,437027,4,4,02/12/2011,1139,3,2,1,1,2,3,1,14,9
8295,110552375,427745,436149,2,1,02/12/2011,1255,4,2,1,1,1,3,1,53,1
8296,110553056,420662,434351,3,1,02/12/2011,1520,3,2,1,1,1,2,1,14,1
8297,110553089,424145,444015,2,1,02/12/2011,1945,3,2,4,1,1,3,1,47,5
8298,110553099,435961,428277,1,1,02/12/2011,2100,3,2,4,1,1,3,1,19,3
8299,110553368,431402,435025,2,1,02/12/2011,2215,6,2,4,1,1,3,1,20,3
8300,110554197,427641,433716,2,1,02/12/2011,1500,3,2,1,1,1,3,1,54,5
8301,110555114,430189,434107,1,1,02/12/2011,1205,6,1,1,1,3,3,2,22,9
8302,110553353,423005,437645,2,2,03/12/2011,30,3,1,7,1,1,3,2,31,9
8303,110553353,423005,437645,2,2,03/12/2011,30,3,1,7,1,2,3,1,30,9
8304,110553749,430767,435233,1,1,03/12/2011,945,6,1,1,1,3,3,1,14,9
8305,110554205,440574,428696,2,1,03/12/2011,1452,6,2,1,1,1,3,2,22,9
8306,110554323,436828,433635,1,1,03/12/2011,1705,6,2,4,4,3,2,1,13,9
8307,110555434,435088,442942,2,1,03/12/2011,1730,6,1,6,1,3,3,2,31,9