Col.Number,Reference.Number,Easting,Northing,Number.of.Vehicles,Number.of.Casualties,Accident.Date,Time..24hr.,X1st.Road.Class,Road.Surface,Lighting.Conditions,Weather.Conditions,Casualty.Class,Casualty.Severity,Sex.of.Casualty,Age.of.Casualty,Type.of.Vehicle
8308,110555745,431923,434803,1,1,03/12/2011,2210,6,2,4,2,3,3,1,20,9
8309,110555050,429785,430630,2,1,04/12/2011,945,3,2,1,5,1,2,1,57,1
8310,110555253,439240,439260,3,3,04/12/2011,945,3,2,1,1,1,2,2,33,9
8311,110555253,439240,439260,3,3,04/12/2011,945,3,2,1,1,1,3,2,26,9
8312,110555253,439240,439260,3,3,04/12/2011,945,3,2,1,1,1,2,2,63,9
8313,110555860,427170,430583,1,1,04/12/2011,2335,1,4,7,1,1,3,1,20,9
8314,110557920,437384,441380,2,1,05/12/2011,950,6,2,1,2,1,3,2,39,16
8315,110558854,438469,432704,2,1,05/12/2011,805,3,4,1,1,1,3,2,26,9
8316,110564322,431434,435684,1,1,05/12/2011,1750,6,1,7,1,3,3,1,39,9
8317,110557681,433220,430022,2,1,06/12/2011,635,4,1,4,5,1,3,1,60,1
8318,110557876,425427,434302,1,2,06/12/2011,845,3,2,1,1,1,2,1,39,1
8319,110557876,425427,434302,1,2,06/12/2011,845,3,2,1,1,3,3,2,51,1
8320,110558037,425771,442727,2,1,06/12/2011,730,6,2,7,1,1,3,2,41,9
8321,110558045,423096,437692,2,2,06/12/2011,1030,3,2,1,1,1,3,1,29,9
8322,110558045,423096,437692,2,2,06/12/2011,1030,3,2,1,1,2,3,1,55,9
8323,110558634,432580,434645,1,1,06/12/2011,1500,4,1,1,1,3,3,2,12,9
8324,110558743,424890,427721,2,2,06/12/2011,1625,3,1,1,1,1,3,2,35,9
8325,110558743,424890,427721,2,2,06/12/2011,1625,3,1,1,1,2,3,1,14,9
8326,110559053,431957,435853,2,1,06/12/2011,2057,4,2,4,2,2,3,1,23,9
8327,110559095,443212,439759,3,1,06/12/2011,1825,2,2,6,2,1,3,2,60,9
8328,110559120,433376,437250,1,2,06/12/2011,2050,6,1,7,1,1,3,1,36,9
8329,110559120,433376,437250,1,2,06/12/2011,2050,6,1,7,1,2,3,1,28,9
8330,110559157,432476,436529,1,1,06/12/2011,1655,6,1,7,1,3,3,2,12,9
8331,110559841,429695,433956,2,1,07/12/2011,1235,6,1,1,1,1,2,1,18,1
8332,110559921,430669,434730,2,1,07/12/2011,1206,3,1,1,1,1,3,2,40,9
8333,110559992,438037,431438,1,1,07/12/2011,1300,6,2,1,1,1,3,1,67,9
8334,110560079,430301,433839,1,1,07/12/2011,1340,6,1,1,1,2,3,2,84,11
8335,110560249,430717,433451,2,2,07/12/2011,1545,6,2,4,5,1,3,1,19,9
8336,110560249,430717,433451,2,2,07/12/2011,1545,6,2,4,5,2,3,1,19,9
8337,110560551,431271,435018,1,1,07/12/2011,1700,3,1,4,1,3,3,2,14,9
8338,110560581,428777,442056,2,1,07/12/2011,1505,6,2,1,1,1,3,1,39,9
8339,110560707,420015,440888,1,1,07/12/2011,1630,3,2,4,1,3,1,2,81,19
8340,110560847,429897,434269,1,1,08/12/2011,25,6,2,4,1,3,2,1,19,9
8341,110561157,422001,436536,2,1,08/12/2011,555,3,2,4,2,1,3,1,26,1
8342,110562075,425626,433079,2,4,08/12/2011,1340,6,2,1,5,1,3,1,39,19
8343,110562075,425626,433079,2,4,08/12/2011,1340,6,2,1,5,1,3,1,75,9
8344,110562075,425626,433079,2,4,08/12/2011,1340,6,2,1,5,2,3,2,37,9
8345,110562075,425626,433079,2,4,08/12/2011,1340,6,2,1,5,2,3,1,75,9
8346,110562207,423724,434337,3,2,08/12/2011,1400,3,1,1,1,2,3,2,36,11
8347,110562207,423724,434337,3,2,08/12/2011,1400,3,1,1,1,2,3,2,41,11
8348,110562809,430522,432737,1,1,08/12/2011,907,3,1,1,1,2,3,2,75,11
8349,110562897,422259,433376,1,1,08/12/2011,1139,4,2,1,5,2,3,2,56,11
8350,110562769,425478,437536,2,3,09/12/2011,705,6,2,7,2,1,3,1,26,9
8351,110562769,425478,437536,2,3,09/12/2011,705,6,2,7,2,1,3,1,43,9
8352,110562769,425478,437536,2,3,09/12/2011,705,6,2,7,2,2,3,1,21,9
8353,110563450,431453,432440,2,2,09/12/2011,920,3,2,1,1,1,3,1,58,9
8354,110563450,431453,432440,2,2,09/12/2011,920,3,2,1,1,2,3,1,26,9
8355,110563971,431360,435236,2,1,09/12/2011,1645,6,2,4,1,1,3,1,52,8
8356,110564061,427526,433844,2,1,09/12/2011,1310,6,2,1,1,1,3,2,34,9
8357,110564111,424994,426972,2,2,09/12/2011,1215,1,2,1,1,1,3,1,32,9
8358,110564111,424994,426972,2,2,09/12/2011,1215,1,2,1,1,2,3,2,27,9
8359,110564347,423106,433789,1,1,09/12/2011,2310,6,4,4,1,3,2,1,49,9
8360,110564790,429647,433797,1,1,09/12/2011,1910,6,2,4,1,2,3,1,28,11
8361,110564945,431911,435909,2,1,09/12/2011,1908,4,2,4,1,1,3,1,55,9
8362,110564512,430086,431192,2,1,10/12/2011,635,3,2,4,1,1,3,1,29,1
8363,110565231,431955,428438,2,3,10/12/2011,1505,1,1,1,1,2,3,2,37,9
8364,110565231,431955,428438,2,3,10/12/2011,1505,1,1,1,1,2,3,1,5,9
8365,110565231,431955,428438,2,3,10/12/2011,1505,1,1,1,1,2,3,1,3,9
8366,110565378,428114,426500,4,2,10/12/2011,1432,3,2,1,1,1,3,1,41,9
8367,110565378,428114,426500,4,2,10/12/2011,1432,3,2,1,1,1,3,1,26,9
8368,110565398,421632,434561,1,1,10/12/2011,1730,6,1,7,1,3,1,1,85,8
8369,110566152,425006,434371,1,1,10/12/2011,1705,3,2,4,2,3,3,1,49,9
8370,110565810,424591,433586,1,1,11/12/2011,330,4,1,7,1,1,3,2,27,9
8371,110566502,420898,434458,2,1,11/12/2011,1700,3,2,4,1,1,3,1,47,9
8372,110567704,426240,440138,1,1,12/12/2011,1234,6,2,1,1,2,3,1,34,11
8373,110568012,426263,442461,2,4,12/12/2011,1535,6,2,1,1,1,3,2,51,9
8374,110568012,426263,442461,2,4,12/12/2011,1535,6,2,1,1,2,3,2,2,9
8375,110568012,426263,442461,2,4,12/12/2011,1535,6,2,1,1,2,3,2,3,9
8376,110568012,426263,442461,2,4,12/12/2011,1535,6,2,1,1,2,3,2,5,9
8377,110568098,435966,437141,2,1,12/12/2011,1645,6,2,4,1,1,3,1,16,2
8378,110568425,431523,430007,2,1,12/12/2011,2145,6,1,7,1,2,3,1,19,9
8379,110569192,435025,436204,2,1,12/12/2011,1335,6,1,1,1,1,2,1,33,3
8380,110569573,429624,434639,1,1,12/12/2011,1200,3,1,1,1,3,3,1,18,9
8381,110571528,428098,434758,2,1,12/12/2011,1225,6,1,1,1,1,3,1,23,5
8382,110024899,427132,435651,1,1,13/12/2011,840,6,1,1,1,3,3,2,34,9
8383,110572773,432095,433858,1,1,13/12/2011,2040,6,1,7,1,2,3,2,57,8
8384,110570417,424277,428342,2,1,14/12/2011,755,3,2,1,1,1,2,1,49,3
8385,110570492,429430,437321,1,1,14/12/2011,930,6,1,1,1,3,3,1,65,9
8386,110571399,436580,435578,2,2,14/12/2011,1703,6,1,4,1,1,3,1,57,9
8387,110571399,436580,435578,2,2,14/12/2011,1703,6,1,4,1,2,3,1,25,9
8388,110571495,428054,431119,1,1,14/12/2011,1030,3,1,1,1,3,3,1,19,9
8389,110571667,422235,433016,1,1,14/12/2011,2215,6,1,7,1,1,3,2,25,9
8390,110572034,425941,438104,3,2,14/12/2011,1314,3,2,1,2,1,3,1,41,9
8391,110572034,425941,438104,3,2,14/12/2011,1314,3,2,1,2,1,3,1,75,9
8392,110574386,427365,434649,2,2,14/12/2011,1530,3,2,1,2,1,3,1,21,9
8393,110574386,427365,434649,2,2,14/12/2011,1530,3,2,1,2,2,3,2,21,9
8394,120003116,420328,434223,2,1,14/12/2011,1530,3,1,1,1,1,3,1,31,9
8395,110572107,433182,434025,1,1,15/12/2011,1014,3,2,1,1,3,1,1,48,11
8396,110572454,424504,435461,3,1,15/12/2011,945,6,4,1,1,1,3,1,18,9
8397,110572503,424525,435475,2,2,15/12/2011,950,6,4,1,1,1,3,1,40,9
8398,110572503,424525,435475,2,2,15/12/2011,950,6,4,1,1,1,3,1,51,19
8399,110572524,440319,448263,1,1,15/12/2011,1140,6,1,1,1,3,3,1,77,9
8400,110572767,423732,437374,2,1,15/12/2011,1550,3,1,1,1,3,3,1,65,9
8401,110573004,424971,443430,2,1,15/12/2011,1735,3,1,7,1,1,3,1,24,9
8402,110574117,433168,434011,3,1,15/12/2011,1120,3,2,1,1,2,3,2,32,9
8403,110574049,442562,442439,8,3,16/12/2011,620,2,2,6,1,1,3,1,49,21
8404,110574049,442562,442439,8,3,16/12/2011,620,2,2,6,1,1,3,1,70,9
8405,110574049,442562,442439,8,3,16/12/2011,620,2,2,6,1,1,2,1,29,9
8406,110574385,427033,426071,2,1,16/12/2011,1709,1,1,4,1,1,3,1,44,9
8407,110574518,428045,432044,1,1,16/12/2011,1917,3,2,4,1,3,3,1,9,9
8408,110574594,427502,425501,2,2,16/12/2011,1920,3,2,4,2,2,3,1,27,9
8409,110574594,427502,425501,2,2,16/12/2011,1920,3,2,4,2,2,3,2,48,9
8410,110574924,429782,433661,1,2,16/12/2011,2355,6,1,4,1,1,3,1,45,8
8411,110574924,429782,433661,1,2,16/12/2011,2355,6,1,4,1,3,3,1,36,8
8412,110574928,433668,428939,2,1,16/12/2011,2320,6,1,4,1,1,3,1,51,9
8413,120007402,427450,434602,1,1,16/12/2011,130,3,2,4,2,3,3,1,22,9
8414,110574885,429951,433084,1,1,17/12/2011,13,6,2,4,1,3,2,1,49,9
8415,110575119,440041,432812,1,1,17/12/2011,906,6,4,1,1,1,3,2,30,3
8416,110575236,424718,437895,2,1,17/12/2011,905,6,4,1,1,1,3,1,38,9
8417,110575641,420934,434411,2,3,17/12/2011,1310,3,1,1,1,1,3,1,31,9
8418,110575641,420934,434411,2,3,17/12/2011,1310,3,1,1,1,2,3,2,29,9
8419,110575641,420934,434411,2,3,17/12/2011,1310,3,1,1,1,2,3,2,51,9
8420,110576035,425623,426885,2,1,17/12/2011,2308,3,2,4,1,1,3,2,49,9
8421,110576082,420866,436975,2,4,17/12/2011,2320,3,2,4,1,1,3,2,24,9
8422,110576082,420866,436975,2,4,17/12/2011,2320,3,2,4,1,2,3,1,34,9
8423,110576082,420866,436975,2,4,17/12/2011,2320,3,2,4,1,2,3,1,25,9
8424,110576082,420866,436975,2,4,17/12/2011,2320,3,2,4,1,2,3,1,20,9
8425,110576505,430738,435033,2,1,17/12/2011,1935,3,1,4,1,1,3,1,64,9
8426,110576556,431350,435056,2,5,18/12/2011,1235,3,1,1,1,1,3,1,70,9
8427,110576556,431350,435056,2,5,18/12/2011,1235,3,1,1,1,2,3,2,50,9
8428,110576556,431350,435056,2,5,18/12/2011,1235,3,1,1,1,2,3,2,18,9
8429,110576556,431350,435056,2,5,18/12/2011,1235,3,1,1,1,2,3,1,17,9
8430,110576556,431350,435056,2,5,18/12/2011,1235,3,1,1,1,1,3,1,50,9
8431,110577292,426648,441801,2,1,18/12/2011,2305,3,5,4,1,1,3,1,37,9
8432,110577349,431822,426303,3,4,18/12/2011,1150,1,2,1,1,1,3,1,68,9
8433,110577349,431822,426303,3,4,18/12/2011,1150,1,2,1,1,2,3,2,68,9
8434,110577349,431822,426303,3,4,18/12/2011,1150,1,2,1,1,2,3,2,1,9
8435,110577349,431822,426303,3,4,18/12/2011,1150,1,2,1,1,2,3,2,53,9
8436,110577958,427363,433640,2,1,19/12/2011,1330,3,1,1,1,1,3,2,53,9
8437,110578100,431018,430501,3,3,19/12/2011,1340,6,2,1,1,1,3,1,19,19
8438,110578100,431018,430501,3,3,19/12/2011,1340,6,2,1,1,1,3,1,23,9
8439,110578100,431018,430501,3,3,19/12/2011,1340,6,2,1,1,2,3,1,23,19
8440,110578542,422751,432257,1,1,19/12/2011,1705,6,2,4,5,3,2,1,74,9
8441,110578626,436189,434321,2,1,19/12/2011,1510,6,1,1,1,1,3,1,45,9
8442,110579408,431890,435721,1,1,19/12/2011,1655,3,1,7,1,3,3,2,13,9
8443,110579991,431926,431277,1,1,20/12/2011,1600,3,1,1,1,1,3,1,22,2
8444,110580089,431598,434016,2,1,20/12/2011,1650,6,1,4,1,1,3,1,17,4
8445,110580115,442467,434234,2,1,20/12/2011,1615,3,1,6,1,1,3,2,47,9
8446,110580478,430692,432955,2,2,20/12/2011,2110,3,2,4,1,1,3,2,35,9
8447,110580478,430692,432955,2,2,20/12/2011,2110,3,2,4,1,1,3,2,25,9
8448,110581256,439204,432225,3,1,20/12/2011,1744,3,2,4,1,1,3,2,28,9
8449,110581078,429746,437053,2,2,21/12/2011,900,6,2,1,1,1,3,1,29,9
8450,110581078,429746,437053,2,2,21/12/2011,900,6,2,1,1,2,3,1,33,9
8451,110581266,443672,431688,1,1,21/12/2011,1530,3,2,1,1,1,3,2,41,9
8452,110581359,429782,433662,1,1,21/12/2011,1740,6,2,4,1,3,3,2,35,9
8453,110581547,429928,427585,2,1,21/12/2011,1952,6,2,4,1,1,3,2,38,9
8454,110428709,428513,433045,2,2,22/12/2011,1330,4,1,1,1,1,3,1,42,9
8455,110428709,428513,433045,2,2,22/12/2011,1330,4,1,1,1,2,3,1,29,9
8456,110582403,433887,426148,2,1,22/12/2011,1800,4,1,7,1,1,2,1,47,3
8457,110582716,430425,433812,1,1,22/12/2011,1219,6,1,1,1,3,3,2,64,2
8458,110583013,430526,433451,2,1,22/12/2011,1410,6,1,1,1,1,3,1,20,2
8459,110583021,432741,427504,2,1,22/12/2011,1500,3,2,1,1,1,3,1,45,5
8460,110583229,425570,434242,1,1,22/12/2011,1730,3,2,4,1,3,2,2,40,9
8461,110583340,427153,425074,2,2,22/12/2011,1645,3,1,4,1,1,3,2,19,9
8462,110583340,427153,425074,2,2,22/12/2011,1645,3,1,4,1,1,3,1,16,3
8463,110583465,432420,433287,3,1,22/12/2011,1929,6,2,4,8,1,2,1,43,5
8464,110584582,430393,433584,1,1,23/12/2011,1430,6,2,1,1,3,2,2,54,21
8465,110584945,426416,429537,1,1,23/12/2011,1508,1,2,1,2,1,2,2,24,9
8466,110584963,428161,426773,3,2,23/12/2011,1415,3,1,1,1,2,3,2,12,9
8467,110584963,428161,426773,3,2,23/12/2011,1415,3,1,1,1,2,3,2,72,9
8468,110585053,421371,439249,1,1,23/12/2011,1815,3,2,4,1,3,2,2,71,9
8469,110585852,427934,426298,3,3,23/12/2011,1744,3,2,7,1,1,3,2,25,9
8470,110585852,427934,426298,3,3,23/12/2011,1744,3,2,7,1,1,3,1,20,9
8471,110585852,427934,426298,3,3,23/12/2011,1744,3,2,7,1,2,3,1,26,9
8472,110585881,427502,431297,2,1,23/12/2011,1345,3,2,1,2,1,3,2,36,9
8473,110585763,429947,433098,2,1,24/12/2011,1205,6,2,1,1,1,2,2,32,9
8474,110586115,436858,433638,2,1,24/12/2011,1635,3,2,4,1,1,3,2,29,1
8475,110586444,430470,437332,1,1,24/12/2011,2345,6,2,4,1,3,3,1,50,9
8476,110586528,430482,427475,1,2,25/12/2011,735,6,2,4,2,1,3,1,67,8
8477,110586528,430482,427475,1,2,25/12/2011,735,6,2,4,2,3,2,1,4,8
8478,110586727,427998,434569,1,1,25/12/2011,1730,6,2,4,1,1,2,1,26,3
8479,110587364,430920,436486,2,1,26/12/2011,1400,6,1,1,4,1,3,1,45,9
8480,110587487,421031,445000,2,1,26/12/2011,1810,3,2,4,1,1,2,1,49,5
8481,110587528,426708,440103,2,1,26/12/2011,2120,6,1,4,1,1,3,2,36,9
8482,110588050,431876,430498,2,1,27/12/2011,1158,1,1,1,1,1,3,1,37,9
8483,110588213,439331,432363,2,1,27/12/2011,1439,3,1,1,1,1,3,1,17,3
8484,110588741,440141,426161,2,2,27/12/2011,1405,3,1,1,1,1,3,1,18,9
8485,110588741,440141,426161,2,2,27/12/2011,1405,3,1,1,1,2,3,2,19,9
8486,110589053,426835,438056,2,1,28/12/2011,1005,3,1,1,1,1,3,1,52,1
8487,110589511,421332,440840,1,1,28/12/2011,1350,6,1,1,1,3,3,1,23,9
8488,110589517,426117,438130,1,1,28/12/2011,1435,3,1,1,1,3,3,1,12,9
8489,110589703,436932,433618,2,1,28/12/2011,1610,3,2,1,1,1,3,1,50,9
8490,110589857,443541,438291,3,1,28/12/2011,1610,2,2,1,5,2,3,1,21,9
8491,110590106,420518,445572,2,3,28/12/2011,939,3,1,1,4,1,3,2,56,9
8492,110590106,420518,445572,2,3,28/12/2011,939,3,1,1,4,1,3,1,66,9
8493,110590106,420518,445572,2,3,28/12/2011,939,3,1,1,4,2,3,1,54,9
8494,110590580,432172,426103,1,1,29/12/2011,1255,1,2,1,5,1,3,1,33,9
8495,110590965,426434,433299,2,1,29/12/2011,1615,6,2,4,4,1,3,1,20,2
8496,110591169,435093,434724,1,1,29/12/2011,1941,3,2,4,4,3,1,1,49,11
8497,110591219,429514,431129,2,1,29/12/2011,1510,6,2,1,5,2,3,2,72,9
8498,110592211,421530,434682,2,1,29/12/2011,1046,4,2,1,5,2,3,2,71,11
8499,110591784,428507,432642,2,1,30/12/2011,535,3,2,4,1,1,2,1,37,5
8500,110592208,425682,428524,1,1,30/12/2011,1115,4,1,1,1,3,3,1,15,19
8501,110592248,432513,427316,1,1,30/12/2011,1445,3,2,1,5,1,2,1,21,3
8502,110592481,420218,445618,1,1,30/12/2011,1635,6,1,7,1,3,3,1,62,9
8503,110592791,426526,427213,2,1,30/12/2011,2105,4,2,4,2,1,3,1,17,1
8504,110592051,428984,435435,1,1,31/12/2011,1305,3,2,1,2,3,3,1,10,9
8505,110592833,428058,432860,1,1,31/12/2011,128,6,2,7,2,2,3,1,17,9
8506,110593050,435402,436161,1,1,31/12/2011,1000,6,2,1,4,2,3,2,79,11
8507,110593522,431237,434797,2,1,31/12/2011,1445,6,1,1,1,1,3,1,24,9
8508,110593524,441284,431076,1,1,31/12/2011,1330,4,1,1,1,3,2,1,8,9
8509,120033394,430536,433129,1,1,22/01/2012,255,6,1,7,1,3,2,2,28,9
8510,120034263,427301,434682,2,1,23/01/2012,800,3,2,1,2,1,3,1,19,3
8511,120034970,422201,433910,1,1,23/01/2012,1345,4,1,1,1,3,2,2,73,9
8512,120035568,428891,431676,1,1,24/01/2012,117,6,2,4,1,1,2,1,19,9
8513,120036061,442525,427843,1,1,24/01/2012,930,6,1,1,1,3,3,2,16,3
8514,120036097,420972,439975,2,1,24/01/2012,740,4,2,4,2,1,3,1,24,1
8515,120037021,429960,430866,2,1,24/01/2012,2115,3,2,4,2,2,3,2,49,9
8516,120037514,432133,429435,2,2,25/01/2012,818,1,2,1,1,1,3,1,47,5
8517,120037514,432133,429435,2,2,25/01/2012,818,1,2,1,1,1,3,2,45,9
8518,120037869,431818,426339,3,2,25/01/2012,853,1,1,1,1,1,3,2,34,9
8519,120037869,431818,426339,3,2,25/01/2012,853,1,1,1,1,1,3,2,31,9
8520,120038444,424304,434770,1,1,25/01/2012,1645,6,1,1,1,3,3,2,13,9
8521,120038568,431231,434794,2,1,25/01/2012,1720,6,1,4,1,1,3,1,37,1
8522,120038630,427714,436154,2,1,25/01/2012,1915,6,1,4,1,2,3,1,59,9
8523,120039444,432971,439577,1,1,25/01/2012,1410,6,1,1,1,3,3,1,58,9
8524,120039161,424375,433891,2,1,26/01/2012,645,3,2,4,1,1,3,1,19,9
8525,120039266,432902,430251,2,1,26/01/2012,955,4,1,1,1,1,3,1,34,20
8526,120040113,435099,435651,2,1,26/01/2012,1440,6,1,1,1,2,3,1,39,11
8527,120040180,431956,430497,2,2,26/01/2012,1615,3,1,1,1,1,3,1,30,9
8528,120040180,431956,430497,2,2,26/01/2012,1615,3,1,1,1,2,3,2,29,9
8529,120040237,431367,433965,1,1,26/01/2012,1755,6,2,4,2,3,3,1,39,8
8530,120040275,433887,426146,2,1,26/01/2012,1726,4,2,4,1,1,3,1,44,1
8531,120042215,438758,430801,2,1,26/01/2012,1805,3,1,7,1,1,3,2,48,9
8532,120047476,437329,435796,1,1,26/01/2012,815,6,1,1,1,3,2,1,12,9
8533,120041238,419851,441187,2,1,27/01/2012,1040,6,1,1,1,1,3,2,19,9
8534,120041360,437025,436227,3,2,27/01/2012,828,6,2,1,1,1,3,2,36,9
8535,120000793,423650,434359,2,3,01/01/2012,1110,3,2,1,2,1,3,1,26,9
8536,120000793,423650,434359,2,3,01/01/2012,1110,3,2,1,2,1,1,1,68,9
8537,120000793,423650,434359,2,3,01/01/2012,1110,3,2,1,2,2,1,2,66,9
8538,120000892,433709,434315,1,1,01/01/2012,200,6,1,4,1,3,3,2,19,8
8539,120000927,432526,427554,2,1,01/01/2012,1750,3,2,4,1,1,3,2,61,9
8540,120000928,428530,431387,2,2,01/01/2012,1535,3,1,1,1,1,3,2,44,9
8541,120000928,428530,431387,2,2,01/01/2012,1535,3,1,1,1,1,3,1,34,9
8542,120000979,425797,435675,2,3,01/01/2012,1405,4,2,1,2,1,3,2,23,9
8543,120000979,425797,435675,2,3,01/01/2012,1405,4,2,1,2,1,3,1,29,9
8544,120000979,425797,435675,2,3,01/01/2012,1405,4,2,1,2,2,2,2,30,9
8545,120010921,431174,440726,2,2,01/01/2012,1630,3,1,4,1,1,3,1,46,9
8546,120010921,431174,440726,2,2,01/01/2012,1630,3,1,4,1,2,3,2,22,9
8547,120002429,425774,431455,2,1,03/01/2012,742,3,2,4,5,1,3,1,24,1
8548,120002748,424657,427975,1,1,03/01/2012,2100,3,2,4,5,3,3,2,28,9
8549,120003158,439205,432227,2,2,03/01/2012,1314,3,1,1,1,1,3,2,62,9
8550,120003158,439205,432227,2,2,03/01/2012,1314,3,1,1,1,2,3,1,60,9
8551,120003355,435658,437932,1,1,03/01/2012,1210,6,1,1,1,3,3,1,27,9
8552,120004201,437233,425790,2,3,03/01/2012,2025,1,2,6,5,1,3,1,31,9
8553,120004201,437233,425790,2,3,03/01/2012,2025,1,2,6,5,1,3,1,39,9
8554,120004201,437233,425790,2,3,03/01/2012,2025,1,2,6,5,2,3,1,37,9
8555,120004347,427136,429474,2,2,04/01/2012,1015,3,2,1,4,1,3,1,88,9
8556,120004347,427136,429474,2,2,04/01/2012,1015,3,2,1,4,2,3,2,85,9
8557,120004863,426507,435667,1,1,04/01/2012,1645,6,1,1,1,3,3,1,16,9
8558,120005170,429453,433860,1,2,04/01/2012,2130,3,1,7,1,1,3,1,25,9
8559,120005170,429453,433860,1,2,04/01/2012,2130,3,1,7,1,2,3,1,25,9
8560,120005656,429403,433464,2,2,04/01/2012,1705,6,2,4,5,1,3,2,46,9
8561,120005656,429403,433464,2,2,04/01/2012,1705,6,2,4,5,2,3,2,20,9
8562,120005382,430910,432288,2,1,05/01/2012,1600,3,2,4,5,1,3,1,53,9
8563,120005694,436074,435570,2,1,05/01/2012,730,3,2,4,5,1,3,1,30,1
8564,120005744,431400,435025,2,1,05/01/2012,1050,6,2,1,4,1,3,1,31,9
8565,120005886,427861,430083,2,1,05/01/2012,550,3,2,4,5,1,3,1,55,5
8566,120006358,427494,436986,2,1,05/01/2012,1628,3,2,4,1,1,3,1,28,1
8567,120006428,428196,434479,1,1,05/01/2012,1710,6,1,7,1,1,2,1,64,1
8568,120007384,431017,430505,1,1,06/01/2012,930,6,1,1,1,2,3,2,35,9
8569,120008132,436596,439920,1,1,06/01/2012,1328,6,2,1,1,1,3,1,57,9
8570,120008262,429884,432119,3,2,06/01/2012,1644,1,1,4,1,1,3,1,83,9
8571,120008262,429884,432119,3,2,06/01/2012,1644,1,1,4,1,1,3,2,37,9
8572,120009062,430375,433514,1,1,07/01/2012,1030,6,2,1,1,2,3,1,84,11
8573,120009142,431268,428915,1,1,07/01/2012,1155,6,2,1,5,3,2,2,71,9
8574,120009634,429209,436676,1,1,07/01/2012,1610,4,1,4,1,3,3,1,24,9
8575,120011540,425061,433370,2,1,09/01/2012,805,4,1,1,1,1,3,1,57,1
8576,120012665,423085,437634,2,1,09/01/2012,1430,3,1,1,1,2,3,1,64,9
8577,120012866,432414,426742,2,2,09/01/2012,1740,1,1,7,1,1,3,2,39,9
8578,120012866,432414,426742,2,2,09/01/2012,1740,1,1,7,1,1,3,2,28,9
8579,120012916,428937,429848,2,2,09/01/2012,5,3,1,7,1,1,3,1,79,9
8580,120012916,428937,429848,2,2,09/01/2012,5,3,1,7,1,2,3,2,32,9
8581,120013267,425540,434161,1,1,10/01/2012,750,6,1,1,1,3,3,1,11,9
8582,120014564,422873,439311,3,2,10/01/2012,1610,6,1,4,1,1,3,1,30,9
8583,120014564,422873,439311,3,2,10/01/2012,1610,6,1,4,1,1,3,2,58,9
8584,120015383,423846,434260,2,1,10/01/2012,2050,6,1,7,1,1,3,2,59,9
8585,120017050,423478,434032,2,2,10/01/2012,1940,6,1,7,1,1,3,2,19,9
8586,120017050,423478,434032,2,2,10/01/2012,1940,6,1,7,1,1,3,1,50,9
8587,120015119,424695,438447,2,1,11/01/2012,922,6,2,1,1,1,3,1,24,1
8588,120015419,426429,435630,2,2,11/01/2012,1120,4,2,1,1,1,3,2,52,9
8589,120015419,426429,435630,2,2,11/01/2012,1120,4,2,1,1,1,3,1,51,3
8590,120015571,425933,437541,3,1,11/01/2012,1035,6,1,1,1,1,3,2,30,9
8591,120016992,427293,429594,1,1,12/01/2012,800,3,1,1,1,3,3,1,36,19
8592,120017263,424183,428208,2,1,12/01/2012,1030,3,1,1,1,1,3,1,42,9
8593,120017292,430454,431075,3,1,12/01/2012,918,1,1,1,1,1,3,2,19,9
8594,120017367,434467,433070,2,4,12/01/2012,1235,6,1,1,1,1,3,2,30,9
8595,120017367,434467,433070,2,4,12/01/2012,1235,6,1,1,1,2,3,2,31,9
8596,120017367,434467,433070,2,4,12/01/2012,1235,6,1,1,1,2,3,2,3,9
8597,120017367,434467,433070,2,4,12/01/2012,1235,6,1,1,1,2,3,2,20,9
8598,120017393,431451,434904,2,1,12/01/2012,1150,6,1,1,1,1,3,1,20,9
8599,120019752,423845,434260,2,1,12/01/2012,1910,6,1,4,1,1,3,1,19,1
8600,120018534,430748,439233,2,1,13/01/2012,600,3,2,4,1,1,3,1,44,3
8601,120019746,427138,432623,2,3,13/01/2012,1818,6,2,4,1,1,3,2,27,9
8602,120019746,427138,432623,2,3,13/01/2012,1818,6,2,4,1,1,3,1,51,9
8603,120019746,427138,432623,2,3,13/01/2012,1818,6,2,4,1,2,3,2,31,9
8604,120019820,426513,435654,2,1,13/01/2012,1730,4,1,4,1,2,3,2,8,9
8605,120019855,442115,445167,2,1,13/01/2012,1630,6,1,4,1,1,3,1,18,3
8606,120020522,430398,433640,1,1,14/01/2012,1020,6,1,1,1,3,2,1,41,11
8607,120020586,429031,432011,1,2,14/01/2012,1131,6,1,1,1,3,3,1,37,9
8608,120020586,429031,432011,1,2,14/01/2012,1131,6,1,1,1,3,3,2,42,9
8609,120021153,424677,434991,3,4,14/01/2012,1950,3,2,4,1,1,3,1,33,9
8610,120021153,424677,434991,3,4,14/01/2012,1950,3,2,4,1,2,3,2,36,9
8611,120021153,424677,434991,3,4,14/01/2012,1950,3,2,4,1,1,3,1,25,9
8612,120021153,424677,434991,3,4,14/01/2012,1950,3,2,4,1,1,3,2,18,9