Col.Number,Reference.Number,Easting,Northing,Number.of.Vehicles,Number.of.Casualties,Accident.Date,Time..24hr.,X1st.Road.Class,Road.Surface,Lighting.Conditions,Weather.Conditions,Casualty.Class,Casualty.Severity,Sex.of.Casualty,Age.of.Casualty,Type.of.Vehicle
8613,120021265,428112,426278,2,1,14/01/2012,1843,3,1,7,1,1,3,1,31,9
8614,120022439,428440,434999,1,1,14/01/2012,2345,6,1,4,1,3,3,2,22,8
8615,120036530,428863,433942,2,1,14/01/2012,145,6,1,7,1,1,3,1,30,9
8616,120022848,430269,433755,1,1,16/01/2012,739,6,1,1,1,2,3,2,30,11
8617,120023423,430357,425087,2,2,16/01/2012,1055,3,2,1,1,1,3,2,23,9
8618,120023423,430357,425087,2,2,16/01/2012,1055,3,2,1,1,2,3,2,44,9
8619,120023640,427650,436673,3,1,16/01/2012,1445,3,1,1,1,1,3,1,26,19
8620,120023977,430088,431249,2,1,16/01/2012,1855,3,2,4,1,1,3,2,28,9
8621,120024241,427716,436154,1,1,16/01/2012,2106,6,2,4,1,3,2,2,20,9
8622,120024481,436050,434814,1,1,16/01/2012,1540,6,2,1,1,2,3,2,64,11
8623,120050712,431631,435063,1,1,16/01/2012,900,6,1,1,1,3,2,1,35,9
8624,120024320,426935,426027,3,2,17/01/2012,609,1,2,4,1,1,3,1,20,9
8625,120024320,426935,426027,3,2,17/01/2012,609,1,2,4,1,2,3,1,45,9
8626,120024803,436125,435579,1,1,17/01/2012,810,6,2,1,1,3,2,1,13,9
8627,120026467,431317,428923,1,1,17/01/2012,1625,6,1,4,1,3,3,1,41,9
8628,120027705,438950,431550,2,1,17/01/2012,909,3,2,1,1,1,3,1,30,9
8629,120026092,420685,445076,2,1,18/01/2012,700,6,2,6,1,1,2,1,51,1
8630,120026637,422813,434083,1,2,18/01/2012,1110,3,2,1,2,1,3,1,20,4
8631,120026637,422813,434083,1,2,18/01/2012,1110,3,2,1,2,2,3,2,24,4
8632,120027915,431723,434561,2,1,18/01/2012,1513,6,1,1,1,2,3,2,49,9
8633,120027973,432618,434371,1,1,18/01/2012,1745,6,2,4,1,3,3,1,80,9
8634,120028097,435131,433505,1,1,18/01/2012,835,6,2,1,2,3,3,1,12,9
8635,120027905,421306,435624,2,1,19/01/2012,845,3,2,1,2,1,3,1,35,3
8636,120028027,430706,432517,2,1,19/01/2012,1007,3,2,1,1,1,3,1,51,9
8637,120028694,429400,433272,1,1,19/01/2012,1420,6,1,1,1,3,3,1,45,9
8638,120028747,431561,435184,1,1,19/01/2012,1315,3,1,1,1,3,3,1,79,9
8639,120028885,430656,433718,2,1,19/01/2012,1255,3,1,1,1,2,3,2,0,9
8640,120028926,424920,443455,1,1,19/01/2012,1435,3,1,1,1,2,2,2,82,11
8641,120028958,431349,435238,1,1,19/01/2012,1750,6,2,4,2,3,3,2,49,8
8642,120031622,420327,445616,1,1,19/01/2012,1215,6,1,1,1,3,3,2,46,9
8643,120029706,428011,435996,2,1,20/01/2012,752,3,2,4,2,1,3,1,25,1
8644,120029991,430455,437519,2,1,20/01/2012,1215,6,1,1,1,2,3,2,89,11
8645,120030016,437044,438284,2,2,20/01/2012,845,6,1,1,1,1,3,1,72,9
8646,120030016,437044,438284,2,2,20/01/2012,845,6,1,1,1,2,3,2,30,9
8647,120030040,431895,434919,2,1,20/01/2012,1218,6,1,1,1,1,3,2,57,9
8648,120030520,428138,435845,2,1,20/01/2012,1635,3,2,4,5,1,3,1,21,1
8649,120030754,438719,427057,2,1,20/01/2012,1710,3,2,4,1,1,2,2,48,1
8650,120030826,425486,436401,2,2,20/01/2012,2024,3,2,4,1,1,3,1,64,9
8651,120030826,425486,436401,2,2,20/01/2012,2024,3,2,4,1,2,3,1,44,9
8652,120035621,427910,435746,2,3,20/01/2012,405,6,2,4,2,1,3,2,21,9
8653,120035621,427910,435746,2,3,20/01/2012,405,6,2,4,2,1,3,1,49,8
8654,120035621,427910,435746,2,3,20/01/2012,405,6,2,4,2,2,3,1,19,8
8655,120031058,428907,435508,1,2,21/01/2012,35,3,2,4,2,3,2,1,20,9
8656,120031058,428907,435508,1,2,21/01/2012,35,3,2,4,2,1,3,1,28,9
8657,120032063,432773,430373,2,2,21/01/2012,1749,4,2,4,1,2,3,1,32,9
8658,120032063,432773,430373,2,2,21/01/2012,1749,4,2,4,1,2,3,1,32,9
8659,120032087,428530,431531,2,1,21/01/2012,1840,3,1,4,1,1,3,1,44,9
8660,120033312,428027,431104,2,1,21/01/2012,1800,3,1,7,1,1,2,2,24,9
8661,120032790,424281,433944,1,1,22/01/2012,1138,3,2,1,1,1,3,1,54,9
8662,120033386,429370,439549,2,3,22/01/2012,1810,6,1,4,1,1,3,1,24,9
8663,120033386,429370,439549,2,3,22/01/2012,1810,6,1,4,1,1,3,2,35,9
8664,120033386,429370,439549,2,3,22/01/2012,1810,6,1,4,1,2,3,1,44,9
8665,120041360,437025,436227,3,2,27/01/2012,828,6,2,1,1,2,3,1,10,9
8666,120041409,432938,434226,2,1,27/01/2012,916,4,1,1,1,1,3,1,63,19
8667,120041527,430393,433608,1,1,27/01/2012,1310,6,1,1,1,2,3,2,70,11
8668,120042128,428924,433408,3,2,27/01/2012,1815,3,1,7,1,1,3,1,40,9
8669,120042128,428924,433408,3,2,27/01/2012,1815,3,1,7,1,1,3,1,31,9
8670,120042157,420543,444970,3,1,27/01/2012,1635,3,1,1,1,1,3,2,49,9
8671,120042499,433383,437253,1,1,27/01/2012,2255,6,1,4,1,1,2,2,43,9
8672,120042973,430879,433359,2,1,27/01/2012,1800,3,1,7,1,1,3,1,39,9
8673,120043343,431895,434911,2,1,27/01/2012,1513,6,2,1,1,2,2,1,28,9
8674,120044819,431971,430477,2,1,27/01/2012,1205,3,1,1,1,1,3,1,36,9
8675,120043171,429113,428135,1,1,28/01/2012,1400,6,1,1,1,2,3,2,61,11
8676,120043440,432511,427318,2,1,28/01/2012,1626,3,1,1,1,1,3,1,25,9
8677,120043532,430099,431474,2,3,28/01/2012,1448,3,1,1,1,1,3,1,43,11
8678,120043532,430099,431474,2,3,28/01/2012,1448,3,1,1,1,1,3,1,51,19
8679,120043532,430099,431474,2,3,28/01/2012,1448,3,1,1,1,2,3,2,21,19
8680,120049560,428281,436513,3,1,28/01/2012,1900,4,1,7,1,1,3,2,25,9
8681,120042969,433998,436612,1,1,29/01/2012,1120,3,2,1,1,1,2,1,19,9
8682,120050598,430454,433955,1,1,29/01/2012,2300,6,2,4,1,3,3,1,23,8
8683,120045180,433640,434498,1,1,30/01/2012,130,6,2,4,1,1,3,1,15,2
8684,120046132,428922,433881,1,1,30/01/2012,1400,6,1,1,1,3,3,1,33,11
8685,120046312,428187,432735,1,1,30/01/2012,1530,6,1,1,1,1,2,1,51,9
8686,120046561,441054,432042,2,1,30/01/2012,1648,3,1,4,1,1,3,2,39,9
8687,120046578,427308,433635,2,1,30/01/2012,2030,3,2,4,1,1,3,2,30,9
8688,120052491,423235,435082,1,1,30/01/2012,1830,4,1,7,1,2,3,2,26,8
8689,120047305,433167,435230,2,1,31/01/2012,1125,6,1,1,1,1,3,2,43,9
8690,120047976,425415,434432,2,1,31/01/2012,1650,6,1,4,1,1,2,1,21,1
8691,120048073,435462,437288,3,2,31/01/2012,1610,3,1,1,1,1,2,2,87,9
8692,120048073,435462,437288,3,2,31/01/2012,1610,3,1,1,1,1,3,1,31,9
8693,120048634,429267,431534,2,1,31/01/2012,1000,6,1,1,1,1,3,1,26,9
8694,120049274,429693,433800,3,1,31/01/2012,920,6,1,1,1,1,3,2,32,9
8695,120048615,432504,435239,2,2,01/02/2012,850,6,1,1,1,1,3,2,47,9
8696,120048615,432504,435239,2,2,01/02/2012,850,6,1,1,1,2,3,2,4,8
8697,120048920,430712,432525,2,1,01/02/2012,855,3,1,1,1,1,3,1,26,9
8698,120048967,426990,427638,2,1,01/02/2012,1050,4,1,1,1,2,3,1,30,11
8699,120049416,425051,432301,1,1,01/02/2012,800,6,2,1,1,3,3,1,13,9
8700,120049453,424528,437055,2,1,01/02/2012,1730,3,1,7,1,1,3,1,21,1
8701,120049550,425667,436337,1,1,01/02/2012,1520,3,1,1,1,1,2,1,20,5
8702,120049784,430380,433567,1,1,01/02/2012,1235,6,1,1,1,3,3,1,41,9
8703,120050396,426455,428517,2,1,01/02/2012,1450,3,1,1,1,1,3,1,16,1
8704,120055477,432158,433603,3,6,01/02/2012,1430,3,1,1,1,2,3,1,24,9
8705,120055477,432158,433603,3,6,01/02/2012,1430,3,1,1,1,2,3,2,50,9
8706,120055477,432158,433603,3,6,01/02/2012,1430,3,1,1,1,1,3,2,37,9
8707,120055477,432158,433603,3,6,01/02/2012,1430,3,1,1,1,2,3,1,29,9
8708,120055477,432158,433603,3,6,01/02/2012,1430,3,1,1,1,2,3,1,30,9
8709,120055477,432158,433603,3,6,01/02/2012,1430,3,1,1,1,1,3,1,56,9
8710,120050695,430716,432493,2,1,02/02/2012,800,3,2,1,1,1,3,2,47,9
8711,120050913,430393,438014,1,1,02/02/2012,1145,6,1,1,1,2,3,2,60,11
8712,120051044,421840,433937,2,2,02/02/2012,1350,3,2,1,1,1,3,1,30,9
8713,120051044,421840,433937,2,2,02/02/2012,1350,3,2,1,1,2,3,1,17,9
8714,120051260,433153,435244,2,3,02/02/2012,1515,6,1,1,1,1,3,1,44,90
8715,120051260,433153,435244,2,3,02/02/2012,1515,6,1,1,1,1,3,1,45,9
8716,120051260,433153,435244,2,3,02/02/2012,1515,6,1,1,1,2,3,2,12,9
8717,120051391,445316,427931,1,1,02/02/2012,1800,6,1,6,1,1,3,2,17,9
8718,120051455,427630,435955,1,1,02/02/2012,1615,6,1,1,1,3,3,2,50,9
8719,120051556,437043,438284,2,1,02/02/2012,2030,6,1,7,1,1,3,1,41,4
8720,120051673,427607,434941,2,3,02/02/2012,2135,6,1,4,1,1,3,1,38,9
8721,120051673,427607,434941,2,3,02/02/2012,2135,6,1,4,1,2,3,1,28,9
8722,120051673,427607,434941,2,3,02/02/2012,2135,6,1,4,1,2,3,1,20,9
8723,120052192,430415,433704,1,1,03/02/2012,910,6,4,1,1,3,3,1,19,11
8724,120052368,430678,432847,2,2,03/02/2012,930,3,2,1,1,1,2,1,45,9
8725,120052368,430678,432847,2,2,03/02/2012,930,3,2,1,1,1,3,1,59,9
8726,120052478,435516,440066,1,1,03/02/2012,920,3,1,1,1,1,3,2,27,9
8727,120052523,431450,435821,2,4,03/02/2012,1310,6,1,1,1,2,3,2,30,8
8728,120052523,431450,435821,2,4,03/02/2012,1310,6,1,1,1,2,3,1,10,8
8729,120052523,431450,435821,2,4,03/02/2012,1310,6,1,1,1,1,3,2,49,9
8730,120052523,431450,435821,2,4,03/02/2012,1310,6,1,1,1,1,3,1,38,8
8731,120052627,426462,437861,1,1,03/02/2012,1305,6,1,1,1,3,3,1,14,9
8732,120052930,431974,425553,3,3,03/02/2012,1630,1,1,1,1,1,3,1,29,9
8733,120052930,431974,425553,3,3,03/02/2012,1630,1,1,1,1,1,3,1,21,19
8734,120052930,431974,425553,3,3,03/02/2012,1630,1,1,1,1,2,3,1,25,19
8735,120053030,431315,435040,1,1,03/02/2012,1750,3,1,4,1,3,3,2,28,9
8736,120053159,436175,434692,2,1,03/02/2012,1655,3,1,4,1,3,3,2,12,9
8737,120053506,423793,437365,2,1,03/02/2012,2325,3,1,4,1,1,3,1,45,1
8738,120053682,427474,430656,1,1,03/02/2012,1510,6,1,1,1,2,3,1,11,11
8739,120061429,420887,434445,2,1,03/02/2012,1535,3,2,1,1,2,3,2,67,8
8740,120053821,432458,434588,2,2,04/02/2012,1100,6,2,1,1,1,3,2,34,9
8741,120053821,432458,434588,2,2,04/02/2012,1100,6,2,1,1,1,3,1,38,9
8742,120054301,420796,434412,1,1,04/02/2012,1730,3,3,4,3,1,3,2,51,9
8743,120054448,437663,444753,1,1,04/02/2012,115,3,1,7,1,1,3,1,22,9
8744,120054559,442129,434543,3,1,04/02/2012,2021,1,3,6,3,1,3,1,35,9
8745,120054885,419214,441793,2,1,04/02/2012,1730,4,3,4,3,1,3,2,39,9
8746,120055144,430557,435284,2,1,04/02/2012,1610,6,3,1,3,2,3,2,49,9
8747,120054642,441374,430006,2,2,05/02/2012,58,6,1,7,1,1,3,1,43,9
8748,120054642,441374,430006,2,2,05/02/2012,58,6,1,7,1,2,3,1,24,8
8749,120054728,435515,431299,1,4,05/02/2012,515,1,4,7,1,2,2,1,54,10
8750,120054728,435515,431299,1,4,05/02/2012,515,1,4,7,1,2,3,1,55,10
8751,120054728,435515,431299,1,4,05/02/2012,515,1,4,7,1,2,3,1,65,10
8752,120054728,435515,431299,1,4,05/02/2012,515,1,4,7,1,2,3,1,51,10
8753,120054739,428604,432900,1,1,05/02/2012,600,3,3,4,1,1,3,1,31,9
8754,120054971,441141,434585,1,1,05/02/2012,814,1,3,1,8,1,3,2,20,9
8755,120056006,423491,435732,2,2,06/02/2012,900,3,1,1,1,1,3,1,21,3
8756,120056006,423491,435732,2,2,06/02/2012,900,3,1,1,1,1,3,2,27,9
8757,120056299,440803,428599,2,1,06/02/2012,1020,6,2,1,1,1,2,1,20,3
8758,120056329,430436,433966,2,1,06/02/2012,920,6,1,1,1,1,3,1,40,9
8759,120056805,428523,434284,2,3,06/02/2012,1340,6,1,1,1,1,3,1,36,9
8760,120056805,428523,434284,2,3,06/02/2012,1340,6,1,1,1,1,3,1,36,9
8761,120056805,428523,434284,2,3,06/02/2012,1340,6,1,1,1,2,3,1,40,9
8762,120057088,432458,434817,2,1,06/02/2012,1530,4,1,1,1,2,3,1,60,9
8763,120057206,416725,441721,1,1,06/02/2012,1505,6,3,1,1,3,3,2,34,11
8764,120057513,432532,443143,1,4,06/02/2012,2105,3,1,7,1,1,3,1,27,9
8765,120057513,432532,443143,1,4,06/02/2012,2105,3,1,7,1,2,3,2,22,9
8766,120057513,432532,443143,1,4,06/02/2012,2105,3,1,7,1,2,3,2,20,9
8767,120057513,432532,443143,1,4,06/02/2012,2105,3,1,7,1,2,3,2,24,9
8768,120073526,435769,436819,2,1,06/02/2012,1005,3,1,1,1,2,3,2,78,11
8769,120058045,440464,447477,2,2,07/02/2012,1010,3,2,1,1,1,3,2,54,9
8770,120058045,440464,447477,2,2,07/02/2012,1010,3,2,1,1,1,3,1,53,20
8771,120059816,432059,438847,2,2,07/02/2012,2000,6,1,7,1,1,3,2,21,9
8772,120059816,432059,438847,2,2,07/02/2012,2000,6,1,7,1,2,3,2,47,9
8773,120060158,428929,433412,2,2,07/02/2012,1700,3,1,7,1,2,3,2,29,8
8774,120060158,428929,433412,2,2,07/02/2012,1700,3,1,7,1,2,3,2,3,8
8775,120059441,436106,434831,1,1,08/02/2012,750,3,1,1,1,1,3,1,45,4
8776,120060312,432033,430982,2,2,08/02/2012,1637,3,1,1,1,1,3,1,68,9
8777,120060312,432033,430982,2,2,08/02/2012,1637,3,1,1,1,1,3,2,43,9
8778,120060474,433399,429906,1,1,08/02/2012,1932,4,1,7,1,3,3,1,33,9
8779,120061260,428583,435469,1,1,08/02/2012,1430,6,1,1,1,3,3,1,24,9
8780,120064815,420340,434268,2,1,08/02/2012,730,3,1,4,1,1,3,1,59,4
8781,120061206,436128,434837,2,1,09/02/2012,1010,3,2,1,1,1,3,1,39,1
8782,120061285,433131,434016,2,2,09/02/2012,1035,3,2,1,1,2,3,1,32,11
8783,120061285,433131,434016,2,2,09/02/2012,1035,3,2,1,1,2,3,1,75,11
8784,120061685,423259,429729,4,1,09/02/2012,1325,3,2,1,1,1,3,2,47,9
8785,120062288,428677,434926,1,1,09/02/2012,2058,6,1,7,1,3,3,1,25,9
8786,120062491,443059,432604,1,1,10/02/2012,220,3,1,7,1,2,3,1,42,9
8787,120062497,431490,428318,1,2,10/02/2012,325,6,1,7,1,1,3,2,20,9
8788,120062497,431490,428318,1,2,10/02/2012,325,6,1,7,1,2,3,2,19,9
8789,120063283,429922,427822,1,1,10/02/2012,1152,6,2,1,1,2,3,1,76,11
8790,120063333,426063,427379,3,2,10/02/2012,1320,4,1,1,1,1,3,1,31,9
8791,120063333,426063,427379,3,2,10/02/2012,1320,4,1,1,1,1,3,1,34,9
8792,120064450,426659,433069,2,1,10/02/2012,1955,6,1,7,1,1,3,1,54,9
8793,120064257,429589,434804,1,1,11/02/2012,10,3,2,4,1,3,1,1,19,9
8794,120064619,425127,439377,1,2,11/02/2012,1035,6,1,1,1,2,3,1,71,11
8795,120064619,425127,439377,1,2,11/02/2012,1035,6,1,1,1,2,3,2,71,11
8796,120065028,431461,434193,2,1,11/02/2012,1350,6,1,1,1,2,3,2,46,8
8797,120065053,438916,433957,2,2,11/02/2012,1443,1,1,1,1,1,3,2,69,9
8798,120065053,438916,433957,2,2,11/02/2012,1443,1,1,1,1,2,3,2,66,9
8799,120065210,429671,434589,1,1,11/02/2012,345,3,1,4,1,3,3,1,22,9
8800,120065238,438969,436677,1,1,11/02/2012,1835,6,1,7,1,1,2,1,23,9
8801,120065239,440565,448564,1,1,11/02/2012,1902,4,2,4,1,3,2,2,85,9
8802,120065847,427482,432598,3,1,11/02/2012,1200,6,2,1,1,2,3,2,62,9
8803,120066087,432347,434978,1,1,12/02/2012,1240,6,1,1,1,3,3,1,24,9
8804,120066399,434308,430184,2,2,12/02/2012,1350,1,1,1,1,1,3,2,45,9
8805,120066399,434308,430184,2,2,12/02/2012,1350,1,1,1,1,2,3,2,22,9
8806,120076018,427568,436875,2,1,12/02/2012,1620,3,1,1,1,1,3,1,49,1
8807,120067732,428903,433392,4,2,13/02/2012,1240,3,1,1,1,1,3,1,36,19
8808,120067732,428903,433392,4,2,13/02/2012,1240,3,1,1,1,1,3,1,42,19
8809,120068495,431683,434520,1,1,13/02/2012,2230,6,1,7,1,3,3,1,57,9
8810,120068811,430692,434917,3,4,14/02/2012,825,3,1,1,1,1,3,1,30,9
8811,120068811,430692,434917,3,4,14/02/2012,825,3,1,1,1,2,3,2,23,9
8812,120068811,430692,434917,3,4,14/02/2012,825,3,1,1,1,2,3,1,33,9
8813,120068811,430692,434917,3,4,14/02/2012,825,3,1,1,1,1,3,2,35,9
8814,120068865,431333,428822,3,1,14/02/2012,605,6,1,7,1,1,2,1,31,9
8815,120069079,429730,431486,2,1,14/02/2012,1015,6,1,1,1,1,3,1,36,9
8816,120070043,439815,447255,4,4,14/02/2012,2020,3,1,6,1,1,3,1,28,9
8817,120070043,439815,447255,4,4,14/02/2012,2020,3,1,6,1,1,2,2,32,9
8818,120070043,439815,447255,4,4,14/02/2012,2020,3,1,6,1,1,3,2,51,9
8819,120070043,439815,447255,4,4,14/02/2012,2020,3,1,6,1,2,2,1,27,9
8820,120070416,420987,440947,2,1,14/02/2012,1430,6,1,1,1,1,3,2,52,9
8821,120070825,439358,432429,2,1,14/02/2012,1945,3,1,4,1,1,3,1,45,1
8822,120080891,424977,434716,1,1,14/02/2012,1600,6,1,1,1,3,2,1,5,9
8823,120070301,426699,431762,2,1,15/02/2012,725,3,1,7,1,1,3,2,26,1
8824,120070348,430251,431956,4,4,15/02/2012,735,1,1,1,1,1,3,1,43,90
8825,120070348,430251,431956,4,4,15/02/2012,735,1,1,1,1,1,3,2,53,9
8826,120070348,430251,431956,4,4,15/02/2012,735,1,1,1,1,1,3,1,35,90
8827,120070348,430251,431956,4,4,15/02/2012,735,1,1,1,1,2,3,1,16,90
8828,120070538,430089,431272,2,4,15/02/2012,1110,3,1,1,1,1,3,1,37,9
8829,120070538,430089,431272,2,4,15/02/2012,1110,3,1,1,1,2,3,2,35,9
8830,120070538,430089,431272,2,4,15/02/2012,1110,3,1,1,1,2,3,1,13,9
8831,120070538,430089,431272,2,4,15/02/2012,1110,3,1,1,1,2,3,1,14,9
8832,120071089,423822,437460,2,1,15/02/2012,1420,6,1,1,1,1,2,1,87,90
8833,120071119,428107,434507,1,1,15/02/2012,1535,6,1,1,1,3,2,1,56,9
8834,120071238,428531,434277,2,1,15/02/2012,1615,6,1,1,1,2,3,1,22,11
8835,120071342,422681,437268,2,1,15/02/2012,1835,3,1,7,1,1,3,1,35,9
8836,120071472,422363,433386,1,1,15/02/2012,1135,6,1,1,1,3,3,1,33,9
8837,120071659,433389,437249,1,1,15/02/2012,2225,6,1,7,1,1,3,1,20,9
8838,120072050,426838,430041,1,1,16/02/2012,930,1,1,1,1,1,3,2,29,9
8839,120072488,428717,433171,2,1,16/02/2012,1130,3,1,1,1,1,3,1,40,9
8840,120072726,428440,433038,2,1,16/02/2012,15,6,1,4,1,1,3,1,28,8
8841,120072905,426126,427404,2,1,16/02/2012,1645,4,1,1,1,1,2,1,31,1
8842,120072955,440137,436659,2,1,16/02/2012,1830,6,2,6,1,1,3,1,58,9
8843,120073074,430772,439196,1,1,16/02/2012,1825,3,1,7,1,3,3,2,34,9
8844,120073114,430890,433793,2,3,16/02/2012,1933,2,1,7,1,1,3,2,57,9
8845,120073114,430890,433793,2,3,16/02/2012,1933,2,1,7,1,1,3,1,21,9
8846,120073114,430890,433793,2,3,16/02/2012,1933,2,1,7,1,2,3,2,24,9
8847,120073253,429530,434846,1,1,16/02/2012,2254,3,2,4,1,3,3,1,31,9
8848,120074379,420049,446818,1,1,17/02/2012,840,6,2,1,1,1,1,1,29,21
8849,120074400,430686,434136,2,1,17/02/2012,1706,6,1,7,1,3,3,1,29,90
8850,120074415,430880,426863,1,1,17/02/2012,1500,6,2,1,1,3,3,2,7,9
8851,120074437,418774,442113,5,2,17/02/2012,1504,3,1,1,1,2,3,2,46,9
8852,120074437,418774,442113,5,2,17/02/2012,1504,3,1,1,1,1,3,1,49,9
8853,120074455,433271,445010,2,1,17/02/2012,1540,3,1,1,1,1,3,2,34,9
8854,120075004,428096,434662,1,1,17/02/2012,2250,6,2,4,1,3,3,1,21,9
8855,120075054,432181,434976,3,1,18/02/2012,530,6,1,7,1,1,3,1,51,9
8856,120075346,428624,440713,1,4,18/02/2012,1,6,2,4,1,1,3,1,21,9
8857,120075346,428624,440713,1,4,18/02/2012,1,6,2,4,1,2,3,2,18,9
8858,120075346,428624,440713,1,4,18/02/2012,1,6,2,4,1,2,3,1,47,9
8859,120075346,428624,440713,1,4,18/02/2012,1,6,2,4,1,2,3,2,31,9
8860,120075924,434031,433939,1,1,18/02/2012,1705,6,1,7,1,3,3,1,5,9
8861,120076242,430119,434723,2,1,18/02/2012,2030,6,1,4,1,2,3,1,15,9
8862,120076474,432733,433889,2,1,18/02/2012,1220,3,1,1,1,1,3,2,44,9
8863,120077550,427014,431638,2,1,19/02/2012,1100,3,1,1,1,1,3,1,25,1
8864,120079812,426164,435429,2,1,19/02/2012,1150,6,1,1,1,1,3,1,32,1
8865,120079950,436087,436594,1,1,19/02/2012,1315,6,1,1,1,3,2,2,68,9
8866,120078680,429954,430860,2,1,20/02/2012,1505,3,2,1,1,1,3,2,31,9
8867,120078873,429467,435410,1,1,20/02/2012,1605,6,1,1,1,3,2,2,9,19
8868,120078975,425618,434246,1,1,20/02/2012,1914,3,1,7,1,3,3,1,19,9
8869,120080128,425998,429981,1,1,20/02/2012,958,3,1,1,1,1,2,1,22,9
8870,120081454,427009,440166,2,1,20/02/2012,1815,3,1,4,1,1,3,1,41,1
8871,120080336,429099,434718,2,1,21/02/2012,1510,6,1,1,1,1,2,1,19,1
8872,120080644,430901,432586,2,1,21/02/2012,1648,6,1,1,1,1,3,1,35,1
8873,120080971,429701,435057,2,3,21/02/2012,2208,6,1,4,1,2,3,1,22,9
8874,120080971,429701,435057,2,3,21/02/2012,2208,6,1,4,1,2,3,2,24,9
8875,120080971,429701,435057,2,3,21/02/2012,2208,6,1,4,1,2,2,2,24,9
8876,120081764,428403,428833,1,1,22/02/2012,1040,3,1,1,1,2,3,1,65,11
8877,120082436,428610,433199,3,3,22/02/2012,1555,3,1,1,1,1,3,1,62,9
8878,120082436,428610,433199,3,3,22/02/2012,1555,3,1,1,1,1,3,1,28,9
8879,120082436,428610,433199,3,3,22/02/2012,1555,3,1,1,1,2,3,1,27,9
8880,120082458,429696,427844,2,2,22/02/2012,1435,6,2,1,2,1,3,2,38,9
8881,120082458,429696,427844,2,2,22/02/2012,1435,6,2,1,2,1,3,1,50,9
8882,120082591,435844,436776,3,1,22/02/2012,1920,6,1,4,1,1,3,1,39,9
8883,120082889,431528,435149,1,1,22/02/2012,2120,3,2,4,1,1,2,1,28,9
8884,120083827,427888,436208,1,1,22/02/2012,1815,3,1,4,1,3,2,2,22,9
8885,120084311,432404,426083,1,1,22/02/2012,2142,1,1,4,4,1,3,1,29,21
8886,120082389,422336,428552,1,1,23/02/2012,1536,6,1,1,1,3,2,2,7,9
8887,120083283,429300,433477,2,5,23/02/2012,821,6,2,1,1,1,3,1,35,8
8888,120083283,429300,433477,2,5,23/02/2012,821,6,2,1,1,2,3,1,21,8
8889,120083283,429300,433477,2,5,23/02/2012,821,6,2,1,1,2,3,1,19,8
8890,120083283,429300,433477,2,5,23/02/2012,821,6,2,1,1,2,3,1,28,8
8891,120083283,429300,433477,2,5,23/02/2012,821,6,2,1,1,2,3,1,19,8
8892,120083695,426782,432957,2,2,23/02/2012,1330,6,1,1,1,1,3,2,23,9
8893,120083695,426782,432957,2,2,23/02/2012,1330,6,1,1,1,2,3,2,26,9
8894,120083861,429031,431988,2,2,23/02/2012,1430,6,1,1,1,1,3,1,40,9
8895,120083861,429031,431988,2,2,23/02/2012,1430,6,1,1,1,2,3,1,42,9
8896,120084102,432607,439913,4,1,23/02/2012,1448,6,1,1,1,2,3,2,33,9
8897,120084269,429189,431917,2,1,23/02/2012,1915,6,1,7,1,1,3,1,20,9
8898,120084365,429216,438667,2,1,23/02/2012,1853,6,1,4,4,1,3,1,29,9
8899,120085769,427334,426255,3,1,23/02/2012,1513,1,1,1,1,1,3,1,46,9
8900,120084719,425019,433160,2,1,24/02/2012,610,3,2,4,2,1,3,1,53,11
8901,120084722,423522,435723,3,2,24/02/2012,540,3,2,4,2,2,3,2,42,11
8902,120084722,423522,435723,3,2,24/02/2012,540,3,2,4,2,2,3,1,48,11
8903,120085400,423613,434357,2,1,24/02/2012,1155,3,1,1,1,1,3,2,55,9
8904,120085863,430080,433883,2,1,24/02/2012,1505,6,1,1,1,2,3,2,73,11
8905,120085865,430742,424533,2,1,24/02/2012,1520,3,1,1,1,1,3,2,42,9
8906,120085892,435782,425975,2,2,24/02/2012,1526,1,1,1,1,1,3,2,45,9
8907,120085892,435782,425975,2,2,24/02/2012,1526,1,1,1,1,2,3,2,17,9
8908,120085992,432929,440123,2,1,24/02/2012,1735,6,1,4,1,1,3,2,44,1
8909,120087457,428432,428717,2,1,25/02/2012,1625,3,1,1,1,1,3,1,25,5
8910,120087460,434826,429063,2,4,25/02/2012,1510,3,1,1,1,1,3,2,45,9
8911,120087460,434826,429063,2,4,25/02/2012,1510,3,1,1,1,1,3,2,42,9
8912,120087460,434826,429063,2,4,25/02/2012,1510,3,1,1,1,2,3,2,14,9
8913,120087460,434826,429063,2,4,25/02/2012,1510,3,1,1,1,2,3,1,13,9
8914,120087495,434049,439931,2,1,25/02/2012,1400,6,1,1,1,1,3,1,50,1
8915,120087891,431830,435628,2,2,25/02/2012,525,3,1,7,1,1,3,1,36,9
8916,120087891,431830,435628,2,2,25/02/2012,525,3,1,7,1,1,3,1,51,9
8917,120088049,427584,436836,2,1,25/02/2012,1340,3,1,1,1,1,3,2,41,9