Col.Number,Reference.Number,Easting,Northing,Number.of.Vehicles,Number.of.Casualties,Accident.Date,Time..24hr.,X1st.Road.Class,Road.Surface,Lighting.Conditions,Weather.Conditions,Casualty.Class,Casualty.Severity,Sex.of.Casualty,Age.of.Casualty,Type.of.Vehicle
8918,120089078,422458,432770,1,1,25/02/2012,1915,6,1,7,1,3,3,1,9,9
8919,120091076,429921,434146,1,1,25/02/2012,1005,6,1,1,1,3,3,2,26,9
8920,120088515,421554,435968,3,5,26/02/2012,1300,3,1,1,1,1,3,2,36,9
8921,120088515,421554,435968,3,5,26/02/2012,1300,3,1,1,1,2,3,2,30,9
8922,120088515,421554,435968,3,5,26/02/2012,1300,3,1,1,1,2,3,2,11,9
8923,120088515,421554,435968,3,5,26/02/2012,1300,3,1,1,1,2,3,2,11,9
8924,120088515,421554,435968,3,5,26/02/2012,1300,3,1,1,1,2,3,1,9,9
8925,120089868,433392,436163,1,1,27/02/2012,835,6,1,1,1,3,3,1,7,9
8926,120089932,426934,427607,2,2,27/02/2012,1105,4,1,1,1,2,2,2,68,11
8927,120089932,426934,427607,2,2,27/02/2012,1105,4,1,1,1,2,3,2,46,11
8928,120090748,427552,440744,1,1,27/02/2012,1856,6,2,6,2,1,3,2,88,9
8929,120091147,427640,433715,2,1,28/02/2012,212,3,2,4,1,2,3,2,38,9
8930,120092594,431683,431269,3,1,28/02/2012,1655,6,1,1,1,3,2,2,51,9
8931,120093059,430347,435923,2,2,28/02/2012,1158,3,1,1,1,1,3,2,53,9
8932,120093059,430347,435923,2,2,28/02/2012,1158,3,1,1,1,1,3,2,34,9
8933,120093670,432052,434537,2,6,28/02/2012,2035,6,1,4,1,1,3,1,39,9
8934,120093670,432052,434537,2,6,28/02/2012,2035,6,1,4,1,2,3,1,19,9
8935,120093670,432052,434537,2,6,28/02/2012,2035,6,1,4,1,2,3,1,28,9
8936,120093670,432052,434537,2,6,28/02/2012,2035,6,1,4,1,2,3,1,38,9
8937,120093670,432052,434537,2,6,28/02/2012,2035,6,1,4,1,2,3,2,18,9
8938,120093670,432052,434537,2,6,28/02/2012,2035,6,1,4,1,2,3,2,31,9
8939,120093100,423018,437654,2,1,29/02/2012,715,3,1,7,1,1,3,1,22,1
8940,120094125,427744,436446,2,1,29/02/2012,1520,3,1,1,1,1,3,1,32,9
8941,120095442,436309,435913,2,2,29/02/2012,1840,6,1,4,1,1,3,1,38,9
8942,120095442,436309,435913,2,2,29/02/2012,1840,6,1,4,1,1,3,1,45,9
8943,120095078,430872,434204,3,3,01/03/2012,920,3,1,1,1,1,3,1,27,19
8944,120095078,430872,434204,3,3,01/03/2012,920,3,1,1,1,1,3,2,28,9
8945,120095078,430872,434204,3,3,01/03/2012,920,3,1,1,1,2,3,1,29,9
8946,120095104,422872,433549,2,1,01/03/2012,730,4,1,7,1,1,3,1,17,3
8947,120095314,427984,435223,2,1,01/03/2012,740,6,1,1,1,1,3,2,23,1
8948,120095826,433805,434045,2,1,01/03/2012,1430,3,1,1,1,2,3,1,2,11
8949,120095941,429381,444291,1,1,01/03/2012,1205,6,1,1,1,1,2,2,61,9
8950,120096020,429132,432103,2,1,01/03/2012,1605,6,1,1,1,1,3,1,24,1
8951,120096972,428546,433926,2,1,01/03/2012,1800,3,1,7,1,1,3,2,41,9
8952,120097190,430070,438644,2,1,01/03/2012,710,4,1,7,1,1,3,2,33,1
8953,120097545,434788,428890,2,1,01/03/2012,1525,6,1,1,1,1,3,2,11,1
8954,120099089,430758,434681,1,1,01/03/2012,1600,6,1,1,1,3,3,2,33,9
8955,120096929,426835,438059,2,2,02/03/2012,725,3,1,7,1,1,3,2,54,9
8956,120096929,426835,438059,2,2,02/03/2012,725,3,1,7,1,1,3,1,53,1
8957,120097656,430780,438573,1,2,02/03/2012,1205,6,1,1,1,1,3,2,73,9
8958,120097656,430780,438573,1,2,02/03/2012,1205,6,1,1,1,3,2,2,86,9
8959,120098513,415297,442962,1,2,02/03/2012,1130,6,1,1,1,1,3,1,25,9
8960,120098513,415297,442962,1,2,02/03/2012,1130,6,1,1,1,2,3,1,26,9
8961,120098900,429060,431091,2,1,02/03/2012,1200,6,1,1,1,1,3,1,30,5
8962,120098767,427457,435829,1,1,03/03/2012,735,4,2,1,1,1,3,1,25,9
8963,120099114,423091,437691,1,1,03/03/2012,1301,3,1,1,1,3,2,2,34,9
8964,120099845,434544,434436,1,1,03/03/2012,2130,3,1,4,1,3,3,1,3,9
8965,120101203,435675,434812,2,2,04/03/2012,1335,6,1,1,1,1,3,2,46,9
8966,120101203,435675,434812,2,2,04/03/2012,1335,6,1,1,1,1,3,1,28,9
8967,120117980,430688,424463,2,1,04/03/2012,1300,3,2,1,2,1,3,1,20,9
8968,120101457,426095,429296,2,2,05/03/2012,740,1,1,1,1,1,3,1,43,9
8969,120101457,426095,429296,2,2,05/03/2012,740,1,1,1,1,1,3,1,39,9
8970,120101769,424613,435105,2,1,05/03/2012,1205,3,1,1,1,1,3,1,31,3
8971,120101869,430197,429827,1,2,05/03/2012,1230,6,1,1,1,1,3,1,16,2
8972,120101869,430197,429827,1,2,05/03/2012,1230,6,1,1,1,3,3,1,16,2
8973,120102723,428449,429063,2,4,05/03/2012,2030,3,1,4,1,1,3,1,34,9
8974,120102723,428449,429063,2,4,05/03/2012,2030,3,1,4,1,2,3,1,29,9
8975,120102723,428449,429063,2,4,05/03/2012,2030,3,1,4,1,2,3,2,21,9
8976,120102723,428449,429063,2,4,05/03/2012,2030,3,1,4,1,2,3,1,19,9
8977,120102903,429220,426405,4,2,05/03/2012,1705,1,1,7,1,1,3,1,62,9
8978,120102903,429220,426405,4,2,05/03/2012,1705,1,1,7,1,1,3,2,25,9
8979,120103850,425681,426869,2,2,06/03/2012,1320,3,1,1,1,1,3,1,50,9
8980,120103850,425681,426869,2,2,06/03/2012,1320,3,1,1,1,1,3,2,34,9
8981,120104031,431648,434468,2,2,06/03/2012,1450,6,1,1,1,1,3,2,65,9
8982,120104031,431648,434468,2,2,06/03/2012,1450,6,1,1,1,1,3,1,23,3
8983,120104453,430145,432838,5,1,06/03/2012,1843,3,1,4,1,1,3,2,30,9
8984,120104632,433872,434069,2,3,06/03/2012,2035,3,1,4,1,1,3,1,46,9
8985,120104632,433872,434069,2,3,06/03/2012,2035,3,1,4,1,1,3,1,40,9
8986,120104632,433872,434069,2,3,06/03/2012,2035,3,1,4,1,2,3,2,35,9
8987,120104641,426226,428182,3,1,07/03/2012,238,4,1,7,1,1,3,1,28,9
8988,120105418,427300,431071,2,2,07/03/2012,850,3,1,1,1,1,3,2,25,9
8989,120105418,427300,431071,2,2,07/03/2012,850,3,1,1,1,2,3,2,3,9
8990,120105803,428107,426258,2,2,07/03/2012,1515,3,1,1,1,1,3,2,44,9
8991,120105803,428107,426258,2,2,07/03/2012,1515,3,1,1,1,1,3,1,14,1
8992,120105847,423235,435597,2,2,07/03/2012,1330,6,1,1,1,1,3,2,33,9
8993,120105847,423235,435597,2,2,07/03/2012,1330,6,1,1,1,1,3,1,42,9
8994,120106091,425232,437874,2,2,07/03/2012,2000,3,1,4,1,1,3,1,38,9
8995,120106091,425232,437874,2,2,07/03/2012,2000,3,1,4,1,2,3,1,34,9
8996,120107370,430894,434249,2,2,08/03/2012,1540,6,1,1,1,1,3,1,32,9
8997,120107370,430894,434249,2,2,08/03/2012,1540,6,1,1,1,2,3,1,23,9
8998,120107710,432524,427550,2,2,08/03/2012,1615,3,1,1,1,1,2,2,28,9
8999,120107710,432524,427550,2,2,08/03/2012,1615,3,1,1,1,1,3,1,24,9
9000,120108332,414126,442719,1,1,09/03/2012,737,6,2,1,1,1,3,1,22,9
9001,120108794,423916,434308,1,1,09/03/2012,1135,6,1,1,1,3,1,2,76,21
9002,120109359,417382,441515,2,1,09/03/2012,1,6,2,7,1,2,3,1,74,9
9003,120109640,429546,433967,2,2,09/03/2012,1400,6,1,1,1,1,3,1,44,9
9004,120109640,429546,433967,2,2,09/03/2012,1400,6,1,1,1,2,3,2,45,9
9005,120109820,429026,432292,1,1,09/03/2012,1940,6,1,4,1,3,1,1,79,9
9006,120112994,441998,430356,2,1,09/03/2012,840,6,1,1,1,2,3,2,50,11
9007,120111002,432252,435276,1,1,10/03/2012,1540,6,1,1,1,3,3,1,3,90
9008,120111744,433055,434005,1,1,10/03/2012,1605,3,1,1,1,2,3,2,71,11
9009,120111866,423317,443453,2,1,10/03/2012,1540,3,1,1,1,1,3,1,26,1
9010,120112532,428268,429610,2,1,10/03/2012,1525,3,1,1,1,2,3,2,31,5
9011,120111519,427238,430509,1,2,11/03/2012,110,6,1,7,1,1,3,1,27,9
9012,120111519,427238,430509,1,2,11/03/2012,110,6,1,7,1,2,3,1,47,9
9013,120112329,428629,436975,2,1,11/03/2012,1545,4,1,1,1,1,3,1,44,1
9014,120112530,429973,432674,1,1,11/03/2012,1945,3,1,4,1,1,2,1,49,5
9015,120112938,427521,434862,2,1,12/03/2012,825,6,1,1,1,1,3,1,38,1
9016,120115588,429582,434768,2,1,12/03/2012,1130,3,1,1,1,1,3,1,20,1
9017,120114466,415842,441808,1,3,13/03/2012,100,6,1,6,1,2,2,1,32,9
9018,120114466,415842,441808,1,3,13/03/2012,100,6,1,6,1,2,3,1,31,9
9019,120114466,415842,441808,1,3,13/03/2012,100,6,1,6,1,2,3,1,27,9
9020,120114938,424274,438221,1,1,13/03/2012,840,6,1,1,1,3,3,2,48,9
9021,120114940,436736,436312,2,4,13/03/2012,935,6,1,1,1,2,3,1,5,9
9022,120114940,436736,436312,2,4,13/03/2012,935,6,1,1,1,1,3,2,27,9
9023,120114940,436736,436312,2,4,13/03/2012,935,6,1,1,1,1,3,1,60,9
9024,120114940,436736,436312,2,4,13/03/2012,935,6,1,1,1,2,3,2,3,9
9025,120116245,432096,435458,2,1,13/03/2012,1114,4,1,1,1,2,3,1,29,9
9026,120117575,419760,440709,2,1,14/03/2012,1725,6,1,7,1,1,2,1,10,1
9027,120118631,431965,435837,3,1,14/03/2012,1500,4,1,1,1,1,3,1,60,9
9028,120121914,434892,433275,2,1,14/03/2012,1930,6,1,4,1,1,2,1,26,3
9029,120117988,428979,433467,1,1,15/03/2012,125,3,1,7,1,1,3,2,26,9
9030,120118536,430090,431402,2,1,15/03/2012,1015,3,1,1,1,1,2,2,42,1
9031,120118778,435709,436958,1,1,15/03/2012,1220,3,1,1,1,3,1,2,24,21
9032,120118904,431018,433510,2,3,15/03/2012,1340,3,1,1,1,1,3,1,72,9
9033,120118904,431018,433510,2,3,15/03/2012,1340,3,1,1,1,1,3,2,40,9
9034,120118904,431018,433510,2,3,15/03/2012,1340,3,1,1,1,2,3,2,71,9
9035,120119091,427896,436193,2,1,15/03/2012,1435,3,1,1,1,1,3,1,34,1
9036,120119380,428442,425423,2,1,15/03/2012,1845,6,1,4,1,1,3,1,16,2
9037,120119409,434932,434931,1,1,15/03/2012,1648,6,1,1,1,3,3,2,7,9
9038,120120080,430630,434222,1,1,15/03/2012,1110,6,1,1,1,2,3,2,36,11
9039,120120136,428462,431345,2,2,16/03/2012,958,3,1,1,1,1,3,2,46,9
9040,120120136,428462,431345,2,2,16/03/2012,958,3,1,1,1,2,3,2,22,9
9041,120120747,423272,433893,4,6,16/03/2012,1405,6,1,1,1,1,2,1,20,9
9042,120120747,423272,433893,4,6,16/03/2012,1405,6,1,1,1,1,3,1,18,9
9043,120120747,423272,433893,4,6,16/03/2012,1405,6,1,1,1,2,2,1,20,9
9044,120120747,423272,433893,4,6,16/03/2012,1405,6,1,1,1,2,3,1,21,9
9045,120120747,423272,433893,4,6,16/03/2012,1405,6,1,1,1,2,2,1,19,9
9046,120120747,423272,433893,4,6,16/03/2012,1405,6,1,1,1,2,3,1,19,9
9047,120121594,423871,437664,2,1,16/03/2012,1320,3,1,1,1,1,3,1,39,9
9048,120122070,431260,427057,2,1,16/03/2012,1230,3,1,1,1,1,3,1,48,9
9049,120139843,428306,429624,2,1,16/03/2012,950,3,1,1,1,1,3,2,20,9
9050,120121539,428462,435701,3,4,17/03/2012,145,3,1,4,1,1,3,1,27,8
9051,120121539,428462,435701,3,4,17/03/2012,145,3,1,4,1,1,3,1,33,8
9052,120121539,428462,435701,3,4,17/03/2012,145,3,1,4,1,2,3,2,40,8
9053,120121539,428462,435701,3,4,17/03/2012,145,3,1,4,1,2,3,1,23,8
9054,120121548,432387,433680,1,1,17/03/2012,215,3,1,4,1,2,2,1,18,9
9055,120121830,429910,433953,1,1,17/03/2012,1021,6,1,1,1,3,2,2,83,9
9056,120121943,430461,437437,2,1,17/03/2012,905,6,1,1,1,1,3,1,19,9
9057,120121951,431983,435509,2,1,17/03/2012,1110,6,1,1,1,1,3,1,41,9
9058,120122150,434021,433950,3,1,17/03/2012,1226,6,1,1,1,1,3,2,44,9
9059,120122366,424978,433048,3,1,17/03/2012,1705,6,2,7,1,1,3,1,30,9
9060,120122850,435143,442256,1,2,17/03/2012,2320,6,1,6,1,1,2,1,25,19
9061,120122850,435143,442256,1,2,17/03/2012,2320,6,1,6,1,2,2,1,26,19
9062,120122909,436828,433970,1,1,18/03/2012,39,6,2,4,1,3,2,2,43,9
9063,120124243,435872,436372,2,1,18/03/2012,1100,3,1,1,1,1,3,1,56,9
9064,120125613,427514,432589,2,1,18/03/2012,1730,6,1,7,1,1,3,1,18,1
9065,120137237,427968,433615,2,1,18/03/2012,1305,3,1,1,1,1,3,1,20,1
9066,120125260,432813,433902,2,2,19/03/2012,1600,3,1,1,1,1,3,2,62,9
9067,120125260,432813,433902,2,2,19/03/2012,1600,3,1,1,1,1,3,1,38,9
9068,120125431,429080,433047,2,1,19/03/2012,1755,6,1,7,1,1,3,1,41,5
9069,120125640,428534,431526,2,1,19/03/2012,2115,3,1,7,1,1,3,2,21,9
9070,120126046,426931,433760,2,1,20/03/2012,843,3,1,1,1,1,3,1,30,1
9071,120126121,436009,436571,3,6,20/03/2012,800,3,2,1,1,1,3,1,33,9
9072,120126121,436009,436571,3,6,20/03/2012,800,3,2,1,1,2,3,1,28,19
9073,120126121,436009,436571,3,6,20/03/2012,800,3,2,1,1,2,3,1,29,19
9074,120126121,436009,436571,3,6,20/03/2012,800,3,2,1,1,2,3,1,56,19
9075,120126121,436009,436571,3,6,20/03/2012,800,3,2,1,1,2,3,1,22,19
9076,120126121,436009,436571,3,6,20/03/2012,800,3,2,1,1,2,3,1,19,19
9077,120126972,432187,431003,2,1,20/03/2012,740,4,1,1,1,1,3,1,39,1
9078,120127182,430964,440115,1,1,20/03/2012,1730,3,1,7,1,3,3,2,68,9
9079,120128846,441004,430984,2,1,20/03/2012,1910,6,1,7,1,1,3,1,33,1
9080,120127647,426513,435651,2,1,21/03/2012,725,4,1,7,1,1,3,1,26,1
9081,120127718,429949,436661,1,1,21/03/2012,1552,3,1,1,1,3,3,1,13,11
9082,120127734,429952,430859,2,1,21/03/2012,907,3,1,1,1,1,3,1,16,2
9083,120128791,431860,429114,1,1,21/03/2012,1550,6,1,1,1,3,3,2,4,9
9084,120128877,433848,433534,2,1,21/03/2012,1739,6,1,7,1,1,3,1,32,3
9085,120128886,428225,435781,3,1,21/03/2012,1800,3,1,7,1,1,3,2,26,1
9086,120128940,423159,433817,1,1,21/03/2012,1512,6,1,1,1,3,2,1,3,9
9087,120128943,430051,432361,1,1,21/03/2012,1722,1,1,7,1,1,3,1,34,5
9088,120129183,428397,435450,2,1,21/03/2012,2220,6,1,4,1,1,3,1,36,8
9089,120129825,428930,433412,2,2,22/03/2012,1020,3,1,1,1,1,3,2,45,9
9090,120129825,428930,433412,2,2,22/03/2012,1020,3,1,1,1,2,3,2,31,9
9091,120130381,431592,437826,1,1,22/03/2012,1600,6,1,1,1,1,3,2,81,9
9092,120130406,431966,432689,2,1,22/03/2012,1525,6,1,1,1,1,3,1,32,9
9093,120130560,426871,434941,2,2,22/03/2012,1400,3,1,1,1,1,3,2,30,9
9094,120130560,426871,434941,2,2,22/03/2012,1400,3,1,1,1,2,3,1,29,9
9095,120130687,426986,433434,2,1,22/03/2012,1705,6,1,7,1,1,3,1,56,1
9096,120130845,428906,435510,2,1,22/03/2012,1225,3,1,1,1,2,3,2,19,9
9097,120132070,427523,434552,3,1,22/03/2012,1450,6,1,1,1,1,3,2,22,9
9098,120132539,423157,434671,2,1,22/03/2012,1505,4,1,1,1,1,3,1,42,1
9099,120143427,428397,434386,2,1,22/03/2012,740,6,1,1,1,1,3,1,39,1
9100,120132042,430317,428425,2,2,23/03/2012,1409,6,1,1,1,1,3,1,20,9
9101,120132042,430317,428425,2,2,23/03/2012,1409,6,1,1,1,2,3,1,21,9
9102,120132112,429200,440316,2,1,23/03/2012,1520,6,1,1,1,1,3,2,68,9
9103,120132150,430648,436819,2,1,23/03/2012,1500,6,1,1,1,1,3,1,15,1
9104,120132313,430704,434794,2,1,23/03/2012,1600,3,1,1,1,1,3,1,29,9
9105,120132376,430698,435822,1,2,23/03/2012,1330,6,1,1,1,1,3,1,17,9
9106,120132376,430698,435822,1,2,23/03/2012,1330,6,1,1,1,2,2,1,25,9
9107,120132908,432366,436357,2,1,23/03/2012,1315,6,1,1,1,1,3,1,33,3
9108,120133291,430691,434494,1,1,24/03/2012,1200,6,1,1,1,2,3,2,5,11
9109,120134825,429470,427296,2,1,25/03/2012,1500,6,1,1,1,2,3,2,29,9
9110,120135081,426375,438873,1,3,25/03/2012,350,6,1,4,1,1,3,1,37,9
9111,120135081,426375,438873,1,3,25/03/2012,350,6,1,4,1,2,3,2,28,9
9112,120135081,426375,438873,1,3,25/03/2012,350,6,1,4,1,2,3,1,39,9
9113,120136729,436224,434712,1,1,25/03/2012,115,6,1,7,1,3,3,1,50,9
9114,120136808,424812,427322,2,1,25/03/2012,1930,1,1,7,1,1,3,2,23,9
9115,120135975,440397,432307,2,1,26/03/2012,810,3,1,1,1,1,3,1,45,3
9116,120136197,432057,435964,2,1,26/03/2012,905,6,1,1,1,1,3,2,40,1
9117,120136430,426862,438037,2,2,26/03/2012,1410,3,1,1,1,1,3,2,61,9
9118,120136430,426862,438037,2,2,26/03/2012,1410,3,1,1,1,2,3,2,33,9
9119,120136518,426511,427747,1,1,26/03/2012,1317,6,1,1,1,3,2,1,61,9
9120,120136604,426835,438056,2,1,26/03/2012,1220,3,1,1,1,1,3,2,36,9
9121,120136695,429405,433901,2,1,26/03/2012,1555,2,1,1,1,1,3,2,53,9
9122,120136745,428950,426427,4,3,26/03/2012,1725,1,1,7,1,1,3,2,34,9
9123,120136745,428950,426427,4,3,26/03/2012,1725,1,1,7,1,1,3,1,27,19
9124,120136745,428950,426427,4,3,26/03/2012,1725,1,1,7,1,1,3,2,42,9
9125,120136801,437796,432439,2,2,26/03/2012,1640,1,1,1,1,1,3,2,37,9
9126,120136801,437796,432439,2,2,26/03/2012,1640,1,1,1,1,2,3,2,18,9
9127,120137045,420956,434454,3,1,26/03/2012,1650,4,1,1,1,1,3,1,56,9
9128,120137204,430356,431635,2,5,26/03/2012,2255,1,1,4,1,1,3,1,30,9
9129,120137204,430356,431635,2,5,26/03/2012,2255,1,1,4,1,1,3,2,49,9
9130,120137204,430356,431635,2,5,26/03/2012,2255,1,1,4,1,2,3,1,39,9
9131,120137204,430356,431635,2,5,26/03/2012,2255,1,1,4,1,2,3,2,21,9
9132,120137204,430356,431635,2,5,26/03/2012,2255,1,1,4,1,2,3,2,39,9
9133,120137776,437576,432610,2,3,26/03/2012,1140,6,1,1,1,1,3,1,38,9
9134,120137776,437576,432610,2,3,26/03/2012,1140,6,1,1,1,2,3,2,49,9
9135,120137776,437576,432610,2,3,26/03/2012,1140,6,1,1,1,2,3,1,23,9
9136,120137338,429395,433816,2,2,27/03/2012,730,3,1,7,1,1,3,2,36,9
9137,120137338,429395,433816,2,2,27/03/2012,730,3,1,7,1,1,3,2,28,9
9138,120137541,441656,433958,2,1,27/03/2012,805,6,1,1,1,1,3,1,63,19
9139,120138362,427030,426391,2,1,27/03/2012,830,3,1,1,1,1,3,1,15,1
9140,120138423,428692,437041,1,1,27/03/2012,1715,4,1,7,1,3,3,1,13,9
9141,120138459,439169,432449,1,1,27/03/2012,1715,3,1,7,1,3,3,2,18,9
9142,120139004,443067,440538,3,1,27/03/2012,905,2,1,1,1,1,3,2,60,9
9143,120139844,430455,433681,1,1,27/03/2012,1505,6,1,1,1,3,3,2,39,9
9144,120141957,428064,435013,2,1,27/03/2012,1700,6,1,7,1,1,3,1,25,1
9145,120139215,430382,433580,2,1,28/03/2012,950,6,1,1,1,1,3,1,45,1
9146,120139757,424171,444029,1,1,28/03/2012,1146,3,1,1,1,3,2,1,64,9
9147,120140240,430446,433936,2,1,28/03/2012,1454,6,1,1,1,2,3,2,43,11
9148,120140338,430456,433926,1,1,28/03/2012,1800,2,1,7,1,2,3,1,80,11
9149,120141342,425029,439311,2,1,28/03/2012,1430,6,1,1,1,1,2,1,36,4
9150,120141350,421411,440512,3,1,28/03/2012,1740,3,1,7,1,1,3,2,24,9
9151,120141399,425800,428121,1,1,28/03/2012,1550,3,1,1,1,3,3,1,50,19
9152,120141246,433916,436537,2,1,29/03/2012,856,3,1,1,1,1,3,1,25,1
9153,120141927,431884,435060,1,2,29/03/2012,1518,6,1,1,1,3,3,1,21,9
9154,120141927,431884,435060,1,2,29/03/2012,1518,6,1,1,1,3,3,1,33,9
9155,120142573,431840,439666,2,1,29/03/2012,2214,6,1,7,1,1,3,1,26,9
9156,120142875,435918,425859,2,1,30/03/2012,907,1,1,1,1,1,3,2,29,9
9157,120143351,430268,433744,1,1,30/03/2012,1325,6,1,1,1,2,3,2,79,11
9158,120143728,423323,432668,2,1,30/03/2012,1445,6,1,1,1,1,3,1,17,1
9159,120143856,433141,434018,1,3,30/03/2012,1420,3,1,1,1,3,3,1,33,11
9160,120143856,433141,434018,1,3,30/03/2012,1420,3,1,1,1,2,3,2,5,11
9161,120143856,433141,434018,1,3,30/03/2012,1420,3,1,1,1,2,3,2,86,11
9162,120143928,428436,434029,2,1,30/03/2012,1735,6,1,7,1,2,3,2,46,9
9163,120144262,436682,434273,2,1,30/03/2012,2210,6,1,4,1,1,3,1,28,9
9164,120144505,429911,433795,2,1,30/03/2012,2340,6,1,4,1,1,3,1,56,11
9165,120145775,433153,433683,2,1,30/03/2012,1115,6,1,1,1,1,2,1,16,3
9166,120149433,429775,434387,2,1,30/03/2012,1520,2,1,1,1,2,3,1,6,9
9167,120150501,440398,449275,2,1,30/03/2012,830,4,1,1,1,1,3,1,16,1
9168,120144766,429655,435282,1,1,31/03/2012,845,6,1,1,1,3,3,2,79,9
9169,120145253,432074,433352,2,1,31/03/2012,1707,6,1,7,1,1,3,1,11,1
9170,120145280,425606,432719,1,1,31/03/2012,1640,3,1,1,1,1,2,1,20,5
9171,120146004,428414,428695,2,1,01/04/2012,1118,3,1,1,1,2,3,2,59,9
9172,120146394,431488,432455,2,1,01/04/2012,1605,3,1,1,1,1,3,1,49,2
9173,120146459,431337,434892,2,1,01/04/2012,1720,6,1,7,1,1,3,2,14,1
9174,120147260,430420,433732,1,2,02/04/2012,953,6,1,1,1,1,3,1,49,11
9175,120147260,430420,433732,1,2,02/04/2012,953,6,1,1,1,2,3,2,70,11
9176,120148147,439885,437145,1,1,02/04/2012,1700,6,1,7,1,3,3,1,47,9
9177,120148244,430021,438552,1,1,02/04/2012,1449,6,1,1,1,2,3,2,68,11
9178,120148271,435034,434696,2,1,02/04/2012,1645,3,1,1,1,1,3,2,56,9
9179,120148319,431886,435575,2,1,02/04/2012,1833,6,1,7,1,1,3,1,22,9
9180,120149769,430829,433823,1,1,02/04/2012,1250,2,1,1,1,2,3,2,39,9
9181,120149876,445214,429407,1,1,02/04/2012,2320,6,1,6,1,1,2,1,23,5
9182,120149235,427811,436337,1,1,03/04/2012,1027,3,1,1,1,2,3,2,98,11
9183,120149597,426226,431883,2,1,03/04/2012,1450,3,1,1,1,3,3,2,22,10
9184,120150330,432137,439382,2,3,03/04/2012,1205,3,1,1,1,1,3,1,76,9
9185,120150330,432137,439382,2,3,03/04/2012,1205,3,1,1,1,1,3,1,25,9
9186,120150330,432137,439382,2,3,03/04/2012,1205,3,1,1,1,2,3,1,22,9
9187,120150863,428470,436851,2,1,03/04/2012,1630,4,1,1,1,1,3,2,41,9
9188,120151352,432115,432880,1,1,03/04/2012,2200,6,2,4,5,2,3,2,32,9
9189,120151106,430960,435788,2,1,04/04/2012,908,6,1,1,1,1,3,1,43,1
9190,120151112,434648,435507,2,1,04/04/2012,1540,6,1,1,1,1,3,1,10,1
9191,120151877,430095,437873,3,1,04/04/2012,1550,3,1,1,1,1,3,2,33,9
9192,120151988,440953,448099,2,1,04/04/2012,1905,6,1,7,1,1,3,2,39,9
9193,120151820,432249,438839,2,1,05/04/2012,805,6,1,1,1,2,3,1,62,9
9194,120152067,430668,433650,2,1,05/04/2012,843,3,1,1,1,2,3,2,65,11
9195,120152705,429952,428089,3,2,05/04/2012,1503,6,1,1,1,1,3,2,35,9
9196,120152705,429952,428089,3,2,05/04/2012,1503,6,1,1,1,2,3,2,37,9
9197,120152946,429426,433920,3,1,05/04/2012,1632,2,1,1,1,2,3,2,33,9
9198,120153059,431842,432686,1,1,05/04/2012,1930,6,1,7,1,3,3,1,63,9
9199,120153117,422462,427899,2,1,05/04/2012,1435,3,1,1,1,1,3,1,19,9
9200,120153386,433136,435620,2,1,05/04/2012,2150,6,1,4,1,2,3,1,21,9
9201,120153805,420325,434282,1,1,05/04/2012,1144,6,1,1,1,3,2,2,57,9
9202,120153965,429149,431736,2,2,06/04/2012,1435,6,1,1,1,1,3,1,20,9
9203,120153965,429149,431736,2,2,06/04/2012,1435,6,1,1,1,1,3,1,45,5
9204,120153984,434320,442328,2,1,06/04/2012,1600,6,1,1,1,1,3,2,44,9
9205,120154374,436761,436558,2,1,06/04/2012,1312,6,1,1,1,1,3,1,51,9
9206,120175016,432072,431118,1,1,06/04/2012,1730,3,1,7,1,1,3,1,37,9
9207,120154250,427935,426300,2,2,07/04/2012,10,3,2,4,1,1,3,1,46,8
9208,120154250,427935,426300,2,2,07/04/2012,10,3,2,4,1,2,3,1,18,8
9209,120154346,431660,441485,1,1,07/04/2012,45,3,2,6,1,1,3,2,23,9
9210,120155437,429769,430607,3,5,07/04/2012,2350,3,2,4,2,1,3,1,31,9
9211,120155437,429769,430607,3,5,07/04/2012,2350,3,2,4,2,1,3,1,50,8
9212,120155437,429769,430607,3,5,07/04/2012,2350,3,2,4,2,2,3,2,19,9
9213,120155437,429769,430607,3,5,07/04/2012,2350,3,2,4,2,2,3,1,32,9
9214,120155437,429769,430607,3,5,07/04/2012,2350,3,2,4,2,2,3,1,25,9
9215,120157099,435378,428512,2,2,07/04/2012,1905,3,1,7,1,1,3,2,48,9
9216,120157099,435378,428512,2,2,07/04/2012,1905,3,1,7,1,1,3,1,25,9
9217,120156746,432161,445133,1,1,08/04/2012,1210,3,1,1,1,2,3,2,67,11
9218,120164986,426673,427475,2,1,08/04/2012,1500,4,1,1,1,1,3,1,41,9
9219,120156609,430493,433080,1,1,09/04/2012,330,6,2,4,1,2,3,2,24,8
9220,120156822,423300,434733,2,2,09/04/2012,705,6,2,7,2,1,3,1,26,9
9221,120156822,423300,434733,2,2,09/04/2012,705,6,2,7,2,1,3,1,41,9
9222,120157142,429915,434257,2,1,09/04/2012,1410,3,1,1,1,1,3,1,41,3
9223,120157274,422233,433553,2,1,09/04/2012,1825,4,1,7,1,1,3,2,46,9