Col.Number,Reference.Number,Easting,Northing,Number.of.Vehicles,Number.of.Casualties,Accident.Date,Time..24hr.,X1st.Road.Class,Road.Surface,Lighting.Conditions,Weather.Conditions,Casualty.Class,Casualty.Severity,Sex.of.Casualty,Age.of.Casualty,Type.of.Vehicle
9224,120157336,424226,432722,2,3,09/04/2012,1745,6,1,7,1,1,3,1,31,9
9225,120157336,424226,432722,2,3,09/04/2012,1745,6,1,7,1,1,3,1,30,9
9226,120157336,424226,432722,2,3,09/04/2012,1745,6,1,7,1,2,3,2,22,9
9227,120158367,429748,426972,1,1,09/04/2012,1226,3,1,1,1,1,3,1,37,9
9228,120158748,430893,435525,1,1,10/04/2012,1600,6,1,1,1,3,3,1,39,9
9229,120159446,428626,436961,2,1,10/04/2012,1530,4,1,1,1,1,3,1,47,1
9230,120159937,425773,431455,2,1,11/04/2012,930,3,1,1,1,2,2,2,61,9
9231,120160390,427397,433932,2,1,11/04/2012,1905,6,1,7,1,1,3,1,14,1
9232,120161943,426317,427910,1,1,12/04/2012,1635,4,1,1,1,3,2,2,80,11
9233,120162050,422038,434386,1,1,12/04/2012,1750,6,1,7,1,3,3,1,14,9
9234,120163412,428019,432958,1,1,12/04/2012,1300,6,1,1,1,3,3,1,46,19
9235,120163526,431473,435111,3,3,12/04/2012,1230,3,1,1,1,2,3,2,32,9
9236,120163526,431473,435111,3,3,12/04/2012,1230,3,1,1,1,2,3,2,18,9
9237,120163526,431473,435111,3,3,12/04/2012,1230,3,1,1,1,1,3,1,56,9
9238,120162559,420314,445361,2,1,13/04/2012,752,6,1,1,1,1,2,1,48,5
9239,120162707,427714,433706,3,2,13/04/2012,950,3,1,1,1,1,3,2,27,9
9240,120162707,427714,433706,3,2,13/04/2012,950,3,1,1,1,2,3,1,11,9
9241,120162795,430909,436545,2,1,13/04/2012,800,4,1,1,1,1,3,1,42,1
9242,120163085,439782,448325,2,1,13/04/2012,1315,6,1,1,1,1,3,1,16,1
9243,120163452,424612,433134,1,1,13/04/2012,1520,6,1,1,1,3,3,1,7,9
9244,120163664,425405,427050,2,1,13/04/2012,1721,3,1,7,1,1,3,2,40,9
9245,120164645,432139,425747,2,1,13/04/2012,930,1,1,1,1,1,3,1,37,9
9246,120164548,429229,435447,2,1,14/04/2012,1306,6,1,1,1,2,3,2,56,9
9247,120165283,439014,439189,2,2,14/04/2012,2245,3,1,6,1,3,1,1,20,9
9248,120165283,439014,439189,2,2,14/04/2012,2245,3,1,6,1,1,3,2,51,9
9249,120172195,429599,432560,2,2,14/04/2012,1749,6,1,7,1,2,3,1,6,9
9250,120172195,429599,432560,2,2,14/04/2012,1749,6,1,7,1,2,3,2,38,9
9251,120165739,430448,433456,1,1,15/04/2012,1140,6,1,1,1,3,1,1,78,11
9252,120170957,430684,433451,1,1,15/04/2012,1500,6,1,1,1,3,3,2,19,8
9253,120167212,431437,432706,2,4,16/04/2012,1057,3,1,1,1,1,3,2,27,9
9254,120167212,431437,432706,2,4,16/04/2012,1057,3,1,1,1,2,3,2,51,9
9255,120167212,431437,432706,2,4,16/04/2012,1057,3,1,1,1,2,3,2,25,9
9256,120167212,431437,432706,2,4,16/04/2012,1057,3,1,1,1,2,3,2,1,9
9257,120168908,442096,434626,2,1,17/04/2012,1255,3,1,1,1,1,3,1,44,1
9258,120169305,430806,433453,1,1,17/04/2012,1555,6,1,1,1,3,3,1,49,11
9259,120169447,435434,436402,2,2,17/04/2012,1730,6,1,7,1,1,3,1,31,9
9260,120169447,435434,436402,2,2,17/04/2012,1730,6,1,7,1,2,3,2,30,9
9261,120169611,429789,431075,2,4,17/04/2012,1914,6,1,7,1,1,3,2,19,9
9262,120169611,429789,431075,2,4,17/04/2012,1914,6,1,7,1,1,3,2,26,9
9263,120169611,429789,431075,2,4,17/04/2012,1914,6,1,7,1,2,3,2,24,9
9264,120169611,429789,431075,2,4,17/04/2012,1914,6,1,7,1,2,3,2,22,9
9265,120169624,431856,435867,1,1,17/04/2012,1810,6,1,7,1,3,3,1,5,9
9266,120169941,431980,435828,2,1,17/04/2012,1310,3,1,1,1,1,3,1,28,9
9267,120170490,430949,435934,2,1,17/04/2012,925,6,1,1,1,2,3,2,26,11
9268,120176776,421115,434848,1,1,17/04/2012,1515,6,1,1,1,3,3,2,55,9
9269,120170118,429924,434247,1,1,18/04/2012,830,3,2,1,1,3,2,2,20,3
9270,120170180,429232,433490,1,1,18/04/2012,805,6,1,1,1,3,3,2,21,9
9271,120171165,431691,431445,2,1,18/04/2012,1645,3,1,1,1,1,3,2,25,9
9272,120171216,435771,436827,2,1,18/04/2012,1915,3,2,4,5,1,3,1,24,9
9273,120171520,428004,435412,2,4,19/04/2012,40,6,2,4,1,1,3,2,24,9
9274,120171520,428004,435412,2,4,19/04/2012,40,6,2,4,1,1,3,1,21,9
9275,120171520,428004,435412,2,4,19/04/2012,40,6,2,4,1,2,3,1,21,9
9276,120171520,428004,435412,2,4,19/04/2012,40,6,2,4,1,2,3,1,22,9
9277,120171588,432026,430965,1,1,19/04/2012,625,3,2,7,2,1,2,1,51,3
9278,120171813,431210,439309,2,1,19/04/2012,920,3,2,1,2,1,3,2,29,9
9279,120171930,426850,438026,2,1,19/04/2012,640,3,2,7,2,1,3,1,30,1
9280,120171951,428870,433375,4,1,19/04/2012,930,3,2,1,1,2,3,2,75,9
9281,120172219,432134,434664,2,1,19/04/2012,1300,6,2,1,1,2,3,1,0,9
9282,120275840,440572,432086,2,1,19/04/2012,1330,4,1,1,1,1,3,2,63,9
9283,120173652,429904,433480,1,1,20/04/2012,1015,6,1,1,1,2,3,2,63,11
9284,120174191,427328,434737,1,1,20/04/2012,1530,6,1,1,1,3,3,1,10,9
9285,120174306,429949,430851,1,1,20/04/2012,1530,3,1,1,1,3,3,1,13,9
9286,120174388,423003,437642,2,1,20/04/2012,1700,3,1,7,1,1,3,1,51,9
9287,120174467,433826,429781,2,2,20/04/2012,1650,1,1,1,1,1,3,1,26,19
9288,120174467,433826,429781,2,2,20/04/2012,1650,1,1,1,1,2,3,1,25,19
9289,120174673,430296,433098,2,1,20/04/2012,910,6,1,1,1,1,3,2,33,9
9290,120175868,425195,433641,2,1,20/04/2012,1700,6,1,7,1,3,2,2,5,9
9291,120174946,432101,436040,2,2,21/04/2012,19,6,1,4,1,1,1,1,21,9
9292,120174946,432101,436040,2,2,21/04/2012,19,6,1,4,1,2,3,1,20,9
9293,120175585,430490,437156,2,2,21/04/2012,1400,6,1,1,1,1,3,1,19,9
9294,120175585,430490,437156,2,2,21/04/2012,1400,6,1,1,1,2,3,2,18,9
9295,120175775,421840,436346,4,2,21/04/2012,1605,3,1,1,1,2,3,2,63,9
9296,120175775,421840,436346,4,2,21/04/2012,1605,3,1,1,1,2,3,2,58,9
9297,120175903,423092,443238,2,1,21/04/2012,1840,3,1,7,1,1,3,1,52,9
9298,120176348,436903,443154,1,1,21/04/2012,2310,3,1,7,1,3,3,1,25,9
9299,120191994,429972,433271,1,1,21/04/2012,300,6,2,4,1,3,2,1,19,8
9300,120176462,427653,436657,2,1,22/04/2012,725,3,2,7,1,1,3,1,32,1
9301,120177462,429968,435598,2,2,22/04/2012,400,6,1,7,1,2,3,2,21,9
9302,120177462,429968,435598,2,2,22/04/2012,400,6,1,7,1,2,3,2,13,9
9303,120187293,430454,437066,1,1,22/04/2012,135,6,1,4,1,3,3,2,21,9
9304,120177498,431871,435944,2,1,23/04/2012,120,4,1,7,1,1,3,1,19,4
9305,120177885,432650,437004,2,1,23/04/2012,800,6,2,1,2,1,2,1,40,3
9306,120178011,425581,432446,2,1,23/04/2012,845,6,2,1,2,1,3,1,16,2
9307,120178178,430514,433283,3,3,23/04/2012,920,6,1,1,1,1,3,1,47,9
9308,120178178,430514,433283,3,3,23/04/2012,920,6,1,1,1,1,3,1,53,19
9309,120178178,430514,433283,3,3,23/04/2012,920,6,1,1,1,1,3,1,36,9
9310,120178195,429350,433710,1,2,23/04/2012,1030,2,1,1,1,1,3,1,32,9
9311,120178195,429350,433710,1,2,23/04/2012,1030,2,1,1,1,2,3,2,20,9
9312,120178314,436542,434890,2,2,23/04/2012,1140,6,1,1,1,1,3,1,88,9
9313,120178314,436542,434890,2,2,23/04/2012,1140,6,1,1,1,2,3,2,83,9
9314,120178552,430016,434095,2,3,23/04/2012,1330,6,2,1,2,2,3,2,25,11
9315,120178552,430016,434095,2,3,23/04/2012,1330,6,2,1,2,2,3,2,36,11
9316,120178552,430016,434095,2,3,23/04/2012,1330,6,2,1,2,2,3,2,23,11
9317,120178750,433455,427642,2,1,23/04/2012,1705,3,2,7,2,2,3,1,6,9
9318,120178854,434195,436973,2,1,23/04/2012,1805,3,2,7,2,2,3,2,13,9
9319,120179048,430090,431275,1,1,23/04/2012,1750,3,2,7,2,3,3,1,45,9
9320,120179211,429185,433642,2,1,23/04/2012,2055,2,2,4,1,1,3,2,25,9
9321,120179506,426584,433502,2,1,23/04/2012,1245,6,2,1,1,2,3,2,87,11
9322,120183605,427854,436271,2,1,23/04/2012,815,3,2,1,2,2,3,2,16,11
9323,120179911,436332,434205,2,1,24/04/2012,1010,6,1,1,1,1,2,1,30,1
9324,120181540,427585,434526,2,1,24/04/2012,1400,3,1,1,1,2,3,1,72,11
9325,120181637,419815,441216,1,1,24/04/2012,1535,3,1,1,1,3,3,1,11,19
9326,120182751,420536,445578,2,1,24/04/2012,930,3,1,1,1,1,3,1,73,1
9327,120183021,423729,437369,1,1,24/04/2012,1240,3,2,1,1,2,2,1,35,11
9328,120181318,431096,434597,2,2,25/04/2012,930,6,1,1,1,1,3,2,18,9
9329,120181318,431096,434597,2,2,25/04/2012,930,6,1,1,1,1,2,1,38,5
9330,120181640,428530,429633,3,1,25/04/2012,1200,3,2,1,1,1,3,2,43,9
9331,120181726,430008,431012,1,1,25/04/2012,1333,6,2,1,2,3,3,2,29,9
9332,120181944,432497,434065,2,3,25/04/2012,1524,6,2,1,2,1,3,1,30,9
9333,120181944,432497,434065,2,3,25/04/2012,1524,6,2,1,2,2,3,2,37,9
9334,120181944,432497,434065,2,3,25/04/2012,1524,6,2,1,2,2,3,1,12,9
9335,120181966,431597,434408,2,1,25/04/2012,1450,6,2,1,2,1,3,2,53,9
9336,120182096,424166,434709,2,1,25/04/2012,625,6,1,7,1,3,3,1,44,9
9337,120182422,428505,432643,3,1,25/04/2012,2110,3,2,4,2,1,3,1,47,9
9338,120183333,421916,432964,2,2,25/04/2012,1525,4,2,1,2,2,3,2,36,9
9339,120183333,421916,432964,2,2,25/04/2012,1525,4,2,1,2,2,3,2,68,9
9340,120195876,431097,440734,2,1,25/04/2012,1715,6,2,7,2,1,3,1,38,9
9341,120182943,423302,434732,2,3,26/04/2012,900,6,2,1,1,1,3,1,22,9
9342,120182943,423302,434732,2,3,26/04/2012,900,6,2,1,1,1,3,1,26,9
9343,120182943,423302,434732,2,3,26/04/2012,900,6,2,1,1,2,3,1,19,9
9344,120183065,421721,432930,2,1,26/04/2012,1135,4,2,1,2,1,3,2,54,9
9345,120183864,430339,433387,1,1,26/04/2012,1400,6,1,1,1,3,3,2,90,9
9346,120183968,431003,430598,2,1,26/04/2012,2129,6,2,4,2,1,3,1,43,9
9347,120184100,418955,442015,1,1,26/04/2012,2035,3,2,4,2,3,2,1,21,9
9348,120184064,432715,436896,1,2,27/04/2012,55,6,2,7,1,2,3,1,50,9
9349,120184064,432715,436896,1,2,27/04/2012,55,6,2,7,1,1,3,1,46,9
9350,120184470,427000,440502,2,1,27/04/2012,900,3,1,1,1,1,3,1,40,9
9351,120184982,428518,431683,2,1,27/04/2012,1407,3,1,1,1,1,3,1,34,9
9352,120202506,429785,433674,1,1,27/04/2012,100,6,2,4,2,3,3,2,28,8
9353,120186424,439464,446167,2,2,28/04/2012,1412,3,2,1,2,1,3,1,51,5
9354,120186424,439464,446167,2,2,28/04/2012,1412,3,2,1,2,2,3,2,48,5
9355,120187611,434843,428540,2,1,28/04/2012,1337,6,1,1,1,1,3,2,52,9
9356,120193329,438827,427118,1,1,28/04/2012,2130,6,1,4,1,2,2,2,57,8
9357,120188271,426319,435587,3,1,29/04/2012,2215,4,2,4,2,2,2,2,20,9
9358,120189708,427578,425382,2,1,30/04/2012,1500,6,1,1,1,1,3,1,48,1
9359,120190103,432712,426733,1,1,30/04/2012,2310,3,1,4,1,3,3,2,23,9
9360,120190443,422209,433898,1,1,01/05/2012,1525,4,1,1,1,2,3,2,13,11
9361,120191103,431568,432630,2,1,01/05/2012,908,6,2,1,2,1,3,1,21,9
9362,120191108,434316,442325,2,4,01/05/2012,810,6,1,1,1,1,3,2,45,9
9363,120191108,434316,442325,2,4,01/05/2012,810,6,1,1,1,2,3,1,13,9
9364,120191108,434316,442325,2,4,01/05/2012,810,6,1,1,1,2,3,1,9,9
9365,120191108,434316,442325,2,4,01/05/2012,810,6,1,1,1,1,3,1,48,9
9366,120191281,428807,430442,2,1,01/05/2012,1700,6,1,7,1,1,3,2,44,9
9367,120191761,428316,429594,2,1,01/05/2012,1652,3,2,1,1,2,3,1,5,11
9368,120192756,427439,426467,2,1,01/05/2012,2140,6,1,7,1,1,3,1,41,1
9369,120193549,429705,432146,2,1,01/05/2012,1955,1,1,7,1,1,3,2,45,9
9370,120211493,425710,435406,2,3,01/05/2012,1825,6,1,7,1,1,3,2,39,9
9371,120211493,425710,435406,2,3,01/05/2012,1825,6,1,7,1,1,3,1,24,9
9372,120211493,425710,435406,2,3,01/05/2012,1825,6,1,7,1,2,3,2,18,9
9373,120193243,430534,424299,3,1,03/05/2012,745,1,1,1,1,1,3,1,24,19
9374,120193368,426380,435437,2,1,03/05/2012,900,3,1,1,1,1,3,2,30,1
9375,120193578,430727,433587,2,1,03/05/2012,1145,3,1,1,1,1,3,1,57,1
9376,120193603,427589,436825,2,2,03/05/2012,1126,3,1,1,1,1,3,2,39,9
9377,120193603,427589,436825,2,2,03/05/2012,1126,3,1,1,1,1,3,1,19,9
9378,120193856,430441,433291,2,1,03/05/2012,1315,6,1,1,1,2,3,2,33,9
9379,120194355,431761,435678,1,2,03/05/2012,1822,6,1,7,1,1,3,1,23,9
9380,120194355,431761,435678,1,2,03/05/2012,1822,6,1,7,1,3,3,1,3,9
9381,120194384,427313,430268,2,3,03/05/2012,1640,6,1,1,1,1,3,2,40,9
9382,120194384,427313,430268,2,3,03/05/2012,1640,6,1,1,1,2,3,2,8,9
9383,120194384,427313,430268,2,3,03/05/2012,1640,6,1,1,1,2,3,2,15,9
9384,120194395,429478,431198,2,1,03/05/2012,1915,6,1,7,1,1,3,1,28,9
9385,120195126,424149,438604,1,1,04/05/2012,830,6,1,1,1,3,3,1,11,9
9386,120195331,428102,434509,2,2,04/05/2012,1000,6,1,1,1,2,3,2,19,9
9387,120195331,428102,434509,2,2,04/05/2012,1000,6,1,1,1,1,3,1,30,9
9388,120196035,428530,431782,2,1,04/05/2012,1600,3,1,1,1,2,3,2,24,9
9389,120196074,425203,435248,1,1,04/05/2012,1720,6,1,7,1,3,3,1,9,9
9390,120196105,422447,427895,2,2,04/05/2012,1720,4,1,7,1,1,3,1,72,9
9391,120196105,422447,427895,2,2,04/05/2012,1720,4,1,7,1,2,3,2,68,9
9392,120196116,443404,438680,3,3,04/05/2012,1551,2,1,1,1,1,3,1,38,9
9393,120196116,443404,438680,3,3,04/05/2012,1551,2,1,1,1,2,3,1,12,9
9394,120196116,443404,438680,3,3,04/05/2012,1551,2,1,1,1,2,3,2,41,9
9395,120196131,431893,434914,2,2,04/05/2012,1830,6,1,7,1,1,3,1,26,9
9396,120196131,431893,434914,2,2,04/05/2012,1830,6,1,7,1,1,3,1,31,9
9397,120196136,434058,428007,2,1,04/05/2012,1535,6,1,1,1,1,3,1,16,3
9398,120196500,428607,431456,2,1,04/05/2012,2235,6,1,4,1,1,3,1,37,8
9399,120196620,431942,435789,2,1,04/05/2012,1230,3,1,1,1,1,3,1,32,9
9400,120196998,431336,439420,3,1,04/05/2012,1820,6,1,7,1,1,3,2,49,9
9401,120196914,429797,433826,1,1,05/05/2012,1115,6,1,1,1,3,2,2,74,9
9402,120197343,430621,433454,1,2,05/05/2012,1535,6,1,1,1,2,3,2,79,11
9403,120197343,430621,433454,1,2,05/05/2012,1535,6,1,1,1,2,3,2,25,11
9404,120197353,429519,431027,2,1,05/05/2012,1600,6,1,1,1,2,3,2,59,9
9405,120197375,430484,437174,2,1,05/05/2012,1549,6,1,1,1,2,3,2,49,9
9406,120197823,427791,432943,3,3,06/05/2012,110,4,1,4,1,1,3,1,52,8
9407,120197823,427791,432943,3,3,06/05/2012,110,4,1,4,1,2,3,2,34,8
9408,120197823,427791,432943,3,3,06/05/2012,110,4,1,4,1,2,3,1,29,8
9409,120198532,429852,433659,1,1,06/05/2012,1359,6,1,1,1,3,3,2,75,9
9410,120198548,422056,441684,3,2,06/05/2012,1410,3,1,1,1,1,3,1,39,9
9411,120198548,422056,441684,3,2,06/05/2012,1410,3,1,1,1,1,3,1,42,9
9412,120198781,422299,445992,3,1,06/05/2012,1700,3,1,7,1,1,1,1,17,4
9413,120199099,430615,432655,2,4,07/05/2012,325,3,1,7,1,1,3,1,29,8
9414,120199099,430615,432655,2,4,07/05/2012,325,3,1,7,1,1,3,1,31,9
9415,120199099,430615,432655,2,4,07/05/2012,325,3,1,7,1,2,3,2,22,9
9416,120199099,430615,432655,2,4,07/05/2012,325,3,1,7,1,2,3,2,18,9
9417,120199588,432371,426051,2,1,07/05/2012,1504,1,1,1,1,1,3,1,68,9
9418,120199800,430004,432660,2,1,07/05/2012,1845,3,1,7,1,2,3,2,32,9
9419,120199839,424145,428164,2,4,07/05/2012,1755,3,1,7,1,2,3,2,55,9
9420,120199839,424145,428164,2,4,07/05/2012,1755,3,1,7,1,2,3,2,16,9
9421,120199839,424145,428164,2,4,07/05/2012,1755,3,1,7,1,2,3,1,13,9
9422,120199839,424145,428164,2,4,07/05/2012,1755,3,1,7,1,2,2,1,13,9
9423,120199961,429885,433408,1,1,07/05/2012,2325,6,1,7,1,3,3,1,19,9
9424,120199962,429246,433844,2,1,07/05/2012,2130,6,1,7,1,1,2,1,22,1
9425,120200336,421584,444839,2,1,08/05/2012,913,3,1,1,1,1,3,1,81,9
9426,120200543,430748,439234,2,1,08/05/2012,655,3,2,7,1,1,3,1,26,1
9427,120200578,435917,425859,2,1,08/05/2012,1100,1,1,1,1,1,3,2,65,9
9428,120201183,428520,431900,2,1,08/05/2012,945,3,1,1,1,1,3,1,37,9
9429,120201207,424228,433967,3,2,08/05/2012,1610,3,1,1,1,1,3,2,24,9
9430,120201207,424228,433967,3,2,08/05/2012,1610,3,1,1,1,2,3,2,28,11
9431,120201314,432908,440281,3,1,08/05/2012,1720,6,1,7,1,2,3,2,12,9
9432,120201315,436242,435832,2,1,08/05/2012,1825,6,1,7,1,2,3,2,55,9
9433,120201365,432276,436059,2,1,08/05/2012,1700,6,1,7,1,1,3,1,20,9
9434,120201366,429454,431187,1,1,08/05/2012,1710,6,1,7,1,3,2,2,3,9
9435,120201447,430820,424476,2,1,08/05/2012,1750,3,1,7,1,1,3,2,45,9
9436,120202020,428570,431475,2,2,09/05/2012,700,3,1,7,1,1,3,2,23,9
9437,120202020,428570,431475,2,2,09/05/2012,700,3,1,7,1,1,3,1,56,9
9438,120202496,432094,436108,1,1,09/05/2012,1130,6,1,1,1,3,3,2,63,9
9439,120203037,425245,439475,2,2,09/05/2012,1627,6,1,1,1,1,3,2,27,9
9440,120203037,425245,439475,2,2,09/05/2012,1627,6,1,1,1,2,3,2,8,9
9441,120203196,436335,436319,1,1,09/05/2012,1945,6,1,7,1,2,3,2,34,11
9442,120203382,429685,434232,2,2,09/05/2012,2114,6,2,4,1,2,3,2,23,8
9443,120203382,429685,434232,2,2,09/05/2012,2114,6,2,4,1,2,3,2,48,8
9444,120203465,430636,434685,2,1,09/05/2012,2233,3,1,7,1,1,3,1,25,3
9445,120203476,428953,435472,1,1,09/05/2012,1310,3,1,1,1,3,2,1,38,9
9446,120211699,429915,436770,2,1,09/05/2012,1745,3,1,7,1,1,3,1,51,3
9447,120204644,430785,433453,2,1,10/05/2012,1635,3,2,1,2,1,2,1,23,3
9448,120204737,434708,425892,2,2,10/05/2012,1740,1,2,7,2,1,3,2,30,9
9449,120204737,434708,425892,2,2,10/05/2012,1740,1,2,7,2,1,3,1,26,9
9450,120206767,424430,435277,1,1,10/05/2012,1820,3,1,7,1,3,3,1,13,9
9451,120206297,429146,431992,2,1,11/05/2012,745,6,1,1,1,1,2,1,29,1
9452,120206359,428548,434973,2,1,11/05/2012,1640,6,2,1,1,1,3,1,26,1
9453,120207429,423497,437390,2,1,11/05/2012,1310,3,1,1,1,1,3,2,43,5
9454,120207439,434803,428891,2,2,11/05/2012,1918,6,2,7,2,1,3,2,29,9
9455,120207439,434803,428891,2,2,11/05/2012,1918,6,2,7,2,1,3,1,21,3
9456,120207545,436054,435545,2,4,11/05/2012,2039,3,2,7,1,1,3,1,31,19
9457,120207545,436054,435545,2,4,11/05/2012,2039,3,2,7,1,2,3,1,67,19
9458,120207545,436054,435545,2,4,11/05/2012,2039,3,2,7,1,2,3,2,29,9
9459,120207545,436054,435545,2,4,11/05/2012,2039,3,2,7,1,2,3,2,20,19
9460,120207793,419841,441175,1,1,11/05/2012,1538,3,1,1,1,3,3,1,9,9
9461,120207417,440481,432220,2,1,12/05/2012,1315,3,1,1,1,1,2,1,36,5
9462,120207537,432444,435220,1,1,12/05/2012,1315,6,1,1,1,3,3,2,51,9
9463,120207622,431108,430009,2,1,12/05/2012,1220,6,1,1,1,2,3,2,15,8
9464,120209126,429692,430747,1,1,12/05/2012,1640,6,1,1,1,3,3,2,6,9
9465,120208135,423019,433725,1,2,13/05/2012,2040,6,1,7,1,2,2,1,20,9
9466,120208135,423019,433725,1,2,13/05/2012,2040,6,1,7,1,2,3,1,18,9
9467,120208453,427747,435957,2,1,13/05/2012,420,6,1,4,1,3,3,1,20,8
9468,120209132,424819,428065,1,2,13/05/2012,1340,6,1,1,1,1,3,2,49,9
9469,120209132,424819,428065,1,2,13/05/2012,1340,6,1,1,1,2,3,1,50,9
9470,120211047,433552,434037,1,1,13/05/2012,1804,3,1,7,1,3,3,2,15,9
9471,120209715,425197,428964,2,3,14/05/2012,725,4,2,7,1,1,3,1,41,9
9472,120209715,425197,428964,2,3,14/05/2012,725,4,2,7,1,2,3,2,10,9
9473,120209715,425197,428964,2,3,14/05/2012,725,4,2,7,1,2,3,2,9,9
9474,120210032,428801,437769,3,2,14/05/2012,810,6,1,1,1,1,3,2,29,9
9475,120210032,428801,437769,3,2,14/05/2012,810,6,1,1,1,1,3,2,46,9
9476,120210386,424276,428341,2,2,14/05/2012,1200,3,1,1,1,1,3,1,61,9
9477,120210386,424276,428341,2,2,14/05/2012,1200,3,1,1,1,1,3,1,19,9
9478,120210817,426882,439057,2,1,14/05/2012,1540,3,1,1,1,1,3,1,37,1
9479,120210889,433698,434044,2,1,14/05/2012,1555,3,1,1,1,1,3,1,27,1
9480,120210947,421728,441015,2,1,14/05/2012,1720,3,1,7,1,3,3,1,54,5
9481,120211103,430505,439255,2,1,14/05/2012,1745,6,1,7,1,1,3,2,19,9
9482,120219077,431245,434148,2,1,14/05/2012,1925,6,1,7,1,1,3,1,15,1
9483,120211986,431876,425598,1,1,15/05/2012,922,6,1,1,1,1,3,1,80,9
9484,120212712,430907,436136,1,1,15/05/2012,1655,6,1,1,1,1,3,2,36,9
9485,120212955,426126,438910,2,5,15/05/2012,2355,6,1,4,1,1,3,1,31,8
9486,120212955,426126,438910,2,5,15/05/2012,2355,6,1,4,1,2,3,2,17,8
9487,120212955,426126,438910,2,5,15/05/2012,2355,6,1,4,1,2,3,2,17,8
9488,120212955,426126,438910,2,5,15/05/2012,2355,6,1,4,1,2,3,1,18,8
9489,120212955,426126,438910,2,5,15/05/2012,2355,6,1,4,1,2,3,1,20,8
9490,120213052,435769,436821,3,4,15/05/2012,1130,3,1,1,1,1,3,2,46,9
9491,120213052,435769,436821,3,4,15/05/2012,1130,3,1,1,1,1,3,1,55,9
9492,120213052,435769,436821,3,4,15/05/2012,1130,3,1,1,1,1,3,1,38,9
9493,120213052,435769,436821,3,4,15/05/2012,1130,3,1,1,1,2,3,2,57,9
9494,120215224,422443,433705,1,1,15/05/2012,1600,6,1,1,1,3,2,1,14,9
9495,120213193,435771,436815,1,1,16/05/2012,735,3,1,1,1,3,2,1,53,9
9496,120214112,425637,434240,2,1,16/05/2012,1615,3,1,1,1,1,3,2,55,9
9497,120214123,441680,432687,2,1,16/05/2012,1645,6,1,1,1,3,3,2,40,9
9498,120214330,431999,442099,1,2,16/05/2012,1905,3,1,7,1,1,3,1,55,9
9499,120214330,431999,442099,1,2,16/05/2012,1905,3,1,7,1,2,3,2,58,9
9500,120214679,426731,431744,2,2,16/05/2012,1315,3,1,1,1,1,3,2,56,9
9501,120214679,426731,431744,2,2,16/05/2012,1315,3,1,1,1,1,2,1,50,5
9502,120216660,430355,433445,1,1,16/05/2012,1645,6,1,1,1,3,3,2,26,11
9503,120215636,430230,435116,2,1,17/05/2012,1445,6,1,1,1,1,3,1,19,3
9504,120215871,428546,431410,2,2,17/05/2012,1745,3,1,7,1,1,3,1,32,9
9505,120215871,428546,431410,2,2,17/05/2012,1745,3,1,7,1,1,3,1,50,9
9506,120217305,434794,436579,1,1,17/05/2012,1040,6,1,1,1,2,3,2,41,8
9507,120219005,435898,436417,2,3,17/05/2012,1805,3,1,7,1,1,3,2,44,9
9508,120219005,435898,436417,2,3,17/05/2012,1805,3,1,7,1,2,3,2,10,9
9509,120219005,435898,436417,2,3,17/05/2012,1805,3,1,7,1,2,3,1,63,9
9510,120219025,431290,437133,2,3,17/05/2012,1855,6,1,7,1,1,3,2,28,9
9511,120219025,431290,437133,2,3,17/05/2012,1855,6,1,7,1,2,3,1,15,9
9512,120219025,431290,437133,2,3,17/05/2012,1855,6,1,7,1,2,3,2,25,9
9513,120216251,430135,437520,2,1,18/05/2012,50,3,1,7,1,1,3,2,46,9
9514,120216992,431100,433651,2,3,18/05/2012,1150,3,1,1,1,2,3,2,81,11
9515,120216992,431100,433651,2,3,18/05/2012,1150,3,1,1,1,2,3,1,87,11
9516,120216992,431100,433651,2,3,18/05/2012,1150,3,1,1,1,2,3,2,82,11
9517,120217438,430905,435614,2,1,18/05/2012,1645,6,1,1,1,1,3,1,28,1
9518,120218478,429540,431031,2,1,18/05/2012,1510,6,1,1,1,1,2,1,17,3
9519,120219014,424111,435522,1,1,18/05/2012,740,6,1,1,1,3,3,1,12,9
9520,120219033,429582,434804,1,1,18/05/2012,2245,3,1,4,1,3,2,2,21,8
9521,120218336,428819,430666,2,2,19/05/2012,1100,6,2,1,2,1,3,1,22,9
9522,120218336,428819,430666,2,2,19/05/2012,1100,6,2,1,2,2,3,2,22,9
9523,120218515,427973,426256,2,1,19/05/2012,1215,3,1,1,1,1,3,1,26,9
9524,120218929,429829,433403,1,1,19/05/2012,1715,6,1,7,1,3,3,2,19,11
9525,120219463,421012,440396,1,1,19/05/2012,525,3,1,7,1,2,2,2,7,19
9526,120219370,427515,436165,1,2,20/05/2012,7,6,1,7,1,3,3,1,20,8
9527,120219370,427515,436165,1,2,20/05/2012,7,6,1,7,1,3,3,1,19,8
9528,120219457,431673,433453,3,1,20/05/2012,402,6,1,7,1,2,3,1,17,9