Col.Number,Reference.Number,Easting,Northing,Number.of.Vehicles,Number.of.Casualties,Accident.Date,Time..24hr.,X1st.Road.Class,Road.Surface,Lighting.Conditions,Weather.Conditions,Casualty.Class,Casualty.Severity,Sex.of.Casualty,Age.of.Casualty,Type.of.Vehicle
9529,120219801,426454,440159,2,3,20/05/2012,958,6,1,1,1,1,3,1,23,9
9530,120219801,426454,440159,2,3,20/05/2012,958,6,1,1,1,1,3,1,40,9
9531,120219801,426454,440159,2,3,20/05/2012,958,6,1,1,1,2,3,1,67,9
9532,120220263,419982,446500,2,2,20/05/2012,1345,6,1,1,1,1,2,1,63,5
9533,120220263,419982,446500,2,2,20/05/2012,1345,6,1,1,1,2,3,2,47,5
9534,120221138,420053,434145,1,1,21/05/2012,934,3,1,1,1,3,3,1,3,9
9535,120223057,443314,439002,2,1,22/05/2012,730,2,1,7,1,1,3,1,27,9
9536,120223830,432477,444996,3,1,22/05/2012,1610,3,1,1,1,1,3,2,56,9
9537,120223938,430433,432769,2,1,22/05/2012,1300,3,1,1,1,1,3,1,35,9
9538,120226871,421366,440475,2,2,22/05/2012,830,3,1,1,1,1,3,2,27,9
9539,120226871,421366,440475,2,2,22/05/2012,830,3,1,1,1,2,3,2,4,9
9540,120224357,431301,434350,1,1,23/05/2012,130,6,1,4,1,1,3,2,33,9
9541,120225376,420829,439686,2,1,23/05/2012,1500,3,1,1,1,1,3,2,21,9
9542,120225569,431836,434863,1,1,23/05/2012,1800,6,1,7,1,2,3,2,7,9
9543,120225892,418254,442013,2,1,23/05/2012,1855,3,1,7,1,1,2,1,21,5
9544,120226275,428382,434050,2,1,24/05/2012,750,3,1,1,1,1,3,2,25,1
9545,120226575,430044,434023,1,1,24/05/2012,1150,3,1,1,1,2,3,1,75,11
9546,120227159,425554,439752,2,1,24/05/2012,1635,6,1,1,1,1,3,2,57,9
9547,120227237,432099,428697,2,1,24/05/2012,1645,1,1,1,1,1,3,2,37,9
9548,120227331,423846,434676,1,1,24/05/2012,1825,6,1,7,1,3,2,1,18,9
9549,120227420,434848,434636,2,1,24/05/2012,2000,3,1,7,1,1,3,2,23,1
9550,120227736,428862,433349,2,1,24/05/2012,2235,3,1,4,1,1,2,1,28,3
9551,120228684,429500,438091,3,2,25/05/2012,1350,4,1,1,1,1,3,2,62,9
9552,120228684,429500,438091,3,2,25/05/2012,1350,4,1,1,1,1,3,1,41,9
9553,120228911,429831,431155,1,1,25/05/2012,1440,6,1,1,1,3,3,2,2,9
9554,120229029,428062,435959,2,1,25/05/2012,1830,3,1,7,1,1,2,1,24,1
9555,120229105,425159,436536,1,1,25/05/2012,2020,3,1,7,1,1,3,1,47,9
9556,120229165,442595,427574,1,1,25/05/2012,1745,6,1,7,1,1,3,1,43,3
9557,120229436,430962,435785,1,2,25/05/2012,2348,6,1,4,1,3,2,2,29,11
9558,120229436,430962,435785,1,2,25/05/2012,2348,6,1,4,1,3,3,1,32,11
9559,120230410,428293,425466,2,1,25/05/2012,1955,6,1,7,1,1,3,1,14,1
9560,120253473,422291,432033,2,1,25/05/2012,840,6,1,1,1,3,3,1,37,19
9561,120229642,432621,428421,1,1,26/05/2012,615,3,1,7,1,3,2,2,51,9
9562,120230394,424773,433564,2,2,26/05/2012,1930,4,1,7,1,1,3,1,29,9
9563,120230394,424773,433564,2,2,26/05/2012,1930,4,1,7,1,1,3,2,20,9
9564,120230576,429290,435060,1,1,26/05/2012,2222,3,1,7,1,3,3,2,20,9
9565,120231127,419820,441210,2,1,26/05/2012,1610,3,1,1,1,1,3,1,46,5
9566,120231189,429772,438879,2,3,26/05/2012,2012,3,1,7,1,1,3,2,39,9
9567,120231189,429772,438879,2,3,26/05/2012,2012,3,1,7,1,2,3,1,20,9
9568,120231189,429772,438879,2,3,26/05/2012,2012,3,1,7,1,2,3,1,49,9
9569,120232400,431303,428956,2,1,26/05/2012,1025,6,1,1,1,1,3,2,26,9
9570,120238047,430458,428478,1,1,26/05/2012,1530,6,1,1,1,3,3,2,14,9
9571,120231199,428417,427256,2,1,27/05/2012,1205,3,1,1,1,1,3,2,24,9
9572,120231367,426235,426759,2,1,27/05/2012,1530,3,1,1,1,1,3,2,42,9
9573,120231524,444082,433925,1,3,27/05/2012,1750,2,1,7,1,1,3,2,55,19
9574,120231524,444082,433925,1,3,27/05/2012,1750,2,1,7,1,2,3,1,45,19
9575,120231524,444082,433925,1,3,27/05/2012,1750,2,1,7,1,2,3,1,54,19
9576,120232744,433911,436533,2,1,28/05/2012,1049,3,1,1,1,1,2,1,32,3
9577,120233097,429542,433591,1,1,28/05/2012,1620,6,1,1,1,3,3,2,47,8
9578,120233290,424992,432893,2,5,28/05/2012,1931,6,1,7,1,1,3,2,52,9
9579,120233290,424992,432893,2,5,28/05/2012,1931,6,1,7,1,1,3,1,22,9
9580,120233290,424992,432893,2,5,28/05/2012,1931,6,1,7,1,2,3,1,26,9
9581,120233290,424992,432893,2,5,28/05/2012,1931,6,1,7,1,2,3,1,19,9
9582,120233290,424992,432893,2,5,28/05/2012,1931,6,1,7,1,2,3,1,21,9
9583,120234032,434368,428596,2,2,28/05/2012,1315,6,1,1,1,1,3,2,32,9
9584,120234032,434368,428596,2,2,28/05/2012,1315,6,1,1,1,2,3,2,30,9
9585,120246489,440823,433578,1,1,28/05/2012,1054,3,1,1,1,2,3,2,87,11
9586,120233787,430932,436027,2,1,29/05/2012,813,6,1,1,1,1,3,2,29,1
9587,120233898,443061,440441,2,1,29/05/2012,800,2,1,1,1,1,3,2,40,9
9588,120234023,424545,437441,2,1,29/05/2012,945,6,1,1,1,1,2,2,72,9
9589,120234401,430701,433606,2,3,29/05/2012,1100,3,1,1,1,1,3,2,21,9
9590,120234401,430701,433606,2,3,29/05/2012,1100,3,1,1,1,2,3,2,50,9
9591,120234401,430701,433606,2,3,29/05/2012,1100,3,1,1,1,2,3,2,49,9
9592,120234658,439358,432365,2,1,29/05/2012,1435,3,1,1,1,1,3,1,25,1
9593,120235442,429933,433540,1,1,29/05/2012,1451,6,1,1,1,2,3,1,65,11
9594,120235963,431729,435688,2,3,29/05/2012,2010,6,1,7,1,1,3,1,38,8
9595,120235963,431729,435688,2,3,29/05/2012,2010,6,1,7,1,2,3,1,18,8
9596,120235963,431729,435688,2,3,29/05/2012,2010,6,1,7,1,2,3,1,25,8
9597,120236631,430923,434842,2,2,29/05/2012,1800,6,1,7,1,1,3,2,25,9
9598,120236631,430923,434842,2,2,29/05/2012,1800,6,1,7,1,2,3,2,36,9
9599,120239607,435234,434859,2,1,29/05/2012,1830,6,1,7,1,1,3,1,44,1
9600,120235510,425578,443072,3,1,30/05/2012,735,3,1,1,1,1,3,1,54,3
9601,120235871,428507,433078,2,1,30/05/2012,950,3,1,1,1,2,3,2,50,11
9602,120236488,429930,436757,4,2,30/05/2012,1602,3,1,1,1,1,3,2,31,9
9603,120236488,429930,436757,4,2,30/05/2012,1602,3,1,1,1,1,3,1,39,9
9604,120236708,425216,437870,2,2,30/05/2012,1920,3,1,7,1,1,3,2,46,9
9605,120236708,425216,437870,2,2,30/05/2012,1920,3,1,7,1,1,3,2,21,9
9606,120236987,429796,433788,2,2,30/05/2012,2330,6,2,4,1,1,3,1,45,9
9607,120236987,429796,433788,2,2,30/05/2012,2330,6,2,4,1,2,3,1,32,9
9608,120237477,424375,435297,2,1,30/05/2012,830,3,1,1,1,1,3,1,38,9
9609,120238291,430778,433479,2,1,30/05/2012,840,3,1,1,1,1,2,1,31,1
9610,120275965,431233,436351,1,1,30/05/2012,1440,4,1,1,9,2,3,1,28,11
9611,120236977,433616,436378,2,1,31/05/2012,3,3,2,4,1,1,3,1,40,9
9612,120237607,430620,426496,3,1,31/05/2012,1155,1,2,1,2,1,3,2,79,9
9613,120238203,430798,434540,2,1,31/05/2012,734,3,2,1,1,1,3,2,23,9
9614,120238260,426797,433064,2,2,31/05/2012,1342,6,1,1,1,1,3,2,31,9
9615,120238260,426797,433064,2,2,31/05/2012,1342,6,1,1,1,2,3,2,23,9
9616,120239423,432307,434539,2,1,31/05/2012,1255,6,1,1,1,1,3,2,28,9
9617,120244789,432336,432648,2,1,31/05/2012,835,6,1,1,1,1,3,1,42,1
9618,120240696,428397,434382,2,3,01/06/2012,1625,6,1,1,1,1,3,2,32,9
9619,120240696,428397,434382,2,3,01/06/2012,1625,6,1,1,1,1,3,2,47,9
9620,120240696,428397,434382,2,3,01/06/2012,1625,6,1,1,1,2,3,1,14,9
9621,120243062,425298,434952,1,2,02/06/2012,510,6,1,7,1,2,3,1,29,8
9622,120243062,425298,434952,1,2,02/06/2012,510,6,1,7,1,2,3,2,25,8
9623,120242445,429372,433750,2,2,03/06/2012,1510,2,2,1,2,1,3,1,21,9
9624,120242445,429372,433750,2,2,03/06/2012,1510,2,2,1,2,2,3,2,41,9
9625,120242748,430791,433470,2,1,03/06/2012,2355,3,1,7,1,1,3,1,44,1
9626,120245030,435934,435609,2,1,03/06/2012,1120,6,1,1,1,1,3,2,32,9
9627,120243286,420296,445740,1,2,04/06/2012,1520,6,1,1,1,1,3,1,56,9
9628,120243286,420296,445740,1,2,04/06/2012,1520,6,1,1,1,3,2,2,67,9
9629,120243524,430109,431683,1,1,04/06/2012,2115,3,1,7,1,3,2,1,66,9
9630,120243598,434550,435526,1,1,04/06/2012,1930,6,1,7,1,3,2,1,5,9
9631,120253999,431344,437932,2,1,04/06/2012,2356,6,1,4,1,2,3,2,37,19
9632,120243917,426410,433903,1,1,05/06/2012,1050,6,1,1,1,3,3,1,11,9
9633,120244034,427897,436190,2,1,05/06/2012,1225,3,1,1,1,1,2,1,34,1
9634,120244110,430891,436419,1,1,05/06/2012,1050,6,1,1,1,3,2,2,90,9
9635,120244197,431661,433980,2,1,05/06/2012,1450,6,1,1,1,3,2,2,44,9
9636,120244320,433300,425354,2,1,05/06/2012,1412,3,1,1,1,1,2,1,19,3
9637,120244805,424135,444002,2,1,05/06/2012,1230,3,1,1,1,1,2,1,42,5
9638,120245212,424126,444003,2,2,05/06/2012,1650,3,1,1,1,1,3,1,21,9
9639,120245212,424126,444003,2,2,05/06/2012,1650,3,1,1,1,1,3,2,68,9
9640,120245309,426670,438497,2,1,06/06/2012,1139,6,1,1,1,2,3,2,18,3
9641,120245946,424092,428102,2,2,06/06/2012,1545,3,1,1,1,1,3,1,28,9
9642,120245946,424092,428102,2,2,06/06/2012,1545,3,1,1,1,1,3,1,42,9
9643,120246664,428204,433480,3,1,07/06/2012,1010,3,2,1,2,1,3,1,22,3
9644,120247357,430645,434661,2,1,07/06/2012,1243,3,1,1,1,1,3,1,29,1
9645,120247362,421792,435438,1,1,07/06/2012,1615,4,2,1,2,3,3,2,65,9
9646,120247744,430815,439189,2,1,07/06/2012,1510,3,2,1,2,1,3,2,49,9
9647,120248836,427300,427868,2,1,08/06/2012,630,6,2,7,2,1,3,1,43,9
9648,120249864,431178,434981,2,2,08/06/2012,1730,3,1,7,1,1,3,1,41,9
9649,120249864,431178,434981,2,2,08/06/2012,1730,3,1,7,1,2,3,2,36,9
9650,120250258,432192,427174,2,3,09/06/2012,402,1,1,7,1,1,3,1,42,9
9651,120250258,432192,427174,2,3,09/06/2012,402,1,1,7,1,1,3,1,36,9
9652,120250258,432192,427174,2,3,09/06/2012,402,1,1,7,1,2,3,2,39,9
9653,120250356,429490,434134,2,1,09/06/2012,2020,2,1,7,1,1,3,2,55,9
9654,120250670,430885,436213,2,2,09/06/2012,1250,6,1,1,1,1,3,1,35,9
9655,120250670,430885,436213,2,2,09/06/2012,1250,6,1,1,1,2,3,1,36,9
9656,120250689,426266,435824,2,1,09/06/2012,1235,3,2,1,2,1,3,2,45,9
9657,120250886,426002,437730,2,2,10/06/2012,828,6,1,1,1,1,3,1,81,9
9658,120250886,426002,437730,2,2,10/06/2012,828,6,1,1,1,2,3,2,26,9
9659,120251367,426223,442458,2,1,10/06/2012,1615,3,1,1,1,1,3,2,53,1
9660,120251571,442501,434488,2,2,10/06/2012,2015,1,5,7,5,1,3,1,22,9
9661,120251571,442501,434488,2,2,10/06/2012,2015,1,5,7,5,1,3,1,22,9
9662,120252268,426124,439158,2,1,10/06/2012,930,6,2,1,1,1,3,1,35,1
9663,120251921,429021,436879,1,1,11/06/2012,745,6,1,1,1,3,3,2,15,9
9664,120251924,428670,437010,2,1,11/06/2012,820,4,1,1,1,1,2,1,40,1
9665,120252779,432128,435329,1,1,11/06/2012,1625,4,1,1,1,3,2,1,9,9
9666,120252844,429691,433788,2,2,11/06/2012,1430,6,1,1,1,1,3,1,49,9
9667,120252844,429691,433788,2,2,11/06/2012,1430,6,1,1,1,1,3,2,22,9
9668,120252864,432912,434492,2,1,11/06/2012,1750,6,1,7,1,1,3,1,33,9
9669,120252892,428392,434388,2,1,11/06/2012,1715,6,1,7,1,1,2,1,32,1
9670,120254225,434849,435148,2,1,12/06/2012,1512,6,1,1,1,1,3,1,13,1
9671,120254427,432550,433648,2,1,12/06/2012,1748,6,1,7,1,1,3,2,56,9
9672,120254578,429599,428106,2,1,12/06/2012,1750,6,1,7,1,1,3,2,25,9
9673,120254615,421307,435625,2,2,12/06/2012,1800,3,1,7,1,1,2,2,64,90
9674,120254615,421307,435625,2,2,12/06/2012,1800,3,1,7,1,1,2,1,19,9
9675,120254868,429181,434439,2,1,12/06/2012,1310,6,1,1,1,1,2,2,21,1
9676,120263152,430426,433962,1,3,12/06/2012,1128,6,1,1,1,2,3,1,49,11
9677,120263152,430426,433962,1,3,12/06/2012,1128,6,1,1,1,2,3,2,5,11
9678,120263152,430426,433962,1,3,12/06/2012,1128,6,1,1,1,2,3,2,47,11
9679,120254987,430346,435926,2,1,13/06/2012,740,3,2,1,1,1,3,1,50,5
9680,120256011,432827,429188,2,3,13/06/2012,1600,6,1,1,1,1,3,2,33,9
9681,120256011,432827,429188,2,3,13/06/2012,1600,6,1,1,1,2,3,1,10,9
9682,120256011,432827,429188,2,3,13/06/2012,1600,6,1,1,1,2,3,2,11,9
9683,120256426,433903,436529,2,2,13/06/2012,2020,3,2,7,1,1,3,2,21,9
9684,120256426,433903,436529,2,2,13/06/2012,2020,3,2,7,1,1,3,1,35,9
9685,120257700,429723,437057,1,1,14/06/2012,1620,6,1,1,1,3,3,1,5,9
9686,120257792,433002,434154,1,1,14/06/2012,1740,4,1,7,1,3,3,1,25,9
9687,120258548,432404,434880,2,1,14/06/2012,1500,4,1,1,1,2,3,1,3,11
9688,120296287,420516,445572,2,1,14/06/2012,730,3,2,7,1,1,3,1,37,9
9689,120258929,428921,429840,2,1,15/06/2012,800,3,1,1,1,1,3,1,30,9
9690,120258960,429188,431915,2,4,15/06/2012,1250,6,2,1,2,1,3,2,48,9
9691,120258960,429188,431915,2,4,15/06/2012,1250,6,2,1,2,1,3,1,55,11
9692,120258960,429188,431915,2,4,15/06/2012,1250,6,2,1,2,2,3,1,27,11
9693,120258960,429188,431915,2,4,15/06/2012,1250,6,2,1,2,2,3,1,56,11
9694,120259216,432413,434870,1,1,15/06/2012,1350,4,1,1,1,3,3,2,75,9
9695,120260135,429230,435447,2,1,15/06/2012,1510,6,1,1,1,1,3,1,23,3
9696,120260156,423728,434326,2,1,15/06/2012,1640,3,1,1,1,1,3,1,43,9
9697,120260160,421936,432972,1,1,15/06/2012,1915,4,1,7,1,3,2,2,77,9
9698,120260171,431187,431460,2,1,15/06/2012,1410,6,1,1,1,1,3,2,39,9
9699,120260197,430549,436959,2,3,15/06/2012,1955,6,1,7,1,1,3,1,49,8
9700,120260197,430549,436959,2,3,15/06/2012,1955,6,1,7,1,2,3,2,23,8
9701,120260197,430549,436959,2,3,15/06/2012,1955,6,1,7,1,2,3,2,27,8
9702,120259756,431069,434568,3,2,16/06/2012,35,6,2,4,2,1,3,1,22,9
9703,120259756,431069,434568,3,2,16/06/2012,35,6,2,4,2,1,3,1,23,9
9704,120260143,422641,440091,2,1,16/06/2012,700,6,2,7,2,1,3,1,58,17
9705,120260150,432191,427178,3,3,16/06/2012,1040,1,2,1,1,1,3,1,21,9
9706,120260150,432191,427178,3,3,16/06/2012,1040,1,2,1,1,2,3,2,18,9
9707,120260150,432191,427178,3,3,16/06/2012,1040,1,2,1,1,2,3,1,22,9
9708,120260754,424236,428229,3,2,16/06/2012,1655,3,1,1,1,1,3,1,57,9
9709,120260754,424236,428229,3,2,16/06/2012,1655,3,1,1,1,1,3,1,69,3
9710,120260800,440066,439623,2,3,16/06/2012,1850,3,1,7,1,1,3,1,67,9
9711,120260800,440066,439623,2,3,16/06/2012,1850,3,1,7,1,1,3,1,24,9
9712,120260800,440066,439623,2,3,16/06/2012,1850,3,1,7,1,2,3,2,66,9
9713,120281894,430391,433479,2,1,16/06/2012,910,6,2,1,2,1,3,2,28,9
9714,120261512,432869,434294,2,1,17/06/2012,1110,6,1,1,1,1,3,1,9,1
9715,120261955,434940,434646,4,2,17/06/2012,1844,3,1,7,1,1,3,1,31,4
9716,120261955,434940,434646,4,2,17/06/2012,1844,3,1,7,1,2,2,2,26,4
9717,120262895,421873,441275,3,1,17/06/2012,1450,3,1,1,1,1,3,1,24,9
9718,120262937,442622,426488,1,1,17/06/2012,1915,3,1,7,1,1,2,1,40,5
9719,120268638,428331,435749,2,1,17/06/2012,1245,3,1,1,1,1,3,1,20,1
9720,120262354,429292,431620,1,1,18/06/2012,215,6,1,4,1,1,3,1,34,10
9721,120262554,426230,431894,2,1,18/06/2012,800,3,1,1,1,1,3,1,42,1
9722,120263591,431233,433719,2,1,18/06/2012,1650,3,1,1,1,1,3,1,51,1
9723,120271676,432957,435656,1,1,18/06/2012,1620,6,1,1,1,3,3,2,8,9
9724,120264870,424852,429107,2,1,19/06/2012,520,6,1,7,1,1,3,1,39,1
9725,120265022,428832,430262,2,1,19/06/2012,1015,6,1,1,1,2,3,1,22,9
9726,120265134,429828,438859,2,1,19/06/2012,1640,6,1,1,1,2,3,2,58,9
9727,120265237,430039,434050,4,1,19/06/2012,1715,6,1,7,1,1,3,2,22,9
9728,120267473,434885,433437,2,1,19/06/2012,1325,6,1,1,1,1,3,1,56,5
9729,120274296,435203,433543,1,2,19/06/2012,750,6,1,1,1,1,3,1,50,1
9730,120274296,435203,433543,1,2,19/06/2012,750,6,1,1,1,3,3,1,45,1
9731,120266596,424641,433558,2,2,20/06/2012,1450,3,1,1,1,1,3,2,55,9
9732,120266596,424641,433558,2,2,20/06/2012,1450,3,1,1,1,2,3,2,23,9
9733,120266866,426057,436615,3,3,20/06/2012,1601,6,1,1,1,1,3,1,50,9
9734,120266866,426057,436615,3,3,20/06/2012,1601,6,1,1,1,1,3,1,44,9
9735,120266866,426057,436615,3,3,20/06/2012,1601,6,1,1,1,1,3,2,24,9
9736,120266998,424369,445350,2,1,20/06/2012,1700,3,1,7,1,1,3,1,54,3
9737,120270959,430662,431730,2,1,20/06/2012,1738,6,1,7,1,1,3,2,46,1
9738,120287732,435726,436916,4,1,20/06/2012,1145,3,2,1,2,1,2,2,67,9
9739,120268616,426717,426697,1,1,21/06/2012,1715,3,2,7,2,3,3,1,17,9
9740,120268886,427785,433462,2,2,21/06/2012,1925,6,2,7,2,2,3,2,18,8
9741,120268886,427785,433462,2,2,21/06/2012,1925,6,2,7,2,2,3,2,22,8
9742,120268962,431139,434294,2,3,21/06/2012,2034,6,1,7,1,1,3,1,19,9
9743,120268962,431139,434294,2,3,21/06/2012,2034,6,1,7,1,1,3,1,58,9
9744,120268962,431139,434294,2,3,21/06/2012,2034,6,1,7,1,2,3,1,17,9
9745,120269547,429064,432239,2,1,21/06/2012,1400,6,1,1,1,1,3,1,31,3
9746,120269730,433401,429908,2,1,22/06/2012,1135,4,2,1,2,2,3,2,19,9
9747,120270204,428738,432711,2,2,22/06/2012,1530,3,2,1,5,1,3,1,34,9
9748,120270204,428738,432711,2,2,22/06/2012,1530,3,2,1,5,2,3,2,27,9
9749,120270261,430982,434443,2,1,22/06/2012,1321,6,1,1,1,1,3,1,18,3
9750,120270334,435145,438710,1,1,22/06/2012,1500,3,1,1,1,2,3,1,94,9
9751,120270424,430158,435276,3,3,22/06/2012,1700,6,1,7,1,1,3,1,32,9
9752,120270424,430158,435276,3,3,22/06/2012,1700,6,1,7,1,1,3,2,33,9
9753,120270424,430158,435276,3,3,22/06/2012,1700,6,1,7,1,2,3,2,31,9
9754,120271136,423639,437900,2,1,22/06/2012,2129,6,1,7,1,1,3,1,45,9
9755,120279393,426004,437376,2,1,22/06/2012,1645,6,1,1,1,2,3,2,20,9
9756,120271020,426990,427909,2,3,23/06/2012,852,6,2,1,2,1,3,1,27,19
9757,120271020,426990,427909,2,3,23/06/2012,852,6,2,1,2,1,3,2,51,9
9758,120271020,426990,427909,2,3,23/06/2012,852,6,2,1,2,2,3,2,16,9
9759,120271999,427496,425508,1,1,23/06/2012,13,3,2,4,2,1,3,1,62,9
9760,120272986,428552,433238,5,9,23/06/2012,2315,3,2,4,2,1,3,1,20,9
9761,120272986,428552,433238,5,9,23/06/2012,2315,3,2,4,2,1,3,1,30,9
9762,120272986,428552,433238,5,9,23/06/2012,2315,3,2,4,2,1,3,1,24,9
9763,120272986,428552,433238,5,9,23/06/2012,2315,3,2,4,2,2,3,2,7,9
9764,120272986,428552,433238,5,9,23/06/2012,2315,3,2,4,2,2,3,2,30,9
9765,120272986,428552,433238,5,9,23/06/2012,2315,3,2,4,2,2,2,2,2,9
9766,120272986,428552,433238,5,9,23/06/2012,2315,3,2,4,2,2,3,1,10,9
9767,120272986,428552,433238,5,9,23/06/2012,2315,3,2,4,2,2,3,2,18,9
9768,120272986,428552,433238,5,9,23/06/2012,2315,3,2,4,2,2,3,1,22,9
9769,120273479,427116,435022,3,2,23/06/2012,2338,6,2,4,2,1,1,1,49,8
9770,120273479,427116,435022,3,2,23/06/2012,2338,6,2,4,2,2,3,1,23,9
9771,120273648,426132,439137,1,1,23/06/2012,1253,6,2,1,1,2,3,2,78,11
9772,120272320,424518,434238,2,1,24/06/2012,510,6,1,7,1,1,3,1,31,9
9773,120274605,430387,437051,1,1,24/06/2012,1820,6,1,7,1,3,3,2,18,8
9774,120273350,425966,434124,1,1,25/06/2012,710,3,1,7,1,1,3,2,42,9
9775,120273490,429495,432985,2,1,25/06/2012,850,6,1,1,1,1,3,1,31,1
9776,120273701,430719,432509,1,1,25/06/2012,936,3,1,1,1,3,2,1,44,11
9777,120274028,420752,434382,2,1,25/06/2012,1300,3,1,1,1,1,3,1,48,8
9778,120274500,433354,434051,2,1,25/06/2012,1700,3,1,7,1,1,2,1,31,1
9779,120275337,440291,448292,1,1,25/06/2012,1700,3,1,7,1,3,2,2,13,9
9780,120275080,431962,431233,2,2,26/06/2012,812,3,1,1,1,1,3,1,60,9
9781,120275080,431962,431233,2,2,26/06/2012,812,3,1,1,1,2,3,2,54,9
9782,120275134,420116,446046,1,1,26/06/2012,825,4,1,1,1,3,3,1,11,9
9783,120275404,432650,434935,2,1,26/06/2012,1130,6,1,1,1,1,3,2,39,9
9784,120276201,435797,425980,2,1,26/06/2012,1446,3,1,1,1,1,3,1,36,1
9785,120276260,422449,432848,2,1,26/06/2012,2032,6,1,7,1,1,3,1,23,2
9786,120276784,432942,440193,2,1,26/06/2012,1145,6,1,1,1,1,3,2,30,9
9787,120276786,417885,443313,2,1,26/06/2012,1730,3,1,7,1,1,3,1,43,1
9788,120276793,431170,434984,2,1,27/06/2012,713,3,2,7,1,1,3,1,33,8
9789,120277026,436982,433606,2,3,27/06/2012,1045,3,1,1,1,1,3,2,49,19
9790,120277026,436982,433606,2,3,27/06/2012,1045,3,1,1,1,2,3,1,88,19
9791,120277026,436982,433606,2,3,27/06/2012,1045,3,1,1,1,2,3,1,71,19
9792,120277065,429236,425665,1,1,27/06/2012,1007,6,1,1,1,2,3,2,51,11
9793,120277686,425902,439423,2,2,27/06/2012,1705,6,1,7,1,1,3,2,28,9
9794,120277686,425902,439423,2,2,27/06/2012,1705,6,1,7,1,1,3,2,54,9
9795,120277840,425097,436574,2,1,27/06/2012,1650,3,1,1,1,1,2,1,16,1
9796,120277879,430632,434664,2,1,27/06/2012,1515,3,1,1,1,1,3,2,43,9
9797,120278522,429763,433513,2,2,28/06/2012,910,6,2,1,1,1,3,2,33,9
9798,120278522,429763,433513,2,2,28/06/2012,910,6,2,1,1,1,3,2,37,9
9799,120278885,428277,433451,2,1,28/06/2012,1200,3,2,1,2,1,3,2,33,9
9800,120279385,429982,434390,2,1,28/06/2012,1527,2,2,1,1,2,3,2,29,9
9801,120279652,431884,435670,2,2,28/06/2012,1945,6,1,7,1,1,3,1,36,9
9802,120279652,431884,435670,2,2,28/06/2012,1945,6,1,7,1,2,3,1,51,9
9803,120280968,427716,431069,2,2,29/06/2012,1355,1,1,1,1,1,3,1,60,9
9804,120280968,427716,431069,2,2,29/06/2012,1355,1,1,1,1,2,3,2,21,9
9805,120280988,435215,428913,2,1,29/06/2012,1530,3,1,1,1,1,3,1,72,9
9806,120282348,427935,426300,2,3,30/06/2012,1443,3,1,1,1,1,3,1,33,9
9807,120282348,427935,426300,2,3,30/06/2012,1443,3,1,1,1,1,3,2,35,9
9808,120282348,427935,426300,2,3,30/06/2012,1443,3,1,1,1,2,3,1,29,9
9809,120283323,430805,433254,2,1,30/06/2012,2045,3,1,7,1,1,3,1,35,9
9810,120283549,420717,440958,2,1,01/07/2012,1440,6,1,1,1,2,3,1,29,9
9811,120283573,430078,435416,1,1,01/07/2012,1105,6,1,1,1,2,3,1,3,11
9812,120283693,443042,447699,1,1,01/07/2012,1700,6,1,7,1,1,2,1,51,5
9813,120283720,431879,430498,2,3,01/07/2012,1712,1,1,7,1,1,3,1,32,9
9814,120283720,431879,430498,2,3,01/07/2012,1712,1,1,7,1,2,3,2,54,9
9815,120283720,431879,430498,2,3,01/07/2012,1712,1,1,7,1,2,3,1,44,9
9816,120283740,428690,435178,2,2,01/07/2012,1625,6,1,1,1,1,3,1,9,1
9817,120283740,428690,435178,2,2,01/07/2012,1625,6,1,1,1,1,3,1,23,9
9818,120283743,424234,432729,2,3,01/07/2012,1743,6,1,7,1,1,3,1,18,19
9819,120283743,424234,432729,2,3,01/07/2012,1743,6,1,7,1,1,3,1,61,9
9820,120283743,424234,432729,2,3,01/07/2012,1743,6,1,7,1,2,3,2,54,9
9821,120283820,428512,433041,2,3,01/07/2012,1930,4,1,7,1,1,3,1,23,9
9822,120283820,428512,433041,2,3,01/07/2012,1930,4,1,7,1,2,3,1,35,9
9823,120283820,428512,433041,2,3,01/07/2012,1930,4,1,7,1,2,3,1,21,9
9824,120288615,430849,435443,2,2,01/07/2012,1600,6,1,1,1,1,3,1,33,9
9825,120288615,430849,435443,2,2,01/07/2012,1600,6,1,1,1,2,3,2,32,9
9826,120284571,427848,436276,1,1,02/07/2012,1050,3,1,1,1,3,3,1,73,9
9827,120285211,431444,434143,1,1,02/07/2012,1501,6,1,1,1,2,3,2,70,11
9828,120285355,429297,433996,3,1,02/07/2012,1620,6,1,1,1,1,3,2,40,9
9829,120285447,425403,427048,2,1,02/07/2012,1626,3,2,1,2,1,3,1,33,1
9830,120286142,426858,437828,2,1,02/07/2012,1815,3,1,7,1,1,3,1,46,1
9831,120286318,434118,435130,2,1,02/07/2012,1143,6,1,1,1,1,3,1,23,1
9832,120286534,435915,435429,2,1,02/07/2012,1322,3,1,1,1,3,3,1,17,90
9833,120293054,431347,435058,2,1,02/07/2012,115,6,1,4,1,2,3,1,42,90