Col.Number,Reference.Number,Easting,Northing,Number.of.Vehicles,Number.of.Casualties,Accident.Date,Time..24hr.,X1st.Road.Class,Road.Surface,Lighting.Conditions,Weather.Conditions,Casualty.Class,Casualty.Severity,Sex.of.Casualty,Age.of.Casualty,Type.of.Vehicle
9834,120286079,431586,433878,1,1,03/07/2012,842,6,1,1,1,1,3,1,66,9
9835,120286209,430380,433579,1,3,03/07/2012,1040,6,1,1,1,2,3,2,24,11
9836,120286209,430380,433579,1,3,03/07/2012,1040,6,1,1,1,2,3,2,67,11
9837,120286209,430380,433579,1,3,03/07/2012,1040,6,1,1,1,2,3,2,85,11
9838,120287031,425353,437517,4,1,03/07/2012,2220,6,1,7,1,1,3,2,21,9
9839,120287961,430484,437182,2,1,03/07/2012,1736,6,1,7,1,1,2,1,34,1
9840,120288199,440971,445751,2,1,03/07/2012,1354,2,1,1,1,1,3,1,24,9
9841,120289826,420607,441470,3,1,03/07/2012,1700,6,1,7,1,1,3,2,49,9
9842,120291639,429924,436611,2,1,03/07/2012,1055,4,1,1,1,2,3,2,25,9
9843,120287192,427815,431253,2,1,04/07/2012,640,1,2,7,1,1,3,1,21,9
9844,120287343,419669,441536,1,1,04/07/2012,555,3,2,7,1,1,1,1,32,9
9845,120287454,441994,427633,2,1,04/07/2012,810,6,1,1,1,1,3,2,42,9
9846,120287547,430684,439044,2,2,04/07/2012,800,4,2,1,1,1,3,1,31,9
9847,120287547,430684,439044,2,2,04/07/2012,800,4,2,1,1,1,3,2,26,9
9848,120287678,431962,435836,2,1,04/07/2012,955,4,1,1,1,1,3,1,30,9
9849,120287938,433833,434480,1,1,04/07/2012,1050,6,1,1,1,3,2,2,18,9
9850,120289719,419121,442178,1,2,04/07/2012,1630,6,2,1,2,3,3,2,38,3
9851,120289719,419121,442178,1,2,04/07/2012,1630,6,2,1,2,3,3,1,4,3
9852,120289290,428525,427641,2,1,05/07/2012,840,3,2,1,2,1,3,1,29,2
9853,120289352,427885,436218,3,1,05/07/2012,753,3,2,1,2,1,3,1,26,1
9854,120289847,430850,439706,1,1,05/07/2012,840,3,2,1,2,3,2,1,12,9
9855,120289869,430747,434754,1,2,05/07/2012,1218,6,2,1,1,2,3,1,3,11
9856,120289869,430747,434754,1,2,05/07/2012,1218,6,2,1,1,2,3,2,42,11
9857,120291782,427720,431133,1,2,06/07/2012,1239,1,2,1,1,1,3,1,45,9
9858,120291782,427720,431133,1,2,06/07/2012,1239,1,2,1,1,2,3,1,42,9
9859,120292063,430008,434157,1,1,06/07/2012,1505,3,1,1,1,3,3,1,16,9
9860,120292203,428604,431009,1,1,06/07/2012,1600,6,1,1,1,2,3,2,19,11
9861,120292803,435001,438394,1,1,06/07/2012,1600,3,2,1,2,2,3,1,11,11
9862,120293057,425676,427944,1,1,06/07/2012,1510,6,2,1,2,3,3,2,15,9
9863,120295749,429116,440271,2,1,06/07/2012,845,6,1,1,1,2,3,2,62,8
9864,120292641,426383,438886,3,2,07/07/2012,30,6,2,4,1,1,3,1,46,9
9865,120292641,426383,438886,3,2,07/07/2012,30,6,2,4,1,1,3,1,27,11
9866,120292898,421596,433553,2,1,07/07/2012,850,6,1,1,1,1,3,1,67,9
9867,120293245,431634,434061,1,1,07/07/2012,1335,6,1,1,1,2,3,2,85,11
9868,120293484,419389,432659,1,1,07/07/2012,1555,6,1,1,1,3,3,1,3,9
9869,120293521,430701,434959,2,1,07/07/2012,1635,3,2,1,1,1,3,1,38,9
9870,120293535,427135,426221,2,1,07/07/2012,1642,3,2,1,1,2,3,1,23,9
9871,120293689,431890,435648,1,1,07/07/2012,1936,6,2,7,2,3,3,1,26,9
9872,120293704,422221,433333,1,1,07/07/2012,1950,4,2,7,2,3,3,1,69,9
9873,120293997,421318,435647,2,2,08/07/2012,34,3,2,4,1,2,3,1,19,9
9874,120293997,421318,435647,2,2,08/07/2012,34,3,2,4,1,2,3,1,21,9
9875,120294064,429574,433803,2,2,08/07/2012,247,6,1,4,1,2,3,1,20,8
9876,120294064,429574,433803,2,2,08/07/2012,247,6,1,4,1,1,3,1,26,8
9877,120294568,425561,435042,2,1,08/07/2012,1355,6,1,1,1,2,3,2,37,9
9878,120294851,423970,438152,2,1,08/07/2012,1735,6,1,7,1,2,3,2,43,9
9879,120295543,431759,434612,1,1,09/07/2012,815,6,1,1,1,3,2,2,13,9
9880,120296438,427525,434560,2,1,09/07/2012,1701,3,2,7,1,1,2,1,33,1
9881,120297170,430016,434150,2,1,10/07/2012,808,3,2,1,1,1,2,1,39,1
9882,120298281,420381,434256,2,3,10/07/2012,1800,3,2,7,2,1,3,2,21,9
9883,120298281,420381,434256,2,3,10/07/2012,1800,3,2,7,2,2,3,2,17,9
9884,120298281,420381,434256,2,3,10/07/2012,1800,3,2,7,2,2,3,2,19,9
9885,120298697,430758,436694,2,1,11/07/2012,720,6,1,7,1,1,2,1,36,1
9886,120299779,431329,438051,2,1,11/07/2012,1740,6,1,7,1,1,3,1,9,1
9887,120300023,424944,434824,2,1,11/07/2012,2020,6,1,7,1,1,3,1,7,1
9888,120300267,428461,431345,2,1,12/07/2012,631,3,1,7,1,1,3,1,33,1
9889,120300324,424912,434495,2,1,12/07/2012,725,3,1,7,1,1,3,1,58,1
9890,120300881,429921,427801,3,1,12/07/2012,1100,6,1,1,1,1,2,1,32,4
9891,120301314,431220,433711,1,1,12/07/2012,1320,3,1,1,1,2,3,2,28,11
9892,120301346,430876,433358,2,2,12/07/2012,1555,3,1,1,1,1,3,1,23,9
9893,120301346,430876,433358,2,2,12/07/2012,1555,3,1,1,1,1,3,2,36,9
9894,120301752,426857,438038,2,1,12/07/2012,2205,3,1,4,1,1,3,1,18,3
9895,120302072,420338,434269,2,1,12/07/2012,1800,3,1,7,1,1,3,2,20,9
9896,120302941,431384,441305,3,2,13/07/2012,1423,3,1,1,1,1,3,2,38,9
9897,120302941,431384,441305,3,2,13/07/2012,1423,3,1,1,1,1,3,1,25,9
9898,120303194,424121,428232,2,1,13/07/2012,1820,3,1,7,1,2,3,2,58,9
9899,120303217,433522,434617,2,1,13/07/2012,1845,6,1,7,1,1,3,1,17,3
9900,120303918,436153,434831,2,1,13/07/2012,830,3,1,1,1,1,3,2,57,9
9901,120309934,425968,431873,1,1,13/07/2012,125,6,1,7,1,3,3,2,27,9
9902,120303669,444076,429194,2,4,14/07/2012,35,6,1,6,1,1,3,1,43,9
9903,120303669,444076,429194,2,4,14/07/2012,35,6,1,6,1,1,3,1,36,9
9904,120303669,444076,429194,2,4,14/07/2012,35,6,1,6,1,2,3,1,40,9
9905,120303669,444076,429194,2,4,14/07/2012,35,6,1,6,1,2,3,1,35,9
9906,120304039,429738,433412,1,1,14/07/2012,1040,6,1,1,1,2,3,2,82,11
9907,120304643,428784,437837,1,1,14/07/2012,1731,6,1,7,1,3,3,2,15,9
9908,120304676,432294,426538,2,1,14/07/2012,1750,1,1,7,1,1,3,1,19,9
9909,120304772,436556,434698,2,2,14/07/2012,1357,6,1,1,1,1,3,1,92,90
9910,120304772,436556,434698,2,2,14/07/2012,1357,6,1,1,1,1,3,2,70,9
9911,120304783,430595,433431,2,3,14/07/2012,1656,6,1,1,1,2,3,2,16,9
9912,120304783,430595,433431,2,3,14/07/2012,1656,6,1,1,1,3,3,1,35,9
9913,120304783,430595,433431,2,3,14/07/2012,1656,6,1,1,1,3,3,2,31,9
9914,120305265,422604,437912,1,1,15/07/2012,545,3,1,7,1,1,2,1,50,9
9915,120305430,427984,435223,2,3,15/07/2012,1313,6,1,1,1,1,3,2,29,9
9916,120305430,427984,435223,2,3,15/07/2012,1313,6,1,1,1,1,3,2,23,9
9917,120305430,427984,435223,2,3,15/07/2012,1313,6,1,1,1,2,3,2,24,9
9918,120305657,420939,434408,3,1,15/07/2012,1245,3,1,1,1,2,3,2,26,9
9919,120305799,435860,436439,2,1,15/07/2012,1420,3,1,1,1,2,3,2,17,5
9920,120306268,428956,435471,2,2,15/07/2012,2200,3,1,4,1,1,3,1,37,9
9921,120306268,428956,435471,2,2,15/07/2012,2200,3,1,4,1,1,2,1,46,9
9922,120307650,430052,425211,2,1,15/07/2012,1635,6,1,1,1,1,3,2,7,1
9923,120306430,428506,433191,1,1,16/07/2012,625,3,1,7,1,1,3,2,24,9
9924,120306679,428430,431596,3,3,16/07/2012,840,1,1,1,1,1,3,1,24,9
9925,120306679,428430,431596,3,3,16/07/2012,840,1,1,1,1,1,3,2,35,9
9926,120306679,428430,431596,3,3,16/07/2012,840,1,1,1,1,1,3,2,38,9
9927,120306754,435925,437290,2,1,16/07/2012,915,6,1,1,1,1,3,1,67,9
9928,120307852,427844,430465,1,1,16/07/2012,2041,6,1,7,1,2,3,1,37,11
9929,120308228,427533,437302,1,1,17/07/2012,755,6,1,1,1,2,3,1,12,11
9930,120309317,423430,442324,3,2,17/07/2012,1915,6,2,7,2,1,3,2,26,9
9931,120309317,423430,442324,3,2,17/07/2012,1915,6,2,7,2,2,3,2,33,9
9932,120309337,430877,438435,2,1,17/07/2012,1740,6,1,7,1,1,3,2,23,9
9933,120309348,431983,435507,2,3,17/07/2012,2010,6,1,7,1,1,3,2,28,9
9934,120309348,431983,435507,2,3,17/07/2012,2010,6,1,7,1,2,3,1,24,9
9935,120309348,431983,435507,2,3,17/07/2012,2010,6,1,7,1,2,3,1,20,9
9936,120309950,433554,435954,2,4,17/07/2012,815,6,1,1,1,1,3,2,40,9
9937,120309950,433554,435954,2,4,17/07/2012,815,6,1,1,1,1,3,1,50,9
9938,120309950,433554,435954,2,4,17/07/2012,815,6,1,1,1,2,3,2,8,9
9939,120309950,433554,435954,2,4,17/07/2012,815,6,1,1,1,2,3,1,6,9
9940,120311130,431985,432630,1,1,17/07/2012,1800,6,1,7,1,3,3,1,9,9
9941,120310421,434067,435147,2,1,18/07/2012,1230,6,1,1,1,1,3,1,36,9
9942,120311136,427500,434895,1,1,18/07/2012,2005,6,1,7,1,3,3,1,26,9
9943,120311517,430785,433450,2,3,18/07/2012,830,3,1,1,1,1,3,1,27,9
9944,120311517,430785,433450,2,3,18/07/2012,830,3,1,1,1,1,3,1,57,11
9945,120311517,430785,433450,2,3,18/07/2012,830,3,1,1,1,2,3,2,18,11
9946,120312645,426536,435624,2,1,18/07/2012,1930,6,1,7,1,1,3,2,22,9
9947,120311936,425149,439054,1,1,19/07/2012,930,6,1,1,1,2,3,2,76,11
9948,120312672,431894,435712,1,1,19/07/2012,1745,3,1,7,1,3,3,1,12,9
9949,120312968,420972,434462,2,1,19/07/2012,1700,4,1,7,1,1,2,1,48,1
9950,120313317,426516,435652,2,1,20/07/2012,740,4,1,1,1,1,3,1,56,1
9951,120314590,426563,429656,2,1,20/07/2012,2138,1,1,4,1,1,3,1,40,5
9952,120314807,429148,433848,2,3,20/07/2012,2055,6,1,4,1,1,3,2,50,9
9953,120314807,429148,433848,2,3,20/07/2012,2055,6,1,4,1,1,3,1,25,9
9954,120314807,429148,433848,2,3,20/07/2012,2055,6,1,4,1,2,3,2,21,9
9955,120315037,442112,434450,1,2,20/07/2012,1145,3,2,1,2,1,3,1,76,9
9956,120315037,442112,434450,1,2,20/07/2012,1145,3,2,1,2,2,3,2,69,9
9957,120315133,433415,434089,1,1,20/07/2012,1540,6,1,1,1,3,2,1,14,2
9958,120315393,423509,433971,2,1,20/07/2012,2045,6,1,7,1,1,3,1,25,9
9959,120315431,427617,434517,2,1,20/07/2012,2033,3,1,7,1,1,3,2,20,1
9960,120315490,427308,425934,2,2,20/07/2012,1400,3,1,1,1,1,3,2,27,9
9961,120315490,427308,425934,2,2,20/07/2012,1400,3,1,1,1,2,3,2,24,9
9962,120335446,431735,426366,2,1,20/07/2012,1430,1,2,1,1,1,3,2,55,9
9963,120315349,432678,436886,1,1,21/07/2012,1137,3,1,1,1,3,3,1,11,9
9964,120315439,440893,448712,3,3,21/07/2012,1055,4,1,1,1,1,3,1,71,9
9965,120315439,440893,448712,3,3,21/07/2012,1055,4,1,1,1,1,3,2,20,9
9966,120315439,440893,448712,3,3,21/07/2012,1055,4,1,1,1,2,3,2,20,9
9967,120315720,430150,438250,2,1,21/07/2012,1414,3,1,1,1,1,3,1,22,3
9968,120315924,429076,432221,2,1,21/07/2012,1820,6,1,7,1,1,3,1,32,9
9969,120316659,430718,434127,2,1,21/07/2012,1330,6,1,1,1,1,2,1,33,1
9970,120316275,426948,439714,5,1,22/07/2012,40,3,1,4,1,1,3,2,18,9
9971,120316573,426304,435592,1,1,22/07/2012,1031,4,1,1,1,3,2,2,80,9
9972,120317191,428558,426262,2,1,22/07/2012,1950,6,1,7,1,2,3,2,77,9
9973,120317223,425081,432426,2,2,22/07/2012,26,6,1,4,1,2,3,1,52,8
9974,120317223,425081,432426,2,2,22/07/2012,26,6,1,4,1,1,3,1,33,8
9975,120326766,431929,434789,2,1,22/07/2012,1600,6,1,1,1,1,2,1,20,1
9976,130013476,440433,429753,1,1,22/07/2012,1530,6,1,1,1,3,2,2,8,19
9977,120317918,427999,426241,1,1,23/07/2012,1030,3,2,1,1,1,3,1,23,2
9978,120317971,426147,435590,2,2,23/07/2012,1015,4,1,1,1,1,3,1,40,9
9979,120317971,426147,435590,2,2,23/07/2012,1015,4,1,1,1,2,3,1,7,9
9980,120318017,430639,433678,2,1,23/07/2012,1030,3,1,1,1,1,3,1,26,1
9981,120318270,439598,434121,1,1,23/07/2012,1243,1,1,1,1,1,3,1,74,9
9982,120318287,437869,433018,2,2,23/07/2012,1048,1,1,1,1,1,3,2,20,9
9983,120318287,437869,433018,2,2,23/07/2012,1048,1,1,1,1,2,3,2,20,9
9984,120318632,432059,425658,2,7,23/07/2012,1640,1,1,1,1,1,2,1,48,9
9985,120318632,432059,425658,2,7,23/07/2012,1640,1,1,1,1,1,3,1,35,9
9986,120318632,432059,425658,2,7,23/07/2012,1640,1,1,1,1,2,3,2,18,9
9987,120318632,432059,425658,2,7,23/07/2012,1640,1,1,1,1,2,3,2,49,9
9988,120318632,432059,425658,2,7,23/07/2012,1640,1,1,1,1,2,3,2,12,9
9989,120318632,432059,425658,2,7,23/07/2012,1640,1,1,1,1,2,3,2,12,9
9990,120318632,432059,425658,2,7,23/07/2012,1640,1,1,1,1,2,3,2,35,9
9991,120318682,429439,433456,2,3,23/07/2012,1355,6,1,1,1,1,3,1,40,8
9992,120318682,429439,433456,2,3,23/07/2012,1355,6,1,1,1,3,2,2,48,8
9993,120318682,429439,433456,2,3,23/07/2012,1355,6,1,1,1,3,3,2,37,8
9994,120318870,426704,426739,2,1,23/07/2012,1835,6,1,7,1,1,3,1,15,1
9995,120319096,435044,428259,1,1,23/07/2012,2255,3,1,7,1,1,2,1,32,3
9996,120320352,430796,438275,1,1,23/07/2012,1305,6,1,1,1,3,2,2,70,9
9997,120321469,432357,433715,1,1,23/07/2012,1645,3,1,1,1,3,3,1,47,9
9998,120319350,424469,433642,2,2,24/07/2012,650,4,1,7,1,1,3,1,34,9
9999,120319350,424469,433642,2,2,24/07/2012,650,4,1,7,1,2,3,1,19,9
10000,120319975,427672,434728,2,1,24/07/2012,925,6,1,1,1,1,3,1,47,1
10001,120320015,430692,427044,3,3,24/07/2012,1203,6,1,1,1,1,3,2,50,9
10002,120320015,430692,427044,3,3,24/07/2012,1203,6,1,1,1,2,3,1,21,9
10003,120320015,430692,427044,3,3,24/07/2012,1203,6,1,1,1,2,3,2,5,9
10004,120320516,422041,432478,2,1,24/07/2012,1711,6,1,7,1,1,3,1,9,1
10005,120320571,439483,426191,2,1,24/07/2012,1640,3,1,1,1,1,3,1,19,9
10006,120320939,431880,435418,2,1,24/07/2012,1305,6,1,1,1,3,3,1,31,9
10007,120322070,427544,434790,2,1,24/07/2012,1720,6,1,7,1,1,3,1,26,1
10008,120321313,430519,435811,2,1,25/07/2012,935,6,1,1,1,1,2,1,51,1
10009,120322042,420024,440873,2,1,25/07/2012,1635,3,1,1,1,1,3,1,43,1
10010,120323531,429686,432803,1,1,25/07/2012,2000,6,1,7,1,3,3,1,23,9
10011,120324445,428137,435845,2,1,25/07/2012,1830,3,1,7,1,1,3,1,34,1
10012,120322776,415471,443053,1,1,26/07/2012,750,6,1,1,1,1,3,2,21,9
10013,120323327,430402,433668,1,1,26/07/2012,1100,6,1,1,1,2,3,2,84,11
10014,120323622,430054,432661,2,1,26/07/2012,1742,3,1,7,1,1,3,1,26,1
10015,120324009,428394,434387,2,2,26/07/2012,2250,6,1,4,1,1,3,1,21,5
10016,120324009,428394,434387,2,2,26/07/2012,2250,6,1,4,1,2,3,2,20,5
10017,120324863,429914,434815,1,1,26/07/2012,1630,6,1,1,1,3,2,2,8,2
10018,120325434,432437,434839,2,3,26/07/2012,1538,4,1,1,1,1,3,2,58,9
10019,120325434,432437,434839,2,3,26/07/2012,1538,4,1,1,1,2,3,1,32,9
10020,120325434,432437,434839,2,3,26/07/2012,1538,4,1,1,1,1,3,1,42,9
10021,120324142,427769,435737,1,3,27/07/2012,30,6,1,4,1,2,3,2,19,8
10022,120324142,427769,435737,1,3,27/07/2012,30,6,1,4,1,2,3,1,20,8
10023,120324142,427769,435737,1,3,27/07/2012,30,6,1,4,1,2,3,1,18,8
10024,120324460,430876,434235,2,2,27/07/2012,845,3,1,1,1,1,3,1,31,5
10025,120324460,430876,434235,2,2,27/07/2012,845,3,1,1,1,1,3,1,21,9
10026,120324708,435027,436207,2,2,27/07/2012,1155,6,1,1,1,1,3,1,25,3
10027,120324708,435027,436207,2,2,27/07/2012,1155,6,1,1,1,2,2,2,61,3
10028,120325246,428999,436842,2,2,27/07/2012,1525,4,1,1,1,1,3,2,26,9
10029,120325246,428999,436842,2,2,27/07/2012,1525,4,1,1,1,2,3,1,6,9
10030,120325444,423176,434202,2,1,27/07/2012,1621,3,1,1,1,1,3,1,46,5
10031,120325591,429381,433745,2,1,27/07/2012,2130,2,1,7,1,1,3,1,30,5
10032,120326321,435306,429058,1,1,27/07/2012,1940,6,1,7,1,3,2,2,9,9
10033,120325833,432472,435799,2,1,28/07/2012,625,3,1,7,1,1,3,2,34,9
10034,120326608,432064,436086,2,2,28/07/2012,1500,6,1,1,1,1,3,1,26,9
10035,120326608,432064,436086,2,2,28/07/2012,1500,6,1,1,1,2,3,1,27,9
10036,120326914,439638,426130,2,2,28/07/2012,1930,3,1,7,1,1,3,1,25,9
10037,120326914,439638,426130,2,2,28/07/2012,1930,3,1,7,1,2,3,2,20,9
10038,120326965,427257,433988,1,1,28/07/2012,340,6,1,7,1,3,3,2,20,9
10039,120327360,436065,436895,2,1,28/07/2012,1330,6,1,1,1,2,3,1,10,9
10040,120327696,425951,426790,1,1,28/07/2012,1545,3,1,1,1,1,3,1,44,5
10041,120327297,423357,437443,4,1,29/07/2012,130,3,1,7,1,2,3,2,24,9
10042,120327616,428082,432928,2,1,29/07/2012,1150,6,1,1,1,1,2,2,8,1
10043,120328178,430348,433417,1,1,29/07/2012,2010,6,1,7,1,2,3,1,62,11
10044,120328748,431180,434169,2,1,30/07/2012,800,6,1,1,1,1,3,1,24,1
10045,120329010,437488,431686,2,1,30/07/2012,1121,6,1,1,1,1,3,2,14,16
10046,120329088,436303,434701,1,1,30/07/2012,1050,6,1,1,1,3,2,2,79,21
10047,120329455,435774,435811,1,1,30/07/2012,1430,6,1,1,1,3,3,1,19,9
10048,120329964,425817,434380,1,1,30/07/2012,2035,6,1,7,1,1,3,1,43,5
10049,120330719,421582,429379,1,1,31/07/2012,640,4,2,7,2,1,3,1,39,9
10050,120331671,433866,434091,1,2,31/07/2012,1720,3,1,7,1,2,3,2,25,9
10051,120331671,433866,434091,1,2,31/07/2012,1720,3,1,7,1,2,3,2,51,9
10052,120332700,428043,432827,2,2,31/07/2012,1736,4,1,7,1,1,3,1,37,19
10053,120332700,428043,432827,2,2,31/07/2012,1736,4,1,7,1,2,3,2,3,9
10054,120331948,428936,429849,2,1,01/08/2012,23,3,2,4,2,1,3,1,46,9
10055,120332871,426240,427835,2,2,01/08/2012,1428,4,1,1,1,1,3,2,22,2
10056,120332871,426240,427835,2,2,01/08/2012,1428,4,1,1,1,1,3,2,30,9
10057,120333069,431178,434981,2,2,01/08/2012,1425,3,1,1,1,1,3,2,27,9
10058,120333069,431178,434981,2,2,01/08/2012,1425,3,1,1,1,2,3,1,35,9
10059,120334152,425955,444833,3,2,01/08/2012,1711,3,2,7,1,1,3,1,44,19
10060,120334152,425955,444833,3,2,01/08/2012,1711,3,2,7,1,1,3,1,48,19
10061,120341383,426378,426744,2,1,01/08/2012,815,3,1,1,1,1,3,1,26,5
10062,120333724,440782,445746,2,1,02/08/2012,555,3,1,7,1,1,3,1,30,9
10063,120333755,428143,432790,2,1,02/08/2012,749,4,1,1,1,1,3,1,52,1
10064,120334296,424029,437714,2,1,02/08/2012,1050,3,1,1,1,1,3,2,25,9
10065,120334460,430773,433332,2,1,02/08/2012,1315,6,1,1,1,1,2,2,65,90
10066,120334546,428932,432426,2,1,02/08/2012,1404,6,1,1,1,1,3,1,21,90
10067,120334554,426434,433300,2,1,02/08/2012,900,6,1,1,1,1,3,1,38,1
10068,120334923,437796,432443,4,5,02/08/2012,1625,1,1,1,1,1,3,2,26,9
10069,120334923,437796,432443,4,5,02/08/2012,1625,1,1,1,1,1,3,1,76,9
10070,120334923,437796,432443,4,5,02/08/2012,1625,1,1,1,1,1,3,2,38,9
10071,120334923,437796,432443,4,5,02/08/2012,1625,1,1,1,1,2,3,1,8,9
10072,120334923,437796,432443,4,5,02/08/2012,1625,1,1,1,1,2,3,2,5,9
10073,120337379,428957,435470,2,1,02/08/2012,1800,3,1,7,1,1,3,2,41,1
10074,120336068,442459,440006,2,3,03/08/2012,1020,3,1,1,1,1,3,1,42,9
10075,120336068,442459,440006,2,3,03/08/2012,1020,3,1,1,1,2,3,2,38,9
10076,120336068,442459,440006,2,3,03/08/2012,1020,3,1,1,1,1,3,2,31,9
10077,120336736,423008,435922,2,2,03/08/2012,1905,3,2,7,1,1,3,2,26,9
10078,120336736,423008,435922,2,2,03/08/2012,1905,3,2,7,1,1,2,1,26,5
10079,120336828,436092,435537,2,1,03/08/2012,2130,3,1,4,1,1,3,1,25,1
10080,120337090,427482,432590,2,1,03/08/2012,1140,6,1,1,1,1,3,1,27,3
10081,120337466,426591,435111,2,1,03/08/2012,1645,3,1,1,1,1,3,1,42,1
10082,120337590,430750,434742,2,3,03/08/2012,2050,6,1,4,1,1,3,1,35,9
10083,120337590,430750,434742,2,3,03/08/2012,2050,6,1,4,1,2,3,2,26,9
10084,120337590,430750,434742,2,3,03/08/2012,2050,6,1,4,1,2,3,1,18,9
10085,120337066,430631,438670,3,1,04/08/2012,125,6,1,7,1,2,3,2,18,9
10086,120338736,428471,431350,1,1,04/08/2012,1645,3,1,1,1,3,3,1,19,8
10087,120338764,434360,435345,2,1,04/08/2012,1235,6,1,1,1,2,3,2,50,11
10088,120339574,419225,441800,2,1,04/08/2012,1515,4,1,1,1,1,3,1,16,1
10089,120339264,420893,434452,2,2,05/08/2012,2005,3,1,7,1,1,3,1,48,9
10090,120339264,420893,434452,2,2,05/08/2012,2005,3,1,7,1,2,3,2,42,9
10091,120339363,424398,439040,2,1,05/08/2012,2100,6,1,7,1,1,2,1,42,1
10092,120339992,427504,425499,2,5,05/08/2012,1120,3,1,1,1,1,3,1,35,9
10093,120339992,427504,425499,2,5,05/08/2012,1120,3,1,1,1,2,3,2,9,9
10094,120339992,427504,425499,2,5,05/08/2012,1120,3,1,1,1,2,3,1,51,19
10095,120339992,427504,425499,2,5,05/08/2012,1120,3,1,1,1,2,3,2,50,19
10096,120339992,427504,425499,2,5,05/08/2012,1120,3,1,1,1,2,3,2,58,19
10097,120340862,431872,435474,1,1,06/08/2012,1925,6,1,7,1,3,3,1,76,9
10098,120341522,431574,434389,1,1,07/08/2012,930,6,1,1,1,3,3,1,36,9
10099,120342068,428557,427773,2,2,07/08/2012,1400,3,1,1,1,1,3,1,25,9
10100,120342068,428557,427773,2,2,07/08/2012,1400,3,1,1,1,1,3,2,46,9
10101,120342537,429573,433803,3,2,07/08/2012,1919,6,1,7,1,1,3,1,63,9
10102,120342537,429573,433803,3,2,07/08/2012,1919,6,1,7,1,2,3,2,33,90
10103,120342544,431021,430775,2,1,07/08/2012,1825,6,1,7,1,1,2,1,18,3
10104,120342633,432244,435471,1,1,07/08/2012,2005,6,1,7,1,3,3,2,3,9
10105,120343429,431439,431604,2,2,07/08/2012,1912,3,1,7,1,1,3,2,18,9
10106,120343429,431439,431604,2,2,07/08/2012,1912,3,1,7,1,2,3,2,15,9
10107,120353525,431455,434339,2,1,07/08/2012,900,6,1,1,1,1,2,1,37,1
10108,120343376,429905,437019,2,1,08/08/2012,1138,3,1,1,1,1,3,1,58,5
10109,120343737,429912,431108,2,1,08/08/2012,1420,6,1,1,1,3,2,1,7,9
10110,120344235,429282,433489,1,1,08/08/2012,1915,6,1,7,1,3,2,2,23,9
10111,120344427,437311,429480,2,1,08/08/2012,2010,3,1,7,1,1,1,1,43,5
10112,120344928,431883,435034,2,2,08/08/2012,1430,6,1,1,1,1,3,1,25,9
10113,120344928,431883,435034,2,2,08/08/2012,1430,6,1,1,1,2,3,1,50,9
10114,120345671,429425,435416,1,1,08/08/2012,1730,6,1,5,1,3,2,1,12,9
10115,120344491,441429,444779,1,2,09/08/2012,5,6,1,6,1,1,3,2,25,9
10116,120344491,441429,444779,1,2,09/08/2012,5,6,1,6,1,2,3,1,22,9
10117,120344729,429390,434940,2,1,09/08/2012,830,3,1,1,1,1,3,1,54,1
10118,120344893,429792,438919,2,2,09/08/2012,730,6,1,7,1,1,3,2,25,9
10119,120344893,429792,438919,2,2,09/08/2012,730,6,1,7,1,1,3,2,53,9
10120,120344923,434736,438052,2,3,09/08/2012,955,3,1,1,1,1,3,1,42,9
10121,120344923,434736,438052,2,3,09/08/2012,955,3,1,1,1,1,3,1,42,9
10122,120344923,434736,438052,2,3,09/08/2012,955,3,1,1,1,2,3,2,41,9
10123,120345211,427128,439281,2,1,09/08/2012,1224,6,1,1,1,1,3,2,39,9
10124,120345775,427307,429605,2,1,09/08/2012,1750,3,1,7,1,1,2,1,48,1
10125,120345836,435913,425856,2,2,09/08/2012,1903,1,1,7,1,1,3,1,41,5
10126,120345836,435913,425856,2,2,09/08/2012,1903,1,1,7,1,2,2,2,50,5
10127,120345992,434401,430477,2,1,09/08/2012,1640,1,1,1,1,1,3,2,39,9
10128,120346843,431478,431561,2,1,09/08/2012,1730,3,1,7,1,1,3,1,34,1
10129,120346944,433320,441769,2,1,09/08/2012,1030,6,1,1,1,1,3,2,23,9
10130,120347496,436503,441859,2,1,09/08/2012,1540,3,1,1,1,1,2,1,18,9
10131,120347309,428754,430760,2,3,10/08/2012,1430,6,1,1,1,1,3,1,84,9
10132,120347309,428754,430760,2,3,10/08/2012,1430,6,1,1,1,2,3,2,86,9
10133,120347309,428754,430760,2,3,10/08/2012,1430,6,1,1,1,1,3,1,63,9
10134,120347566,426274,437641,2,3,10/08/2012,1810,6,1,7,1,1,3,2,59,9
10135,120347566,426274,437641,2,3,10/08/2012,1810,6,1,7,1,1,3,2,45,9
10136,120347566,426274,437641,2,3,10/08/2012,1810,6,1,7,1,2,3,2,16,9
10137,120347589,432864,434449,2,1,10/08/2012,1910,6,1,7,1,1,3,1,5,1