Col.Number,Reference.Number,Easting,Northing,Number.of.Vehicles,Number.of.Casualties,Accident.Date,Time..24hr.,X1st.Road.Class,Road.Surface,Lighting.Conditions,Weather.Conditions,Casualty.Class,Casualty.Severity,Sex.of.Casualty,Age.of.Casualty,Type.of.Vehicle
10138,120347748,427837,430046,2,1,10/08/2012,2210,3,1,4,1,2,3,1,21,9
10139,120348027,429687,433371,1,1,10/08/2012,1320,6,1,1,1,3,2,1,23,11
10140,120348659,431163,431876,2,6,11/08/2012,1447,3,1,1,1,2,3,1,23,9
10141,120348659,431163,431876,2,6,11/08/2012,1447,3,1,1,1,2,3,1,28,11
10142,120348659,431163,431876,2,6,11/08/2012,1447,3,1,1,1,2,3,2,19,11
10143,120348659,431163,431876,2,6,11/08/2012,1447,3,1,1,1,2,3,1,18,11
10144,120348659,431163,431876,2,6,11/08/2012,1447,3,1,1,1,2,3,1,35,11
10145,120348659,431163,431876,2,6,11/08/2012,1447,3,1,1,1,2,3,1,18,11
10146,120348781,430774,433447,2,2,11/08/2012,1634,3,1,1,1,2,3,2,6,11
10147,120348781,430774,433447,2,2,11/08/2012,1634,3,1,1,1,2,3,1,10,11
10148,120348854,436242,435585,2,1,11/08/2012,1702,6,1,7,1,1,3,1,78,1
10149,120348964,431488,432656,2,1,11/08/2012,1610,3,1,1,1,1,3,1,32,9
10150,120350330,422406,433359,1,6,12/08/2012,1657,6,2,1,1,3,2,1,15,9
10151,120350330,422406,433359,1,6,12/08/2012,1657,6,2,1,1,3,2,1,16,9
10152,120350330,422406,433359,1,6,12/08/2012,1657,6,2,1,1,3,3,1,14,9
10153,120350330,422406,433359,1,6,12/08/2012,1657,6,2,1,1,3,3,2,17,9
10154,120350330,422406,433359,1,6,12/08/2012,1657,6,2,1,1,2,3,1,20,9
10155,120350330,422406,433359,1,6,12/08/2012,1657,6,2,1,1,2,3,1,20,9
10156,120352023,421618,440844,2,1,13/08/2012,1745,6,1,7,1,1,3,2,27,3
10157,120352041,427181,429505,1,2,13/08/2012,1810,3,1,7,1,1,3,1,18,1
10158,120352041,427181,429505,1,2,13/08/2012,1810,3,1,7,1,3,3,2,55,1
10159,120352094,432290,436286,2,1,13/08/2012,1405,6,1,1,1,2,3,1,10,9
10160,120352872,430785,433452,2,1,13/08/2012,1820,3,1,7,1,1,3,1,48,11
10161,120353431,422699,428585,2,1,13/08/2012,1620,6,1,1,1,1,3,1,43,3
10162,120352950,435095,434722,2,1,14/08/2012,1040,3,1,1,1,2,3,2,74,9
10163,120353117,428767,435826,2,1,14/08/2012,1110,6,1,1,1,1,3,2,24,9
10164,120353166,427991,435378,2,1,14/08/2012,1040,6,1,1,1,1,3,2,28,3
10165,120353504,425073,439253,1,1,14/08/2012,1455,6,1,1,1,2,3,2,83,11
10166,120353714,431640,428748,2,2,14/08/2012,1805,6,1,7,1,1,3,1,59,9
10167,120353714,431640,428748,2,2,14/08/2012,1805,6,1,7,1,1,3,2,51,9
10168,120353834,421923,432967,1,1,14/08/2012,2025,4,1,7,1,3,2,1,15,9
10169,120358457,432435,434834,2,4,14/08/2012,1750,4,1,7,1,1,3,1,42,9
10170,120358457,432435,434834,2,4,14/08/2012,1750,4,1,7,1,2,3,2,23,9
10171,120358457,432435,434834,2,4,14/08/2012,1750,4,1,7,1,2,3,1,19,9
10172,120358457,432435,434834,2,4,14/08/2012,1750,4,1,7,1,2,3,2,15,9
10173,120354323,422691,437845,2,1,15/08/2012,845,3,1,1,1,1,3,1,31,5
10174,120354489,426786,438300,1,1,15/08/2012,1114,3,1,1,1,2,3,2,78,11
10175,120354797,431305,431560,2,1,15/08/2012,745,6,1,1,1,1,3,2,46,9
10176,120355215,435237,432385,1,1,15/08/2012,1340,6,1,1,1,2,3,2,87,11
10177,120355561,434940,438271,2,1,15/08/2012,2115,3,1,4,1,1,3,1,56,19
10178,120355624,432584,428201,1,1,15/08/2012,2210,3,1,7,1,1,3,2,65,9
10179,120355683,433667,429589,2,3,15/08/2012,2239,3,1,4,1,1,3,1,55,9
10180,120355683,433667,429589,2,3,15/08/2012,2239,3,1,4,1,2,3,1,30,9
10181,120355683,433667,429589,2,3,15/08/2012,2239,3,1,4,1,2,3,1,23,9
10182,120356095,431874,435944,2,1,16/08/2012,820,6,1,1,1,1,3,1,39,9
10183,120356841,429879,432350,2,1,16/08/2012,1531,3,1,1,1,1,3,2,49,9
10184,120357174,423380,428378,2,1,16/08/2012,1700,4,1,7,1,1,3,2,45,1
10185,120357205,444039,448002,1,3,16/08/2012,1855,6,1,7,1,1,3,1,18,9
10186,120357205,444039,448002,1,3,16/08/2012,1855,6,1,7,1,2,2,1,22,9
10187,120357205,444039,448002,1,3,16/08/2012,1855,6,1,7,1,2,3,1,17,9
10188,120357234,431539,434317,1,1,16/08/2012,1525,6,1,1,1,3,2,1,4,9
10189,120358089,419064,441953,2,1,17/08/2012,1140,3,1,1,1,1,3,1,19,1
10190,120358544,436254,427775,1,1,17/08/2012,1610,3,1,1,1,2,3,2,75,9
10191,120358738,432658,435866,2,1,17/08/2012,1445,3,2,1,2,1,3,1,31,9
10192,120359094,425958,435569,2,3,17/08/2012,2225,4,1,4,1,1,3,2,35,9
10193,120359094,425958,435569,2,3,17/08/2012,2225,4,1,4,1,1,3,2,63,9
10194,120359094,425958,435569,2,3,17/08/2012,2225,4,1,4,1,2,3,1,63,9
10195,120370406,442608,427573,2,1,17/08/2012,1730,3,1,7,1,1,3,1,46,1
10196,120359313,434022,433969,1,1,18/08/2012,350,6,1,4,1,1,3,1,52,9
10197,120360252,428188,435070,1,2,18/08/2012,1710,6,1,7,1,3,2,2,10,9
10198,120360252,428188,435070,1,2,18/08/2012,1710,6,1,7,1,3,2,1,2,9
10199,120360261,432755,429619,2,2,18/08/2012,1902,6,1,7,1,1,3,2,19,9
10200,120360261,432755,429619,2,2,18/08/2012,1902,6,1,7,1,1,3,2,26,9
10201,120360606,430921,433134,2,2,18/08/2012,2305,3,1,4,1,1,3,1,19,9
10202,120360606,430921,433134,2,2,18/08/2012,2305,3,1,4,1,1,3,1,36,9
10203,120361814,440457,446556,1,1,18/08/2012,2040,2,1,6,1,1,2,1,56,9
10204,120361940,436196,434364,1,1,18/08/2012,1600,6,1,1,1,2,3,1,0,11
10205,120361048,430784,439194,1,1,19/08/2012,1049,3,1,1,1,3,3,1,64,9
10206,120362421,432099,435502,2,1,19/08/2012,2030,6,1,7,1,1,3,1,61,9
10207,120362057,421376,434028,3,2,20/08/2012,845,3,1,1,1,1,3,1,47,19
10208,120362057,421376,434028,3,2,20/08/2012,845,3,1,1,1,1,3,1,55,11
10209,120363105,431976,435828,2,5,20/08/2012,1745,3,1,7,1,1,3,2,23,9
10210,120363105,431976,435828,2,5,20/08/2012,1745,3,1,7,1,2,3,2,21,9
10211,120363105,431976,435828,2,5,20/08/2012,1745,3,1,7,1,2,3,2,21,9
10212,120363105,431976,435828,2,5,20/08/2012,1745,3,1,7,1,1,3,1,35,9
10213,120363105,431976,435828,2,5,20/08/2012,1745,3,1,7,1,2,3,2,17,9
10214,120364210,433854,433542,2,1,21/08/2012,1340,6,1,1,1,3,3,1,4,9
10215,120364630,429685,433801,2,2,21/08/2012,1515,6,1,1,1,2,3,2,31,11
10216,120364630,429685,433801,2,2,21/08/2012,1515,6,1,1,1,2,3,2,1,11
10217,120365103,426523,428155,2,1,21/08/2012,750,6,1,1,1,1,3,2,44,9
10218,120383459,426641,432460,1,1,21/08/2012,1600,6,1,1,1,3,2,1,13,19
10219,120365140,435292,434830,2,2,22/08/2012,620,3,1,7,1,1,3,2,27,9
10220,120365140,435292,434830,2,2,22/08/2012,620,3,1,7,1,1,3,2,21,9
10221,120365505,443637,437508,2,2,22/08/2012,1110,2,1,1,1,1,3,1,40,9
10222,120365505,443637,437508,2,2,22/08/2012,1110,2,1,1,1,2,3,1,51,9
10223,120365563,427307,430753,2,1,22/08/2012,840,1,1,1,1,1,3,2,50,9
10224,120365940,422460,432881,2,1,22/08/2012,1415,6,1,1,1,1,2,1,26,3
10225,120366048,425959,434780,1,1,22/08/2012,1300,6,1,1,1,3,3,1,4,9
10226,120366134,430060,433648,1,1,22/08/2012,1720,6,1,7,1,3,3,1,54,19
10227,120366344,433970,436588,2,1,22/08/2012,1930,3,1,7,1,1,3,1,32,1
10228,120366773,440386,432315,1,1,22/08/2012,1945,3,1,7,1,1,2,1,55,5
10229,120377002,431724,426372,2,1,22/08/2012,1920,1,1,7,1,1,3,1,40,9
10230,120366693,430784,433340,2,8,23/08/2012,45,3,1,4,1,1,3,1,25,9
10231,120366693,430784,433340,2,8,23/08/2012,45,3,1,4,1,2,3,2,24,9
10232,120366693,430784,433340,2,8,23/08/2012,45,3,1,4,1,2,3,2,8,9
10233,120366693,430784,433340,2,8,23/08/2012,45,3,1,4,1,2,3,2,20,9
10234,120366693,430784,433340,2,8,23/08/2012,45,3,1,4,1,2,3,2,14,9
10235,120366693,430784,433340,2,8,23/08/2012,45,3,1,4,1,2,3,2,25,9
10236,120366693,430784,433340,2,8,23/08/2012,45,3,1,4,1,2,3,2,23,9
10237,120366693,430784,433340,2,8,23/08/2012,45,3,1,4,1,1,3,1,21,9
10238,120367527,431974,431223,1,2,23/08/2012,1130,3,1,1,1,2,3,2,54,11
10239,120367527,431974,431223,1,2,23/08/2012,1130,3,1,1,1,2,3,2,29,11
10240,120367631,423846,434294,2,1,23/08/2012,1535,3,1,1,1,1,3,1,62,9
10241,120367776,430387,427019,2,2,23/08/2012,1445,3,1,1,1,1,3,1,76,9
10242,120367776,430387,427019,2,2,23/08/2012,1445,3,1,1,1,2,3,2,71,9
10243,120367938,429708,439012,2,1,23/08/2012,1250,6,1,1,1,1,3,2,25,9
10244,120368721,430703,439035,2,1,23/08/2012,2110,3,1,7,1,1,3,1,24,1
10245,120368470,431451,435819,2,1,24/08/2012,745,6,2,1,2,1,3,2,49,9
10246,120368911,426356,435605,1,1,24/08/2012,1335,4,1,1,1,3,3,1,7,9
10247,120369011,428565,433226,2,1,24/08/2012,1456,3,1,1,1,1,3,1,43,9
10248,120369467,433794,436328,2,1,24/08/2012,2040,6,2,4,2,1,3,1,22,3
10249,120369659,430150,432851,3,1,24/08/2012,2215,3,2,4,1,1,3,2,30,9
10250,120370511,429812,438922,1,1,25/08/2012,1435,3,1,1,1,3,3,2,44,9
10251,120370601,424779,434439,1,1,25/08/2012,1730,6,1,7,1,2,3,2,70,11
10252,120370649,437015,436032,1,1,25/08/2012,1748,6,1,7,1,3,3,1,27,9
10253,120370683,420830,439696,2,1,25/08/2012,1550,4,1,1,1,1,3,1,46,1
10254,120370926,429781,433659,1,1,25/08/2012,2300,6,2,4,1,3,3,1,57,8
10255,120371006,420190,445736,2,3,25/08/2012,2140,4,2,4,1,1,3,1,31,9
10256,120371006,420190,445736,2,3,25/08/2012,2140,4,2,4,1,1,3,1,20,9
10257,120371006,420190,445736,2,3,25/08/2012,2140,4,2,4,1,2,3,1,21,9
10258,120521512,427289,430530,1,1,25/08/2012,1800,6,1,7,1,3,2,2,27,9
10259,120371071,430045,433940,1,1,26/08/2012,151,6,1,4,1,3,2,1,18,9
10260,120371659,427478,435197,2,1,26/08/2012,1410,6,1,1,1,2,3,1,17,9
10261,120372296,424950,434791,1,1,27/08/2012,245,6,1,4,1,1,2,1,16,2
10262,120373062,430463,435595,2,5,27/08/2012,1455,3,2,1,1,1,3,2,46,9
10263,120373062,430463,435595,2,5,27/08/2012,1455,3,2,1,1,1,3,2,54,9
10264,120373062,430463,435595,2,5,27/08/2012,1455,3,2,1,1,2,3,2,60,9
10265,120373062,430463,435595,2,5,27/08/2012,1455,3,2,1,1,2,3,2,18,9
10266,120373062,430463,435595,2,5,27/08/2012,1455,3,2,1,1,2,3,2,6,9
10267,120373080,431410,438085,2,1,27/08/2012,1743,6,1,7,1,2,3,1,2,9
10268,120373141,424233,432728,1,5,27/08/2012,2140,6,2,4,2,1,3,1,32,9
10269,120373141,424233,432728,1,5,27/08/2012,2140,6,2,4,2,2,3,2,28,9
10270,120373141,424233,432728,1,5,27/08/2012,2140,6,2,4,2,2,3,2,8,9
10271,120373141,424233,432728,1,5,27/08/2012,2140,6,2,4,2,2,3,1,34,9
10272,120373141,424233,432728,1,5,27/08/2012,2140,6,2,4,2,2,3,2,31,9
10273,120373162,429144,433850,2,1,27/08/2012,2010,6,2,4,2,1,3,1,39,9
10274,120373169,429276,432805,1,3,27/08/2012,2150,6,2,4,1,1,3,1,33,9
10275,120373169,429276,432805,1,3,27/08/2012,2150,6,2,4,1,2,3,1,38,9
10276,120373169,429276,432805,1,3,27/08/2012,2150,6,2,4,1,2,3,2,33,9
10277,120373561,423920,434306,2,1,27/08/2012,1500,6,1,1,1,1,3,2,28,9
10278,120374543,431348,435058,2,1,27/08/2012,2315,3,1,7,1,1,3,1,37,9
10279,120407649,426881,438071,2,3,27/08/2012,1400,3,1,1,1,1,3,2,23,9
10280,120407649,426881,438071,2,3,27/08/2012,1400,3,1,1,1,2,3,2,25,9
10281,120407649,426881,438071,2,3,27/08/2012,1400,3,1,1,1,2,3,2,32,9
10282,120373866,430885,433363,2,1,28/08/2012,955,3,1,1,1,2,3,1,45,9
10283,120374381,425958,431913,1,1,28/08/2012,1710,6,1,7,1,3,3,2,4,3
10284,120374498,426695,433079,2,1,28/08/2012,1820,4,1,7,1,1,3,2,37,9
10285,120374707,428099,434509,2,1,28/08/2012,2121,6,1,4,1,1,3,1,57,9
10286,120374949,430033,432551,1,1,28/08/2012,930,3,1,1,1,3,3,1,29,9
10287,120378505,420714,440962,2,1,28/08/2012,840,6,1,1,1,1,3,1,43,3
10288,120375263,427719,436112,1,1,29/08/2012,1015,4,2,1,2,3,3,1,53,9
10289,120375380,430139,432172,2,2,29/08/2012,1125,3,1,1,1,1,3,2,32,9
10290,120375380,430139,432172,2,2,29/08/2012,1125,3,1,1,1,1,3,1,47,9
10291,120375977,430758,434761,2,2,29/08/2012,1743,6,1,7,1,1,3,1,26,1
10292,120375977,430758,434761,2,2,29/08/2012,1743,6,1,7,1,2,3,2,81,11
10293,120376080,427703,430342,2,3,29/08/2012,1745,6,2,7,2,1,3,2,22,9
10294,120376080,427703,430342,2,3,29/08/2012,1745,6,2,7,2,1,3,1,43,9
10295,120376080,427703,430342,2,3,29/08/2012,1745,6,2,7,2,2,3,1,20,9
10296,120376910,431903,426278,2,2,29/08/2012,1315,1,1,1,1,2,3,2,21,9
10297,120376910,431903,426278,2,2,29/08/2012,1315,1,1,1,1,2,3,2,43,9
10298,120377640,427663,430965,2,1,29/08/2012,1520,3,1,1,1,1,3,2,28,9
10299,120383986,428558,433002,2,1,29/08/2012,1630,3,2,1,2,2,3,2,25,11
10300,120376725,425473,432866,2,1,30/08/2012,811,3,2,1,2,1,3,1,29,1
10301,120377054,436530,425930,2,1,30/08/2012,1309,1,1,1,1,1,3,1,32,9
10302,120377501,430952,433418,1,1,30/08/2012,1620,3,1,1,1,3,3,2,20,9
10303,120377544,435138,437666,1,1,30/08/2012,1736,3,1,7,1,1,3,1,52,9
10304,120377551,429029,437512,2,1,30/08/2012,1721,4,1,7,1,1,3,1,54,3
10305,120377781,427513,438576,1,1,30/08/2012,2200,6,1,7,1,1,3,1,25,9
10306,120378275,434562,435139,3,1,30/08/2012,1034,6,1,1,1,1,3,2,24,9
10307,120378078,436300,434114,2,1,31/08/2012,800,6,1,1,1,1,3,1,40,1
10308,120378342,440257,432791,2,2,31/08/2012,1025,4,1,1,1,1,3,2,77,9
10309,120378342,440257,432791,2,2,31/08/2012,1025,4,1,1,1,1,3,2,37,9
10310,120378404,436064,434793,2,1,31/08/2012,1125,6,1,1,1,1,3,1,56,9
10311,120379040,425775,428437,1,1,31/08/2012,1635,4,1,1,1,3,3,1,16,11
10312,120379046,430034,431016,2,1,31/08/2012,1825,3,2,7,2,1,3,1,51,4
10313,120379821,423491,445490,2,1,01/09/2012,1155,3,1,1,1,1,3,1,40,1
10314,120379855,431115,440547,1,1,01/09/2012,1200,3,1,1,1,1,2,1,53,1
10315,120379955,428529,431388,3,2,01/09/2012,1335,3,1,1,1,1,3,2,33,9
10316,120379955,428529,431388,3,2,01/09/2012,1335,3,1,1,1,1,3,2,45,9
10317,120381146,429885,433397,1,1,01/09/2012,1748,6,1,7,1,3,3,1,23,8
10318,120382844,430277,433246,1,1,01/09/2012,230,6,1,7,1,3,2,1,27,9
10319,120381074,428489,431634,3,2,02/09/2012,1225,3,1,1,1,1,3,1,32,9
10320,120381074,428489,431634,3,2,02/09/2012,1225,3,1,1,1,2,3,1,32,9
10321,120381254,427818,430442,1,1,02/09/2012,1355,6,1,1,1,2,3,1,42,11
10322,120381417,424790,435270,1,1,02/09/2012,1530,6,1,1,1,3,3,1,19,9
10323,120382849,434982,434992,2,1,02/09/2012,930,6,1,1,1,2,3,2,50,9
10324,120382206,434829,438022,1,1,03/09/2012,825,3,1,1,1,3,3,2,39,9
10325,120383893,425438,435149,2,1,03/09/2012,1700,6,1,7,1,1,3,2,13,1
10326,120383930,425018,433168,3,1,04/09/2012,1110,3,1,1,1,2,3,1,7,9
10327,120384367,429569,431625,1,1,04/09/2012,1324,6,1,1,1,2,3,2,86,11
10328,120384385,426993,439824,2,1,04/09/2012,1405,6,1,1,1,1,3,1,52,9
10329,120384510,431372,431636,2,2,04/09/2012,1417,6,1,1,1,1,3,1,28,9
10330,120384510,431372,431636,2,2,04/09/2012,1417,6,1,1,1,1,3,1,33,9
10331,120384663,428538,434267,2,1,04/09/2012,1815,6,1,7,1,2,3,2,36,11
10332,120385909,422488,433001,1,1,05/09/2012,1504,6,1,1,1,3,3,2,11,9
10333,120386097,431071,430359,2,1,05/09/2012,1745,6,1,7,1,1,3,1,18,1
10334,120386126,430154,437557,3,1,05/09/2012,1725,3,1,7,1,1,3,2,20,9
10335,120386569,432703,429754,2,1,06/09/2012,555,3,1,7,1,1,3,1,53,1
10336,120387125,436167,434685,2,1,06/09/2012,1245,3,1,1,1,1,3,1,56,9
10337,120387627,432031,435916,1,1,06/09/2012,1208,6,1,1,1,2,3,2,0,11
10338,120387767,428443,432654,2,3,06/09/2012,1745,6,1,7,1,1,3,2,28,9
10339,120387767,428443,432654,2,3,06/09/2012,1745,6,1,7,1,1,3,2,38,9
10340,120387767,428443,432654,2,3,06/09/2012,1745,6,1,7,1,2,3,2,56,9
10341,120387775,434369,435707,1,1,06/09/2012,1810,6,1,7,1,3,3,1,6,9
10342,120387972,427692,433707,1,3,06/09/2012,2210,3,1,7,1,1,3,1,22,9
10343,120387972,427692,433707,1,3,06/09/2012,2210,3,1,7,1,2,3,2,20,9
10344,120387972,427692,433707,1,3,06/09/2012,2210,3,1,7,1,2,2,1,20,9
10345,120388406,430713,434865,2,1,06/09/2012,1730,3,1,7,1,2,3,1,40,19
10346,120389432,425227,427226,3,2,06/09/2012,1740,3,1,7,1,1,3,1,47,19
10347,120389432,425227,427226,3,2,06/09/2012,1740,3,1,7,1,1,3,2,41,9
10348,120388866,431023,434117,1,1,07/09/2012,1355,6,1,1,1,3,3,1,2,19
10349,120389063,428079,426574,1,1,07/09/2012,1505,3,1,1,1,1,2,1,47,5
10350,120389131,430802,429711,2,2,07/09/2012,1550,6,1,1,1,1,2,1,60,9
10351,120389131,430802,429711,2,2,07/09/2012,1550,6,1,1,1,2,3,1,20,9
10352,120389132,428123,426254,2,1,07/09/2012,1415,3,1,1,1,1,3,1,12,1
10353,120394338,428059,435959,2,1,07/09/2012,1844,3,1,7,1,1,3,1,39,1
10354,120390453,428408,428755,2,2,08/09/2012,1542,3,1,1,1,1,3,1,18,9
10355,120390453,428408,428755,2,2,08/09/2012,1542,3,1,1,1,2,3,2,17,9
10356,120390514,429264,431635,2,1,08/09/2012,1615,6,1,1,1,1,3,1,27,9
10357,120391356,433838,433520,1,4,08/09/2012,1322,6,1,1,1,2,3,2,21,8
10358,120391356,433838,433520,1,4,08/09/2012,1322,6,1,1,1,2,3,2,14,8
10359,120391356,433838,433520,1,4,08/09/2012,1322,6,1,1,1,2,3,2,20,8
10360,120391356,433838,433520,1,4,08/09/2012,1322,6,1,1,1,2,3,1,4,8
10361,120391488,426908,435132,1,1,08/09/2012,2015,6,1,7,1,3,3,1,11,9
10362,120391595,429777,430639,1,1,09/09/2012,1000,6,1,1,1,3,2,1,5,9
10363,120394536,430723,439097,2,1,09/09/2012,1910,3,1,7,1,1,3,2,64,9
10364,120392379,431310,428976,2,1,10/09/2012,522,6,1,7,1,1,3,1,49,1
10365,120392436,428844,430202,2,1,10/09/2012,715,6,1,7,1,1,3,1,47,9
10366,120392794,423007,432280,1,1,10/09/2012,1000,6,1,1,1,2,3,2,71,11
10367,120393285,431218,438318,1,2,10/09/2012,1520,6,1,1,1,3,2,2,11,9
10368,120393285,431218,438318,1,2,10/09/2012,1520,6,1,1,1,3,3,2,12,9
10369,120393458,427528,438603,2,2,10/09/2012,1040,3,1,1,1,1,3,2,31,9
10370,120393458,427528,438603,2,2,10/09/2012,1040,3,1,1,1,2,3,1,30,9
10371,120393556,422449,427900,5,2,10/09/2012,1615,3,1,1,1,1,3,1,27,9
10372,120393556,422449,427900,5,2,10/09/2012,1615,3,1,1,1,2,3,1,26,9
10373,120394209,430755,435020,2,1,10/09/2012,2020,3,1,7,1,1,3,2,40,9
10374,120398011,432653,427519,2,1,10/09/2012,1830,6,1,7,1,1,3,2,23,9
10375,120406098,435708,436267,2,1,10/09/2012,1750,6,1,7,1,2,3,2,62,11
10376,120393957,428865,433941,2,2,11/09/2012,320,6,1,7,1,1,3,1,26,8
10377,120393957,428865,433941,2,2,11/09/2012,320,6,1,7,1,2,3,1,19,8
10378,120394126,428985,433476,2,1,11/09/2012,830,3,2,1,2,1,3,1,26,9
10379,120395032,440694,446051,1,1,11/09/2012,1350,2,1,1,1,1,3,2,26,9
10380,120395060,421949,436500,1,1,11/09/2012,1750,3,1,7,4,3,3,1,13,9
10381,120395135,433753,434934,2,1,11/09/2012,1640,6,1,1,1,1,3,1,29,5
10382,120396437,428010,435996,2,1,11/09/2012,2330,3,2,4,1,1,3,1,25,1
10383,120395719,428359,434067,2,3,12/09/2012,800,3,1,1,1,1,3,1,21,9
10384,120395719,428359,434067,2,3,12/09/2012,800,3,1,1,1,2,3,1,14,9
10385,120395719,428359,434067,2,3,12/09/2012,800,3,1,1,1,2,3,1,14,9
10386,120396090,425922,432249,2,4,12/09/2012,1255,3,2,1,2,1,3,1,28,9
10387,120396090,425922,432249,2,4,12/09/2012,1255,3,2,1,2,1,3,2,18,9
10388,120396090,425922,432249,2,4,12/09/2012,1255,3,2,1,2,2,3,2,23,9
10389,120396090,425922,432249,2,4,12/09/2012,1255,3,2,1,2,2,3,2,24,9
10390,120396208,430490,437160,3,2,12/09/2012,1300,6,2,1,2,1,3,1,69,8
10391,120396208,430490,437160,3,2,12/09/2012,1300,6,2,1,2,1,3,2,35,9
10392,120396547,431056,430946,1,1,12/09/2012,1640,6,2,1,1,3,2,1,18,9
10393,120396556,440590,426167,1,1,12/09/2012,1542,3,2,1,1,1,3,2,18,9
10394,120396739,425395,428497,3,1,12/09/2012,1715,1,2,7,2,1,3,2,25,9
10395,120397175,432411,431107,2,1,13/09/2012,701,6,1,7,1,1,3,1,29,1
10396,120399092,441450,434620,1,1,13/09/2012,1055,1,1,1,1,1,2,2,66,90
10397,120399177,432888,430267,3,2,14/09/2012,1036,4,1,1,1,1,2,1,48,2
10398,120399177,432888,430267,3,2,14/09/2012,1036,4,1,1,1,1,3,1,62,9
10399,120399703,438491,430400,3,2,14/09/2012,1508,3,1,1,1,1,3,1,28,9
10400,120399703,438491,430400,3,2,14/09/2012,1508,3,1,1,1,1,3,1,54,9
10401,120399765,425186,427268,2,1,14/09/2012,1740,3,1,7,1,1,3,1,46,1
10402,120399929,428449,429060,3,1,14/09/2012,1730,3,1,7,1,1,3,1,42,9
10403,120399934,427403,435127,3,2,14/09/2012,2050,6,1,7,1,1,3,1,48,9
10404,120399934,427403,435127,3,2,14/09/2012,2050,6,1,7,1,2,3,1,21,9
10405,120400546,428236,436259,2,1,14/09/2012,800,6,1,1,1,1,3,1,45,1
10406,120400588,430772,436668,2,1,14/09/2012,945,6,1,1,1,1,3,1,38,1
10407,120400598,429747,437052,2,1,14/09/2012,825,6,1,1,1,1,3,1,47,9
10408,120400815,426944,439692,3,1,15/09/2012,1517,3,1,1,1,1,3,1,53,1
10409,120400999,426819,434972,2,1,15/09/2012,1330,3,1,1,1,1,2,1,48,1
10410,120401068,425807,432252,2,1,15/09/2012,1310,6,1,1,1,2,3,1,17,9
10411,120401247,427976,436059,1,1,15/09/2012,2250,3,1,7,1,3,3,1,19,9
10412,120401357,428115,433156,1,1,15/09/2012,2335,6,1,4,1,1,3,1,32,9
10413,120402017,433831,436397,2,2,16/09/2012,1354,6,1,1,1,1,3,1,39,9
10414,120402017,433831,436397,2,2,16/09/2012,1354,6,1,1,1,2,3,1,11,9
10415,120402193,441987,445463,2,2,16/09/2012,1530,6,1,1,1,1,3,1,67,9
10416,120402193,441987,445463,2,2,16/09/2012,1530,6,1,1,1,2,3,2,65,9
10417,120403019,424579,429170,1,1,17/09/2012,1000,4,1,1,1,2,3,2,70,11
10418,120403749,429138,436751,2,4,17/09/2012,1505,4,1,1,1,1,3,1,25,9
10419,120403749,429138,436751,2,4,17/09/2012,1505,4,1,1,1,2,3,2,21,9
10420,120403749,429138,436751,2,4,17/09/2012,1505,4,1,1,1,1,3,2,60,9
10421,120403749,429138,436751,2,4,17/09/2012,1505,4,1,1,1,2,3,2,30,9
10422,120403752,426935,433313,1,1,17/09/2012,1555,6,1,1,1,3,3,2,8,9
10423,120403767,429007,434277,1,1,17/09/2012,1605,6,1,1,1,3,3,2,17,9
10424,120403885,436153,425946,3,1,17/09/2012,1820,1,1,7,1,1,3,2,39,9
10425,120405005,429110,433847,1,1,17/09/2012,1253,6,1,1,1,3,3,1,18,19
10426,120404363,431967,431245,2,1,18/09/2012,700,3,1,7,1,1,3,1,42,1
10427,120404364,427675,429937,1,1,18/09/2012,712,6,1,7,1,3,3,2,53,9
10428,120404552,427003,440026,2,1,18/09/2012,920,3,1,1,1,1,3,2,51,9
10429,120404922,430435,435051,2,2,18/09/2012,1315,6,1,1,1,1,3,1,25,9
10430,120404922,430435,435051,2,2,18/09/2012,1315,6,1,1,1,2,3,1,32,9
10431,120405069,433106,433447,2,1,18/09/2012,750,6,1,1,1,1,3,1,18,1
10432,120405525,434180,430033,1,1,18/09/2012,210,1,1,7,1,1,3,1,48,9
10433,120405914,441675,439863,2,1,18/09/2012,1820,3,1,7,1,1,3,1,47,1
10434,120407530,431971,433585,1,2,18/09/2012,1407,3,1,1,1,1,3,1,64,9
10435,120407530,431971,433585,1,2,18/09/2012,1407,3,1,1,1,2,2,2,60,9
10436,120410933,420945,434432,3,1,18/09/2012,1600,3,1,1,1,1,3,1,21,9
10437,120406366,420336,434224,2,1,19/09/2012,1645,3,1,1,1,1,2,2,32,9