Col.Number,Reference.Number,Easting,Northing,Number.of.Vehicles,Number.of.Casualties,Accident.Date,Time..24hr.,X1st.Road.Class,Road.Surface,Lighting.Conditions,Weather.Conditions,Casualty.Class,Casualty.Severity,Sex.of.Casualty,Age.of.Casualty,Type.of.Vehicle
10438,120407094,433550,445023,2,1,19/09/2012,1540,3,1,1,1,1,2,1,54,5
10439,120414531,432484,433601,2,1,19/09/2012,15,6,1,4,1,1,3,1,20,9
10440,120428000,438496,430406,2,1,19/09/2012,1703,3,1,7,1,1,3,1,36,1
10441,120407441,430475,433750,2,1,20/09/2012,900,6,1,1,1,1,3,1,49,1
10442,120407492,430143,434240,2,1,20/09/2012,759,3,2,1,2,1,3,1,32,1
10443,120408062,430684,434521,2,3,20/09/2012,1442,3,1,1,1,2,3,2,69,11
10444,120408062,430684,434521,2,3,20/09/2012,1442,3,1,1,1,2,3,2,32,11
10445,120408062,430684,434521,2,3,20/09/2012,1442,3,1,1,1,2,3,2,72,11
10446,120408269,430696,439050,1,1,20/09/2012,1515,3,1,1,1,2,3,2,54,11
10447,120408332,432356,434947,2,1,20/09/2012,1605,4,1,1,1,1,3,2,22,9
10448,120408333,431883,435394,2,2,20/09/2012,1618,6,1,1,1,1,3,2,21,9
10449,120408333,431883,435394,2,2,20/09/2012,1618,6,1,1,1,1,3,1,32,9
10450,120408362,432177,434623,1,1,20/09/2012,1820,6,1,7,1,2,3,2,30,11
10451,120408424,430800,435340,3,2,20/09/2012,1720,6,1,7,1,1,3,1,40,9
10452,120408424,430800,435340,3,2,20/09/2012,1720,6,1,7,1,2,3,2,40,9
10453,120410877,430685,424468,1,2,20/09/2012,1325,3,2,1,1,1,3,1,22,9
10454,120410877,430685,424468,1,2,20/09/2012,1325,3,2,1,1,2,3,1,21,9
10455,120408773,433255,432973,1,1,21/09/2012,259,6,2,4,2,3,2,1,19,9
10456,120409041,427834,436515,3,1,21/09/2012,835,4,1,1,1,1,3,1,21,9
10457,120409417,443089,440639,2,1,21/09/2012,1240,2,1,1,1,1,3,2,38,9
10458,120409763,430243,431066,2,1,21/09/2012,1415,6,1,1,1,2,3,2,61,9
10459,120409964,442244,444965,2,1,21/09/2012,1916,6,1,7,1,1,3,1,45,9
10460,120409994,439839,433194,4,4,21/09/2012,1915,3,1,5,1,1,3,1,77,9
10461,120409994,439839,433194,4,4,21/09/2012,1915,3,1,5,1,1,3,1,69,9
10462,120409994,439839,433194,4,4,21/09/2012,1915,3,1,5,1,2,3,2,66,9
10463,120409994,439839,433194,4,4,21/09/2012,1915,3,1,5,1,2,3,2,54,9
10464,120410181,423563,437887,2,1,21/09/2012,2120,6,1,7,1,1,2,1,16,2
10465,120410430,427789,434429,2,1,21/09/2012,1050,3,1,1,1,1,3,1,21,1
10466,120410694,426584,428141,1,1,21/09/2012,1510,6,2,1,1,3,3,2,22,19
10467,120410800,422231,433554,2,1,22/09/2012,1010,4,1,1,1,1,2,1,20,3
10468,120410967,443134,431642,2,1,22/09/2012,1333,3,1,1,1,1,3,1,51,5
10469,120411030,424092,428101,2,1,22/09/2012,1320,3,1,1,1,1,3,2,26,9
10470,120411276,426318,427913,1,1,22/09/2012,1759,4,1,7,1,3,3,1,23,9
10471,120411349,431904,437189,2,4,22/09/2012,520,6,1,4,1,2,3,1,21,9
10472,120411349,431904,437189,2,4,22/09/2012,520,6,1,4,1,2,3,1,21,9
10473,120411349,431904,437189,2,4,22/09/2012,520,6,1,4,1,2,3,1,21,9
10474,120411349,431904,437189,2,4,22/09/2012,520,6,1,4,1,2,3,1,21,9
10475,120411360,429906,437020,1,1,22/09/2012,1852,3,1,7,1,2,3,2,17,11
10476,120411380,426326,438441,1,2,22/09/2012,1915,6,1,4,1,1,3,1,26,1
10477,120411380,426326,438441,1,2,22/09/2012,1915,6,1,4,1,3,3,2,50,1
10478,120411813,425255,437100,1,1,22/09/2012,1120,6,1,1,1,3,3,1,7,9
10479,120411826,430702,439229,2,1,22/09/2012,1325,3,1,1,1,1,3,1,31,3
10480,120412606,430091,435420,2,3,22/09/2012,1110,6,1,1,1,1,3,2,21,9
10481,120412606,430091,435420,2,3,22/09/2012,1110,6,1,1,1,2,3,2,43,9
10482,120412606,430091,435420,2,3,22/09/2012,1110,6,1,1,1,2,3,2,18,9
10483,120530380,430387,437953,1,1,22/09/2012,645,6,1,7,1,1,3,1,21,9
10484,120412206,422908,434706,2,1,23/09/2012,1259,4,1,1,1,1,3,1,62,9
10485,120412608,425975,433662,2,1,23/09/2012,1030,6,1,1,1,1,3,1,49,9
10486,120412647,435356,428507,3,1,23/09/2012,1730,3,1,7,1,1,3,2,44,9
10487,120412783,436009,428271,1,2,23/09/2012,2025,3,2,4,2,1,3,1,22,9
10488,120412783,436009,428271,1,2,23/09/2012,2025,3,2,4,2,2,3,1,17,9
10489,120412959,430778,433235,2,2,23/09/2012,2100,3,1,7,1,1,3,1,37,9
10490,120412959,430778,433235,2,2,23/09/2012,2100,3,1,7,1,2,3,1,39,9
10491,120413609,434334,430285,2,3,24/09/2012,1236,1,2,1,2,1,3,1,38,9
10492,120413609,434334,430285,2,3,24/09/2012,1236,1,2,1,2,1,3,1,47,19
10493,120413609,434334,430285,2,3,24/09/2012,1236,1,2,1,2,2,3,2,36,9
10494,120413669,428027,435984,1,1,24/09/2012,1215,3,1,1,1,3,3,2,18,1
10495,120414470,430636,433692,1,1,24/09/2012,2040,3,2,4,5,3,3,1,38,9
10496,120415038,430567,431439,2,1,25/09/2012,915,1,2,1,5,1,3,2,22,9
10497,120416002,429593,434708,2,4,25/09/2012,2345,3,2,4,5,1,3,1,39,8
10498,120416002,429593,434708,2,4,25/09/2012,2345,3,2,4,5,1,3,1,32,8
10499,120416002,429593,434708,2,4,25/09/2012,2345,3,2,4,5,2,3,2,18,8
10500,120416002,429593,434708,2,4,25/09/2012,2345,3,2,4,5,2,3,1,18,8
10501,120416038,422519,438002,2,1,25/09/2012,2315,3,1,7,1,1,2,2,63,9
10502,120416068,430239,434769,3,1,25/09/2012,1304,6,2,1,2,2,3,2,35,9
10503,120416075,430944,433119,2,2,25/09/2012,800,3,2,1,2,1,3,1,33,9
10504,120416075,430944,433119,2,2,25/09/2012,800,3,2,1,2,1,3,2,22,9
10505,120416291,430209,432921,1,1,25/09/2012,1700,6,1,7,1,3,3,2,47,9
10506,120421036,430376,437934,2,1,25/09/2012,1430,6,1,1,1,1,3,1,47,9
10507,120416736,425765,435668,2,5,26/09/2012,1144,4,2,1,2,1,3,1,50,9
10508,120416736,425765,435668,2,5,26/09/2012,1144,4,2,1,2,1,3,2,24,9
10509,120416736,425765,435668,2,5,26/09/2012,1144,4,2,1,2,2,3,1,21,9
10510,120416736,425765,435668,2,5,26/09/2012,1144,4,2,1,2,2,3,1,24,9
10511,120416736,425765,435668,2,5,26/09/2012,1144,4,2,1,2,2,3,2,29,9
10512,120417065,433175,439198,1,2,26/09/2012,1844,3,2,4,1,1,3,2,24,9
10513,120417065,433175,439198,1,2,26/09/2012,1844,3,2,4,1,2,3,1,1,9
10514,120417171,430207,433396,1,1,26/09/2012,238,6,2,4,2,3,3,1,32,9
10515,120417232,428401,426106,2,1,26/09/2012,2030,3,1,7,1,1,3,1,18,3
10516,120417440,421307,434090,1,1,26/09/2012,2017,3,1,7,1,2,3,1,20,9
10517,120417518,429600,432559,3,2,26/09/2012,838,6,2,1,2,1,3,1,43,9
10518,120417518,429600,432559,3,2,26/09/2012,838,6,2,1,2,2,3,1,46,19
10519,120417522,430873,434251,2,1,26/09/2012,1230,3,2,1,1,1,2,1,79,3
10520,120418116,443652,436536,2,2,26/09/2012,1332,1,1,1,1,1,3,1,36,9
10521,120418116,443652,436536,2,2,26/09/2012,1332,1,1,1,1,1,3,2,36,9
10522,120418170,420618,434341,2,1,27/09/2012,1220,3,1,1,1,2,3,2,45,9
10523,120418488,434727,425891,2,1,27/09/2012,1511,1,1,1,1,1,3,2,34,9
10524,120418630,425514,432673,2,1,27/09/2012,1615,6,1,1,1,1,3,1,18,90
10525,120418857,424526,436046,1,1,27/09/2012,1950,4,1,7,1,1,2,1,57,1
10526,120418951,431462,433960,2,1,27/09/2012,1810,6,1,7,1,1,3,1,12,1
10527,120419218,427390,437118,1,1,27/09/2012,851,3,1,1,1,3,3,1,11,9
10528,120419243,428304,429569,2,1,27/09/2012,1140,3,1,1,1,1,3,1,26,3
10529,120421308,423993,438446,2,1,27/09/2012,2215,6,1,7,1,1,3,1,30,1
10530,120419499,435777,435808,1,1,28/09/2012,830,6,2,1,1,3,2,1,75,9
10531,120419718,425941,435564,2,1,28/09/2012,1155,4,1,1,1,1,3,1,22,3
10532,120419726,430094,431393,2,1,28/09/2012,1302,3,1,1,1,1,3,1,21,1
10533,120419790,427897,436198,2,1,28/09/2012,1315,3,1,1,1,1,3,1,25,1
10534,120419815,432173,427282,4,2,28/09/2012,1220,1,1,1,1,1,3,2,57,9
10535,120419815,432173,427282,4,2,28/09/2012,1220,1,1,1,1,1,3,1,35,9
10536,120419885,430681,433702,1,1,28/09/2012,1235,3,1,1,1,3,3,1,33,9
10537,120420082,435109,433518,1,1,28/09/2012,1514,6,1,1,1,3,3,2,12,9
10538,120420149,429840,434398,2,1,28/09/2012,1614,2,1,1,1,1,3,1,41,9
10539,120420386,429170,428452,3,2,28/09/2012,1850,6,1,7,1,1,3,1,36,9
10540,120420386,429170,428452,3,2,28/09/2012,1850,6,1,7,1,1,2,1,28,19
10541,120420440,426175,437422,2,3,28/09/2012,1920,6,2,7,1,1,3,2,30,9
10542,120420440,426175,437422,2,3,28/09/2012,1920,6,2,7,1,2,3,2,30,9
10543,120420440,426175,437422,2,3,28/09/2012,1920,6,2,7,1,2,3,1,27,9
10544,120420494,429390,431356,2,1,28/09/2012,2130,6,1,4,1,1,3,1,60,9
10545,120421135,432815,433910,1,1,28/09/2012,1943,3,1,7,1,3,2,1,14,11
10546,120421150,427897,436196,1,2,28/09/2012,1918,3,1,7,1,3,3,1,22,9
10547,120421150,427897,436196,1,2,28/09/2012,1918,3,1,7,1,3,3,1,22,9
10548,120421219,426092,433123,1,1,28/09/2012,1440,6,1,1,1,3,3,2,11,9
10549,120420673,427704,434716,2,1,29/09/2012,156,6,2,4,1,2,2,1,18,9
10550,120420746,428937,426007,2,1,29/09/2012,552,3,2,4,1,1,3,2,46,9
10551,120420861,430068,437350,1,2,29/09/2012,812,3,1,1,1,2,3,2,65,11
10552,120420861,430068,437350,1,2,29/09/2012,812,3,1,1,1,2,3,2,65,11
10553,120421526,436183,427740,1,1,29/09/2012,1700,3,1,7,1,1,2,1,29,5
10554,120421735,432741,434291,4,3,29/09/2012,2000,6,1,7,1,2,3,2,10,9
10555,120421735,432741,434291,4,3,29/09/2012,2000,6,1,7,1,2,3,2,6,9
10556,120421735,432741,434291,4,3,29/09/2012,2000,6,1,7,1,2,3,1,3,9
10557,120422029,429688,434571,1,1,30/09/2012,151,3,1,4,1,3,3,1,18,9
10558,120422184,428511,431675,2,2,30/09/2012,751,3,1,1,1,1,3,2,27,9
10559,120422184,428511,431675,2,2,30/09/2012,751,3,1,1,1,1,3,2,28,9
10560,120422693,424464,433867,1,2,30/09/2012,1455,3,2,1,2,1,3,1,28,9
10561,120422693,424464,433867,1,2,30/09/2012,1455,3,2,1,2,2,3,1,24,9
10562,120422828,430646,435632,2,1,30/09/2012,1130,6,1,1,1,1,3,1,48,9
10563,120423949,436558,436160,2,1,30/09/2012,1955,6,1,7,1,1,3,1,19,4
10564,120423968,443329,436916,2,1,01/10/2012,1158,6,2,1,2,1,3,1,45,1
10565,120424659,428056,435956,1,1,01/10/2012,2225,6,1,7,1,3,2,1,54,9
10566,120428389,429921,437002,2,1,01/10/2012,830,3,1,1,1,1,3,2,26,1
10567,120429281,430438,437647,3,1,01/10/2012,1700,3,1,7,1,1,2,1,51,1
10568,120434647,420843,434704,2,1,01/10/2012,1230,3,1,1,1,1,3,2,33,9
10569,120425027,430800,435339,2,1,02/10/2012,840,6,1,1,1,1,3,1,25,1
10570,120425168,427301,437223,2,1,02/10/2012,745,3,1,1,1,1,3,1,30,1
10571,120425899,431336,431889,2,1,02/10/2012,1738,6,2,7,1,1,3,1,42,9
10572,120425956,430115,432182,2,1,02/10/2012,1820,3,1,7,1,1,3,1,25,9
10573,120426006,432328,434984,2,1,02/10/2012,1844,4,1,7,1,3,2,2,37,9
10574,120426080,432253,439376,2,1,02/10/2012,1925,3,2,4,2,1,3,1,26,5
10575,120426095,433664,434314,2,1,02/10/2012,1835,6,2,4,2,1,3,1,36,3
10576,120426318,430034,434425,3,4,02/10/2012,803,2,1,1,1,1,3,2,37,9
10577,120426318,430034,434425,3,4,02/10/2012,803,2,1,1,1,1,3,2,59,9
10578,120426318,430034,434425,3,4,02/10/2012,803,2,1,1,1,2,3,2,6,9
10579,120426318,430034,434425,3,4,02/10/2012,803,2,1,1,1,2,3,1,9,9
10580,120426915,429244,423467,2,1,03/10/2012,824,6,1,1,1,1,3,1,31,9
10581,120427391,435782,425973,2,1,03/10/2012,735,3,1,1,1,1,3,1,29,9
10582,120427392,430117,432182,1,1,03/10/2012,1630,3,1,1,1,2,3,2,0,11
10583,120427545,425262,432973,1,1,03/10/2012,1700,3,1,7,1,3,2,1,30,9
10584,120427615,420126,440735,2,2,03/10/2012,1510,3,2,1,1,1,3,2,90,9
10585,120427615,420126,440735,2,2,03/10/2012,1510,3,2,1,1,1,3,1,50,9
10586,120427722,427364,434650,2,3,03/10/2012,2020,3,2,4,2,2,3,2,34,9
10587,120427722,427364,434650,2,3,03/10/2012,2020,3,2,4,2,2,3,1,25,9
10588,120427722,427364,434650,2,3,03/10/2012,2020,3,2,4,2,2,3,1,20,9
10589,120427740,432248,436235,2,3,03/10/2012,1955,6,2,4,2,2,3,2,7,9
10590,120427740,432248,436235,2,3,03/10/2012,1955,6,2,4,2,2,3,2,79,9
10591,120427740,432248,436235,2,3,03/10/2012,1955,6,2,4,2,1,3,1,36,8
10592,120427793,424791,441597,1,3,03/10/2012,2215,6,1,4,1,2,3,2,78,9
10593,120427793,424791,441597,1,3,03/10/2012,2215,6,1,4,1,2,3,2,75,9
10594,120427793,424791,441597,1,3,03/10/2012,2215,6,1,4,1,2,3,2,79,9
10595,120428164,426163,433054,1,1,03/10/2012,1520,4,1,1,1,3,3,2,14,9
10596,120428531,427420,435983,2,1,03/10/2012,2300,6,1,7,1,1,3,1,55,9
10597,120428996,435271,428927,1,1,03/10/2012,800,6,1,1,1,3,3,2,45,9
10598,120429251,433835,434441,2,2,03/10/2012,2105,6,1,7,1,1,3,1,76,9
10599,120429251,433835,434441,2,2,03/10/2012,2105,6,1,7,1,1,3,1,28,9
10600,120428231,431741,431418,2,1,04/10/2012,825,3,2,1,1,1,3,1,52,9
10601,120428786,420469,441135,2,2,04/10/2012,1220,6,1,1,1,1,2,1,24,3
10602,120428786,420469,441135,2,2,04/10/2012,1220,6,1,1,1,1,3,2,69,9
10603,120428994,423241,433874,1,1,04/10/2012,1425,6,1,1,1,1,3,1,47,1
10604,120429043,428918,434800,2,1,04/10/2012,1430,6,1,1,1,2,3,2,15,11
10605,120429374,427956,434368,2,1,04/10/2012,1900,3,1,7,1,2,3,2,21,9
10606,120429841,426199,431891,1,1,05/10/2012,1,3,2,7,1,3,2,2,45,9
10607,120429943,422599,434027,1,2,05/10/2012,730,3,2,7,1,1,3,2,42,9
10608,120429943,422599,434027,1,2,05/10/2012,730,3,2,7,1,3,3,1,20,9
10609,120430650,428775,433263,2,1,05/10/2012,1330,3,1,1,1,1,3,2,34,9
10610,120430979,426198,435589,2,1,05/10/2012,1610,6,1,1,1,1,3,1,18,1
10611,120431017,423909,433952,1,1,05/10/2012,1520,6,1,1,1,3,2,1,8,9
10612,120431439,424080,428068,2,1,05/10/2012,2302,3,2,4,1,1,3,1,33,19
10613,120431866,430936,435426,2,2,05/10/2012,1700,6,1,7,1,1,3,1,46,19
10614,120431866,430936,435426,2,2,05/10/2012,1700,6,1,7,1,2,3,2,39,19
10615,120431391,421055,439385,2,1,06/10/2012,203,3,1,7,1,1,3,1,22,9
10616,120431424,431880,435185,2,2,06/10/2012,2114,6,1,7,1,1,3,1,33,9
10617,120431424,431880,435185,2,2,06/10/2012,2114,6,1,7,1,1,3,1,24,9
10618,120431687,418630,444930,2,2,06/10/2012,1010,6,1,1,1,1,3,1,24,3
10619,120431687,418630,444930,2,2,06/10/2012,1010,6,1,1,1,1,3,2,44,9
10620,120432275,420206,445352,1,1,06/10/2012,1505,6,1,1,1,3,3,2,55,9
10621,120432329,427824,436515,1,3,06/10/2012,523,6,1,7,1,1,3,1,40,9
10622,120432329,427824,436515,1,3,06/10/2012,523,6,1,7,1,2,3,1,24,9
10623,120432329,427824,436515,1,3,06/10/2012,523,6,1,7,1,2,3,2,24,9
10624,120433987,442638,444460,1,1,06/10/2012,1743,6,1,7,1,1,2,2,39,9
10625,120432718,429116,432175,2,1,07/10/2012,400,6,1,7,1,1,3,1,39,9
10626,120433505,430803,435341,2,1,07/10/2012,1405,6,1,1,1,1,3,1,43,1
10627,120434564,435341,435197,1,1,07/10/2012,1630,6,1,1,1,3,3,2,10,8
10628,120434920,427857,430900,2,1,08/10/2012,1347,3,1,1,1,1,2,1,34,5
10629,120435232,419920,434112,2,1,08/10/2012,1729,6,1,7,1,1,3,1,51,1
10630,120435427,430456,433954,2,4,08/10/2012,2130,2,1,4,1,1,3,2,20,9
10631,120435427,430456,433954,2,4,08/10/2012,2130,2,1,4,1,1,3,1,19,9
10632,120435427,430456,433954,2,4,08/10/2012,2130,2,1,4,1,2,3,1,20,9
10633,120435427,430456,433954,2,4,08/10/2012,2130,2,1,4,1,2,3,1,20,9
10634,120435471,420663,445083,3,1,08/10/2012,2222,6,1,4,1,1,3,1,17,9
10635,120435475,424082,437717,2,2,08/10/2012,2310,3,1,7,1,1,2,1,24,9
10636,120435475,424082,437717,2,2,08/10/2012,2310,3,1,7,1,2,2,1,23,9
10637,120435716,432376,435129,2,1,09/10/2012,920,6,1,1,1,1,3,2,41,9
10638,120435726,422455,427898,2,1,09/10/2012,800,3,1,1,1,1,3,2,52,9
10639,120435991,426871,437595,2,1,09/10/2012,800,3,1,1,1,1,3,1,52,1
10640,120436441,432965,439243,2,1,09/10/2012,1358,6,1,1,1,2,3,1,41,1
10641,120436454,430311,435033,2,1,09/10/2012,1340,6,1,1,1,2,3,1,25,9
10642,120436725,430346,434192,2,2,09/10/2012,1435,3,1,1,1,1,3,1,49,9
10643,120436725,430346,434192,2,2,09/10/2012,1435,3,1,1,1,2,3,2,21,9
10644,120436776,422867,435284,2,1,09/10/2012,1610,6,1,1,1,1,2,1,21,3
10645,120436994,430890,436411,2,1,09/10/2012,1000,6,1,1,1,1,3,1,26,1
10646,120437761,430171,433393,1,1,09/10/2012,1400,6,1,1,1,2,3,1,54,11
10647,120438408,428057,432854,2,1,09/10/2012,1145,6,1,1,1,3,3,2,37,9
10648,120437298,443390,438767,2,1,10/10/2012,710,2,1,7,1,1,3,1,52,9
10649,120437422,430887,436397,2,1,10/10/2012,805,6,2,1,1,1,3,1,29,1
10650,120438312,426306,428092,1,1,10/10/2012,1430,4,1,1,1,2,3,2,88,11
10651,120438773,428061,435956,2,1,10/10/2012,2258,3,1,4,1,1,3,1,17,1
10652,120441181,431990,435868,1,1,10/10/2012,1040,3,1,1,1,2,2,2,68,11
10653,120446033,437157,427622,1,1,10/10/2012,130,3,1,7,1,2,3,2,19,9
10654,120440142,430350,435929,2,2,11/10/2012,1629,3,1,1,1,1,3,2,25,9
10655,120440142,430350,435929,2,2,11/10/2012,1629,3,1,1,1,2,3,2,28,9
10656,120440225,425228,434342,3,1,11/10/2012,1845,3,2,4,2,1,3,1,38,9
10657,120440248,431730,434572,1,1,11/10/2012,1650,6,1,1,1,3,3,1,27,9
10658,120440301,421868,434798,2,1,11/10/2012,1952,6,2,4,2,1,3,1,16,1
10659,120440506,430015,434128,2,1,11/10/2012,200,3,1,7,1,1,3,1,28,9
10660,120440509,428952,435469,2,1,11/10/2012,1958,3,2,4,2,1,3,2,28,9
10661,120441275,421011,441079,1,1,11/10/2012,1040,6,1,1,1,2,3,2,65,11
10662,120441528,434092,428870,1,1,12/10/2012,1450,6,1,1,1,3,3,1,11,9
10663,120441583,424476,437774,3,1,12/10/2012,1540,3,1,1,1,2,3,1,4,9
10664,120441642,427817,436891,2,4,12/10/2012,1510,6,1,1,1,1,3,2,41,9
10665,120441642,427817,436891,2,4,12/10/2012,1510,6,1,1,1,2,3,2,5,9
10666,120441642,427817,436891,2,4,12/10/2012,1510,6,1,1,1,2,3,1,26,9
10667,120441642,427817,436891,2,4,12/10/2012,1510,6,1,1,1,1,3,1,23,9
10668,120441661,431359,435062,2,2,12/10/2012,1640,3,1,1,1,1,3,2,21,9
10669,120441661,431359,435062,2,2,12/10/2012,1640,3,1,1,1,2,3,2,55,9
10670,120441799,427350,435786,2,2,12/10/2012,1530,4,1,1,1,3,3,2,52,9
10671,120441799,427350,435786,2,2,12/10/2012,1530,4,1,1,1,1,3,2,28,9
10672,120442630,424179,444034,3,2,12/10/2012,1730,3,1,7,1,1,3,2,67,9
10673,120442630,424179,444034,3,2,12/10/2012,1730,3,1,7,1,1,3,1,25,9
10674,120445643,427847,436173,2,1,12/10/2012,1340,4,1,1,1,2,3,2,30,9
10675,120442795,423560,437882,2,1,13/10/2012,1430,6,1,1,1,2,3,2,7,9
10676,120443129,424126,444006,2,2,13/10/2012,1912,3,1,7,1,1,3,1,57,9
10677,120443129,424126,444006,2,2,13/10/2012,1912,3,1,7,1,1,3,2,65,9
10678,120443584,432061,436086,3,3,13/10/2012,1330,6,1,1,1,1,3,1,32,9
10679,120443584,432061,436086,3,3,13/10/2012,1330,6,1,1,1,1,3,2,61,9
10680,120443584,432061,436086,3,3,13/10/2012,1330,6,1,1,1,2,3,2,64,9
10681,120445457,434426,427952,2,6,13/10/2012,1025,3,1,1,1,2,3,2,77,9
10682,120445457,434426,427952,2,6,13/10/2012,1025,3,1,1,1,2,3,2,79,9
10683,120445457,434426,427952,2,6,13/10/2012,1025,3,1,1,1,2,3,1,23,9
10684,120445457,434426,427952,2,6,13/10/2012,1025,3,1,1,1,2,3,1,31,9
10685,120445457,434426,427952,2,6,13/10/2012,1025,3,1,1,1,1,3,1,22,9
10686,120445457,434426,427952,2,6,13/10/2012,1025,3,1,1,1,1,3,1,82,9
10687,120450179,431250,445732,2,1,13/10/2012,1259,3,1,1,1,1,3,1,47,1
10688,120477567,429945,433296,1,1,13/10/2012,2053,6,1,7,1,3,3,1,17,9
10689,120443351,432092,428739,1,2,14/10/2012,2335,1,1,4,1,1,3,1,27,9
10690,120443351,432092,428739,1,2,14/10/2012,2335,1,1,4,1,2,3,2,21,9
10691,120443489,429178,433844,3,2,14/10/2012,56,6,1,7,1,1,2,1,28,9
10692,120443489,429178,433844,3,2,14/10/2012,56,6,1,7,1,2,3,1,33,9
10693,120444260,421936,441465,2,4,14/10/2012,1418,3,1,1,1,1,3,2,27,9
10694,120444260,421936,441465,2,4,14/10/2012,1418,3,1,1,1,1,3,2,39,9
10695,120444260,421936,441465,2,4,14/10/2012,1418,3,1,1,1,2,3,2,14,9
10696,120444260,421936,441465,2,4,14/10/2012,1418,3,1,1,1,2,3,1,12,9
10697,120447188,435010,435973,2,1,14/10/2012,1210,6,1,1,1,2,3,2,49,9
10698,120449717,426443,427839,2,1,14/10/2012,1500,6,1,1,1,1,3,2,25,9
10699,120452407,428798,434880,1,1,14/10/2012,1400,6,1,1,1,3,3,1,23,11
10700,120445041,427975,433612,2,1,15/10/2012,640,3,1,7,1,1,3,1,45,1
10701,120445296,430070,431138,2,1,15/10/2012,1145,3,2,1,1,2,3,2,20,9
10702,120445506,437838,432799,2,1,15/10/2012,842,1,1,1,1,1,3,1,49,9
10703,120445707,419964,446191,1,1,15/10/2012,1515,6,1,1,1,3,3,1,13,9
10704,120445827,425097,435563,1,1,15/10/2012,1615,6,1,1,1,3,3,2,13,9
10705,120445850,431424,434093,2,2,15/10/2012,1340,6,1,1,1,2,3,2,36,11
10706,120445850,431424,434093,2,2,15/10/2012,1340,6,1,1,1,2,3,2,41,11
10707,120447028,435401,435721,1,1,16/10/2012,1239,6,2,1,1,1,2,1,18,3
10708,120447117,430130,424000,2,1,16/10/2012,835,1,2,1,1,2,3,1,8,9
10709,120447336,428700,436764,2,1,16/10/2012,1330,6,1,1,1,1,3,1,28,1
10710,120447373,430436,436615,2,1,16/10/2012,1515,4,1,1,1,1,2,1,27,1
10711,120449830,422873,443028,2,1,16/10/2012,605,3,1,7,1,1,3,1,27,4
10712,120480121,423913,430224,2,1,16/10/2012,1410,4,1,1,1,1,3,1,21,16
10713,120448177,431219,438321,2,1,17/10/2012,715,6,1,7,1,1,3,1,38,9
10714,120448232,424492,428566,2,2,17/10/2012,730,3,2,4,2,1,3,1,29,4
10715,120448232,424492,428566,2,2,17/10/2012,730,3,2,4,2,1,3,2,24,1
10716,120448512,431355,428229,2,1,17/10/2012,1201,6,2,1,1,1,2,1,57,1
10717,120449270,431139,433614,2,1,17/10/2012,1725,3,1,7,1,1,3,2,44,9
10718,120449891,432255,445549,4,2,17/10/2012,1800,3,1,7,1,1,3,1,38,9
10719,120449891,432255,445549,4,2,17/10/2012,1800,3,1,7,1,1,3,2,31,9
10720,120449862,424901,427695,3,2,18/10/2012,728,3,1,7,1,1,2,1,35,9
10721,120449862,424901,427695,3,2,18/10/2012,728,3,1,7,1,1,3,1,31,9
10722,120450198,432282,426910,2,1,18/10/2012,1240,1,1,1,1,1,3,1,40,19
10723,120450234,432361,438804,1,1,18/10/2012,1130,6,1,1,1,2,3,2,74,11
10724,120450290,441558,430253,1,2,18/10/2012,1155,4,2,1,1,1,3,1,19,9
10725,120450290,441558,430253,1,2,18/10/2012,1155,4,2,1,1,2,3,2,27,9
10726,120450802,431139,434294,2,1,18/10/2012,1720,6,1,7,1,1,3,1,45,3
10727,120451024,430099,431474,2,2,18/10/2012,1630,6,1,1,1,1,3,1,18,9
10728,120451024,430099,431474,2,2,18/10/2012,1630,6,1,1,1,2,3,1,20,9
10729,120452639,436097,434790,2,1,18/10/2012,1530,3,1,1,1,1,3,2,36,9
10730,120452226,430378,433503,1,1,19/10/2012,1334,6,1,1,1,3,3,1,80,11
10731,120452241,431920,426327,3,2,19/10/2012,1414,1,1,1,1,1,3,1,48,9
10732,120452241,431920,426327,3,2,19/10/2012,1414,1,1,1,1,2,3,1,18,9
10733,120452620,435068,433473,1,2,19/10/2012,1900,3,1,4,1,3,3,2,26,9
10734,120452620,435068,433473,1,2,19/10/2012,1900,3,1,4,1,3,3,2,2,9
10735,120452686,430948,433310,2,1,19/10/2012,1845,6,1,4,1,2,3,2,46,9
10736,120453498,427779,431697,2,2,20/10/2012,830,3,1,1,1,1,2,1,44,9
10737,120453498,427779,431697,2,2,20/10/2012,830,3,1,1,1,1,3,1,24,9
10738,120453639,422219,433331,1,1,20/10/2012,1210,4,1,1,1,2,3,2,80,11