Col.Number,Reference.Number,Easting,Northing,Number.of.Vehicles,Number.of.Casualties,Accident.Date,Time..24hr.,X1st.Road.Class,Road.Surface,Lighting.Conditions,Weather.Conditions,Casualty.Class,Casualty.Severity,Sex.of.Casualty,Age.of.Casualty,Type.of.Vehicle
10739,120454267,429799,428081,2,1,20/10/2012,2200,6,1,4,1,1,3,1,55,9
10740,120454353,436171,434572,1,1,20/10/2012,2152,3,1,7,1,1,2,1,39,5
10741,120455014,429943,427023,1,1,20/10/2012,1821,6,1,4,1,2,3,1,79,11
10742,120455083,420487,445130,2,1,21/10/2012,1415,6,1,1,1,1,3,2,50,1
10743,120455180,420362,434251,2,1,21/10/2012,1130,3,1,1,1,1,3,1,25,4
10744,120455341,430073,433935,2,1,21/10/2012,405,6,1,4,1,1,3,1,50,9
10745,120456432,429913,434258,1,1,22/10/2012,855,3,1,1,1,3,2,1,18,9
10746,120458123,432362,433181,2,1,22/10/2012,1135,6,1,1,1,1,3,2,47,9
10747,120457721,431349,435059,2,2,23/10/2012,915,3,2,1,1,1,3,1,25,9
10748,120457721,431349,435059,2,2,23/10/2012,915,3,2,1,1,1,3,2,37,9
10749,120458208,424555,427291,1,2,23/10/2012,1238,3,2,1,1,1,3,1,18,9
10750,120458208,424555,427291,1,2,23/10/2012,1238,3,2,1,1,2,2,1,18,9
10751,120458551,430279,434823,2,1,23/10/2012,1445,6,1,1,1,1,3,2,41,9
10752,120459245,425021,434261,2,2,24/10/2012,800,3,2,1,2,1,3,2,24,9
10753,120459245,425021,434261,2,2,24/10/2012,800,3,2,1,2,1,3,1,38,9
10754,120459288,425907,436257,2,1,24/10/2012,620,3,2,4,2,1,2,1,34,1
10755,120463638,433902,436527,2,2,24/10/2012,955,3,2,1,2,1,3,1,49,9
10756,120463638,433902,436527,2,2,24/10/2012,955,3,2,1,2,1,3,1,21,9
10757,120463646,428906,435510,2,1,24/10/2012,845,3,2,1,1,1,3,1,29,1
10758,120463737,429391,431353,1,1,24/10/2012,1115,6,2,1,1,3,2,2,78,9
10759,120464468,440896,448716,2,1,24/10/2012,1635,4,1,1,1,1,3,2,17,9
10760,120465978,424121,444006,2,6,25/10/2012,1315,3,1,1,1,1,3,2,61,10
10761,120465978,424121,444006,2,6,25/10/2012,1315,3,1,1,1,1,3,1,41,19
10762,120465978,424121,444006,2,6,25/10/2012,1315,3,1,1,1,2,3,1,45,10
10763,120465978,424121,444006,2,6,25/10/2012,1315,3,1,1,1,2,3,1,50,10
10764,120465978,424121,444006,2,6,25/10/2012,1315,3,1,1,1,2,3,1,46,10
10765,120465978,424121,444006,2,6,25/10/2012,1315,3,1,1,1,2,3,1,40,10
10766,120466278,430216,434368,2,1,25/10/2012,1610,6,1,1,1,1,3,1,25,9
10767,120466626,428811,440224,2,2,25/10/2012,2053,6,1,7,1,1,3,1,24,9
10768,120466626,428811,440224,2,2,25/10/2012,2053,6,1,7,1,2,3,2,31,9
10769,120467187,437309,429486,2,1,26/10/2012,1100,6,1,1,1,2,3,2,26,9
10770,120467209,430102,433369,1,1,26/10/2012,917,6,1,1,1,2,3,2,32,11
10771,120467266,430939,432284,2,1,26/10/2012,815,3,1,1,1,1,2,1,21,3
10772,120467865,428834,425400,2,1,26/10/2012,1415,6,1,1,1,1,2,1,22,2
10773,120468045,430438,433449,1,1,26/10/2012,1914,6,1,7,1,3,3,1,27,9
10774,120468279,438456,433722,2,1,26/10/2012,2225,1,1,7,1,1,2,1,84,9
10775,120468454,427250,432555,2,3,26/10/2012,1247,6,1,1,1,1,3,1,75,9
10776,120468454,427250,432555,2,3,26/10/2012,1247,6,1,1,1,1,3,1,66,9
10777,120468454,427250,432555,2,3,26/10/2012,1247,6,1,1,1,2,3,2,65,9
10778,120468307,429118,433598,2,1,27/10/2012,16,2,1,7,1,2,3,1,15,9
10779,120468625,434970,437832,2,1,27/10/2012,920,3,1,1,1,1,3,1,63,9
10780,120468689,419926,445204,2,1,27/10/2012,1025,6,1,1,1,1,3,2,63,9
10781,120468729,434975,436383,1,1,27/10/2012,915,6,1,1,1,1,3,1,25,9
10782,120469512,428090,430040,1,1,27/10/2012,2310,3,1,7,1,3,2,1,29,9
10783,120470233,432570,429627,2,2,28/10/2012,1425,3,1,1,1,1,3,1,66,5
10784,120470233,432570,429627,2,2,28/10/2012,1425,3,1,1,1,1,3,1,55,5
10785,120470714,436695,433112,3,5,28/10/2012,2103,6,1,4,1,1,2,1,50,9
10786,120470714,436695,433112,3,5,28/10/2012,2103,6,1,4,1,2,2,2,49,9
10787,120470714,436695,433112,3,5,28/10/2012,2103,6,1,4,1,2,2,1,24,9
10788,120470714,436695,433112,3,5,28/10/2012,2103,6,1,4,1,2,1,2,23,9
10789,120470714,436695,433112,3,5,28/10/2012,2103,6,1,4,1,2,2,1,17,9
10790,120471770,430333,433389,2,1,28/10/2012,2330,6,1,4,1,1,3,1,20,1
10791,120470847,436037,431154,1,1,29/10/2012,619,6,2,6,1,1,3,1,24,9
10792,120471615,425241,439475,1,1,29/10/2012,1410,6,2,1,1,2,3,1,70,11
10793,120471973,426284,435584,2,1,29/10/2012,1744,4,1,7,1,1,3,2,42,9
10794,120471999,430079,433935,2,2,29/10/2012,1635,6,2,4,1,1,3,1,36,1
10795,120471999,430079,433935,2,2,29/10/2012,1635,6,2,4,1,3,3,2,55,1
10796,120473934,429912,433930,1,1,30/10/2012,845,6,2,1,1,1,3,2,36,5
10797,120474388,427153,432532,2,1,30/10/2012,1323,6,1,1,1,1,3,2,19,2
10798,120475923,428601,432801,2,1,30/10/2012,615,3,2,4,1,1,3,2,55,9
10799,120478050,426200,426845,2,1,30/10/2012,1110,6,2,1,1,1,3,1,37,3
10800,120474402,427659,436649,2,2,31/10/2012,1130,3,1,1,1,2,3,1,46,11
10801,120474402,427659,436649,2,2,31/10/2012,1130,3,1,1,1,2,3,2,23,11
10802,120474921,428520,431678,2,1,31/10/2012,1700,3,1,7,1,1,3,1,32,9
10803,120475052,421904,432535,1,1,31/10/2012,1705,6,2,4,2,3,3,2,20,9
10804,120475061,426805,438034,2,3,31/10/2012,1830,3,2,4,2,1,3,2,66,9
10805,120475061,426805,438034,2,3,31/10/2012,1830,3,2,4,2,2,3,2,31,9
10806,120475061,426805,438034,2,3,31/10/2012,1830,3,2,4,2,2,3,1,40,9
10807,120475071,430076,434412,2,1,31/10/2012,2000,2,1,7,1,1,3,1,26,9
10808,120475170,427071,429433,2,2,31/10/2012,1905,3,2,4,1,1,3,2,20,9
10809,120475170,427071,429433,2,2,31/10/2012,1905,3,2,4,1,1,3,1,53,9
10810,120475509,427034,424752,2,1,31/10/2012,1540,3,1,1,1,1,2,1,26,1
10811,120482411,429446,437309,2,2,31/10/2012,1720,6,2,4,2,2,3,2,26,9
10812,120482411,429446,437309,2,2,31/10/2012,1720,6,2,4,2,2,3,2,65,9
10813,120475399,430064,433780,1,1,01/11/2012,235,6,2,4,1,3,3,1,21,8
10814,120475842,428033,435100,1,1,01/11/2012,940,6,1,1,1,3,2,2,26,9
10815,120475896,422623,428798,3,1,01/11/2012,917,6,1,1,1,1,3,2,41,9
10816,120476584,434927,434645,1,1,01/11/2012,1715,3,1,4,1,3,3,2,22,9
10817,120476665,431310,435038,1,3,01/11/2012,1710,3,1,7,1,3,3,1,42,3
10818,120476665,431310,435038,1,3,01/11/2012,1710,3,1,7,1,3,3,2,28,3
10819,120476665,431310,435038,1,3,01/11/2012,1710,3,1,7,1,1,3,1,18,3
10820,120477986,429419,430372,2,3,01/11/2012,1245,6,1,1,1,2,3,1,62,19
10821,120477986,429419,430372,2,3,01/11/2012,1245,6,1,1,1,1,3,1,55,19
10822,120477986,429419,430372,2,3,01/11/2012,1245,6,1,1,1,2,3,1,8,9
10823,120479443,420507,440570,2,1,01/11/2012,1300,6,1,1,1,1,3,1,12,1
10824,120493532,431908,435741,1,1,01/11/2012,2246,3,1,7,1,3,3,2,23,9
10825,120477172,428540,426055,2,2,02/11/2012,750,3,2,1,1,1,3,2,27,9
10826,120477172,428540,426055,2,2,02/11/2012,750,3,2,1,1,1,3,1,76,9
10827,120477196,428432,424073,1,1,02/11/2012,750,6,2,1,1,1,3,2,18,9
10828,120478122,423191,434661,2,1,02/11/2012,1610,4,1,1,1,1,3,1,32,1
10829,120478124,430408,437054,1,1,02/11/2012,1725,6,2,4,5,3,2,1,53,9
10830,120478600,431811,434298,1,1,03/11/2012,100,6,1,7,1,3,3,1,24,8
10831,120479094,423285,439334,2,1,03/11/2012,1305,6,2,1,1,1,3,1,80,9
10832,120479215,430701,433628,2,2,03/11/2012,1310,3,2,1,1,1,3,1,29,9
10833,120479215,430701,433628,2,2,03/11/2012,1310,3,2,1,1,2,3,1,58,9
10834,120479518,433262,432968,2,2,03/11/2012,1810,6,1,4,1,1,3,1,20,9
10835,120479518,433262,432968,2,2,03/11/2012,1810,6,1,4,1,2,2,1,18,9
10836,120480417,424693,433946,1,1,03/11/2012,1700,6,1,7,1,3,2,1,11,9
10837,120481424,433581,429813,2,1,03/11/2012,1930,1,1,7,1,1,3,2,40,9
10838,120499707,430099,431531,2,1,03/11/2012,1900,3,1,4,1,1,3,1,28,3
10839,120508808,431793,435822,2,1,03/11/2012,2100,6,1,4,1,2,3,2,24,8
10840,120480244,421395,440494,2,2,04/11/2012,1155,6,2,1,1,1,3,2,44,9
10841,120480244,421395,440494,2,2,04/11/2012,1155,6,2,1,1,2,3,2,52,9
10842,120480273,430628,434657,2,1,04/11/2012,1158,3,1,1,1,1,3,2,49,9
10843,120480893,436333,441472,2,3,04/11/2012,1750,3,1,6,1,1,3,1,23,9
10844,120480893,436333,441472,2,3,04/11/2012,1750,3,1,6,1,1,2,1,83,9
10845,120480893,436333,441472,2,3,04/11/2012,1750,3,1,6,1,2,3,2,77,9
10846,120480897,432525,427553,2,1,04/11/2012,1940,3,2,7,1,1,3,1,24,3
10847,120481700,422930,435656,2,1,04/11/2012,1725,6,2,4,1,1,3,2,24,9
10848,120481154,429741,432940,2,3,05/11/2012,18,6,2,4,1,1,2,1,36,9
10849,120481154,429741,432940,2,3,05/11/2012,18,6,2,4,1,1,3,1,24,8
10850,120481154,429741,432940,2,3,05/11/2012,18,6,2,4,1,2,2,2,23,9
10851,120481231,422444,441706,2,1,05/11/2012,630,6,2,4,1,1,3,1,48,10
10852,120481308,422230,433560,1,1,05/11/2012,800,4,1,1,1,3,3,1,11,9
10853,120481391,426705,431761,2,1,05/11/2012,912,3,1,1,1,1,3,2,30,1
10854,120482010,430656,433665,2,1,05/11/2012,1248,3,1,1,1,1,3,2,48,9
10855,120482436,428223,435782,2,1,05/11/2012,1600,3,2,1,1,1,2,2,21,1
10856,120485434,426924,433112,2,1,05/11/2012,845,4,1,1,1,1,3,2,36,9
10857,120483109,430885,438626,1,1,06/11/2012,935,6,2,1,2,3,3,1,71,9
10858,120483805,428260,433469,3,2,06/11/2012,1710,3,1,7,1,1,3,1,40,9
10859,120483805,428260,433469,3,2,06/11/2012,1710,3,1,7,1,1,3,1,23,9
10860,120483819,424613,435109,2,1,06/11/2012,1700,3,2,4,1,1,3,1,40,3
10861,120483976,425915,436689,2,1,06/11/2012,1900,6,2,4,2,1,3,2,18,9
10862,120484328,423414,434172,2,2,06/11/2012,1010,6,2,1,2,1,3,2,31,9
10863,120484328,423414,434172,2,2,06/11/2012,1010,6,2,1,2,1,3,1,26,9
10864,120485289,427055,427869,1,1,06/11/2012,1830,6,1,7,1,3,3,1,21,9
10865,120488058,429557,431531,1,1,06/11/2012,1320,6,1,1,1,3,3,2,50,9
10866,120484163,430902,432580,2,1,07/11/2012,2050,6,1,4,1,1,3,1,28,9
10867,120485362,432510,435091,2,1,07/11/2012,1500,6,1,1,1,1,3,2,35,9
10868,120485538,423322,437472,1,1,07/11/2012,1545,3,1,1,1,2,3,1,3,11
10869,120486498,431341,428591,2,1,08/11/2012,832,6,1,1,1,1,3,1,34,1
10870,120486659,430959,435865,1,1,08/11/2012,725,6,1,7,1,3,3,2,63,9
10871,120486733,428969,429869,1,1,08/11/2012,1049,3,1,1,1,2,3,2,86,11
10872,120486988,429927,434278,2,1,08/11/2012,1504,3,1,1,1,2,3,2,22,9
10873,120487003,429711,430883,1,1,08/11/2012,1605,6,1,1,1,3,3,1,5,19
10874,120487010,427006,440070,2,1,08/11/2012,1625,3,1,1,1,1,3,1,49,1
10875,120487048,436326,434202,2,1,08/11/2012,1650,3,1,1,1,1,3,2,51,4
10876,120487079,427967,435975,1,2,08/11/2012,1515,6,1,1,1,3,2,2,89,9
10877,120487079,427967,435975,1,2,08/11/2012,1515,6,1,1,1,3,3,1,85,9
10878,120487143,424025,428093,3,1,08/11/2012,1710,1,1,4,1,1,3,1,40,9
10879,120487214,430017,434417,3,3,08/11/2012,1954,3,1,7,1,1,3,2,33,9
10880,120487214,430017,434417,3,3,08/11/2012,1954,3,1,7,1,1,3,1,25,9
10881,120487214,430017,434417,3,3,08/11/2012,1954,3,1,7,1,1,3,1,26,9
10882,120487255,428212,431202,2,1,08/11/2012,1908,3,1,4,1,1,3,2,24,9
10883,120487957,434730,433530,2,1,08/11/2012,1505,3,1,1,4,1,3,2,55,9
10884,120491341,431156,434917,1,3,08/11/2012,1810,6,1,7,1,3,3,2,22,9
10885,120491341,431156,434917,1,3,08/11/2012,1810,6,1,7,1,3,3,2,20,9
10886,120491341,431156,434917,1,3,08/11/2012,1810,6,1,7,1,3,3,2,27,9
10887,120488289,434737,436847,2,1,09/11/2012,1330,6,1,1,1,1,3,1,38,1
10888,120488867,430478,433455,2,1,09/11/2012,1646,6,2,4,2,3,3,1,51,9
10889,120488934,427612,434517,2,1,09/11/2012,1750,6,1,4,1,2,3,2,24,9
10890,120489106,421333,434048,1,1,09/11/2012,2100,3,2,4,1,1,3,1,39,9
10891,120489810,427154,432528,2,1,09/11/2012,1730,6,2,4,2,2,3,2,15,9
10892,120493132,430630,435270,2,1,09/11/2012,2350,6,1,5,1,2,3,2,26,9
10893,120489310,427481,432591,2,1,10/11/2012,243,6,1,7,1,1,3,1,38,9
10894,120489721,444723,427850,2,1,10/11/2012,1225,6,1,1,1,1,2,1,54,5
10895,120489806,427548,434797,3,2,10/11/2012,1325,6,1,1,1,1,3,1,25,9
10896,120489806,427548,434797,3,2,10/11/2012,1325,6,1,1,1,2,3,1,50,9
10897,120490517,430035,434056,1,2,10/11/2012,2200,6,1,4,1,3,3,1,27,9
10898,120490517,430035,434056,1,2,10/11/2012,2200,6,1,4,1,3,3,1,27,9
10899,120491578,436195,435918,1,1,10/11/2012,1220,6,1,1,1,1,3,2,84,90
10900,120491723,427581,433912,2,1,10/11/2012,115,6,1,4,1,3,3,1,39,8
10901,120492660,429432,436004,2,2,10/11/2012,1610,6,1,1,1,1,3,1,46,9
10902,120492660,429432,436004,2,2,10/11/2012,1610,6,1,1,1,1,3,1,33,9
10903,120494850,430142,438260,3,2,10/11/2012,1330,6,1,1,1,1,3,1,52,9
10904,120494850,430142,438260,3,2,10/11/2012,1330,6,1,1,1,2,3,2,53,9
10905,120490984,430451,433944,1,1,11/11/2012,750,3,1,1,1,1,3,1,21,9
10906,120491227,432947,439243,2,2,11/11/2012,1257,3,1,1,1,1,3,1,84,9
10907,120491227,432947,439243,2,2,11/11/2012,1257,3,1,1,1,2,2,2,82,9
10908,120491242,430728,439082,2,1,11/11/2012,405,3,2,7,1,1,2,1,40,1
10909,120491525,421948,432943,1,1,11/11/2012,1700,6,1,7,1,3,3,2,19,9
10910,120492348,428623,436922,1,1,12/11/2012,930,4,2,1,1,3,2,2,39,9
10911,120492608,430188,433964,1,1,12/11/2012,1127,6,2,1,2,3,2,1,29,9
10912,120492638,425946,434687,1,1,12/11/2012,1122,6,2,1,2,1,3,1,70,9
10913,120494617,429187,431924,2,2,13/11/2012,1340,6,1,1,1,1,3,1,37,9
10914,120494617,429187,431924,2,2,13/11/2012,1340,6,1,1,1,1,3,2,20,9
10915,120495054,426955,435905,2,3,13/11/2012,1755,6,1,4,1,1,3,2,18,9
10916,120495054,426955,435905,2,3,13/11/2012,1755,6,1,4,1,1,3,2,22,9
10917,120495054,426955,435905,2,3,13/11/2012,1755,6,1,4,1,2,3,1,57,9
10918,120495157,430352,433723,1,1,13/11/2012,1616,6,1,7,1,2,3,1,71,11
10919,120495792,429342,431407,2,1,13/11/2012,1310,6,2,1,1,1,3,2,42,9
10920,120496095,427913,433288,1,1,13/11/2012,1600,6,1,1,1,2,3,2,26,11
10921,120495588,433973,434148,2,1,14/11/2012,730,3,1,7,1,1,3,1,25,1
10922,120495760,422120,428834,2,1,14/11/2012,750,3,1,1,1,1,3,1,17,3
10923,120496770,421698,433534,2,1,14/11/2012,1554,6,1,1,1,1,3,2,54,9
10924,120496827,430529,435167,1,1,14/11/2012,1728,3,1,4,1,3,2,2,30,9
10925,120497543,427583,437320,3,1,15/11/2012,800,6,1,1,1,1,3,1,40,9
10926,120498446,431911,435739,1,1,15/11/2012,1454,3,1,1,1,3,3,1,35,9
10927,120498499,432292,436989,1,1,15/11/2012,1535,6,1,1,1,3,2,1,15,9
10928,120498795,425465,437511,2,1,15/11/2012,2030,6,1,7,1,1,3,2,45,9
10929,120500407,423591,434591,3,1,15/11/2012,1925,6,1,4,1,1,3,1,37,9
10930,120501049,427904,435626,2,1,15/11/2012,1800,6,1,7,1,1,3,1,35,1
10931,120499256,430446,431703,3,1,16/11/2012,723,1,1,4,1,1,3,1,44,9
10932,120500020,431912,434798,1,1,16/11/2012,1550,6,1,1,1,2,3,2,55,9
10933,120500230,436980,437530,3,2,16/11/2012,1700,3,1,7,1,1,3,1,32,9
10934,120500230,436980,437530,3,2,16/11/2012,1700,3,1,7,1,1,3,1,32,9
10935,120501612,428110,426279,3,2,17/11/2012,1515,3,1,1,1,1,3,1,19,9
10936,120501612,428110,426279,3,2,17/11/2012,1515,3,1,1,1,2,3,2,18,9
10937,120501841,423049,437654,2,1,17/11/2012,115,3,2,4,2,2,2,2,63,9
10938,120506349,420366,440446,2,1,17/11/2012,1335,3,1,1,1,1,3,1,26,1
10939,120502714,426649,441796,1,2,18/11/2012,1149,3,1,1,1,1,3,1,22,2
10940,120502714,426649,441796,1,2,18/11/2012,1149,3,1,1,1,3,2,2,73,2
10941,120502756,431773,435546,2,1,18/11/2012,1500,3,1,1,1,2,3,1,7,9
10942,120503060,430253,433402,1,1,18/11/2012,450,6,2,4,1,3,3,1,19,20
10943,120503158,431970,435836,2,1,18/11/2012,2050,6,1,4,1,1,3,1,45,8
10944,120509211,420003,445285,2,1,18/11/2012,1430,6,1,1,1,1,3,1,30,9
10945,120503829,428422,432502,1,1,19/11/2012,955,3,1,1,1,1,3,1,37,2
10946,120505346,435817,435757,2,2,20/11/2012,815,6,2,1,2,1,3,2,18,9
10947,120505346,435817,435757,2,2,20/11/2012,815,6,2,1,2,1,3,2,58,9
10948,120505476,424591,433585,1,1,20/11/2012,900,3,2,1,2,1,3,1,23,9
10949,120505717,431136,434657,4,1,20/11/2012,933,6,2,1,2,1,2,1,43,9
10950,120506117,433524,434617,2,1,20/11/2012,1525,6,2,1,2,1,3,1,28,3
10951,120506301,425754,427036,1,1,20/11/2012,1623,6,1,4,1,3,3,1,7,9
10952,120506306,429402,435415,1,2,20/11/2012,1854,6,1,7,1,1,3,2,24,9
10953,120506306,429402,435415,1,2,20/11/2012,1854,6,1,7,1,3,2,2,40,9
10954,120507811,427198,431559,2,1,20/11/2012,1615,3,1,1,1,1,3,1,32,9
10955,120506896,429659,434609,2,1,21/11/2012,905,3,2,1,2,1,3,1,25,1
10956,120507808,424237,428164,2,2,21/11/2012,615,3,2,4,2,1,3,1,66,9
10957,120507808,424237,428164,2,2,21/11/2012,615,3,2,4,2,2,3,1,33,9
10958,120507954,428434,434998,2,1,21/11/2012,1859,6,1,7,1,1,2,1,21,1
10959,120508042,438576,433814,2,1,21/11/2012,1357,1,1,1,1,1,3,2,40,9
10960,120508334,424771,425460,1,1,21/11/2012,2200,4,2,4,1,1,2,1,41,9
10961,120508810,431330,435050,2,1,21/11/2012,1345,3,2,1,2,1,3,2,21,9
10962,120509239,428962,435463,1,1,21/11/2012,1740,3,1,4,1,3,3,1,78,9
10963,120508525,445196,446984,2,1,22/11/2012,755,6,1,1,1,1,3,1,50,9
10964,120508716,436981,433603,2,2,22/11/2012,815,3,2,1,4,1,3,1,25,9
10965,120508716,436981,433603,2,2,22/11/2012,815,3,2,1,4,1,3,1,51,8
10966,120508755,424071,434503,2,1,22/11/2012,800,6,1,1,1,1,3,1,32,1
10967,120508806,430910,432289,2,4,22/11/2012,1255,3,1,1,1,1,3,1,27,9
10968,120508806,430910,432289,2,4,22/11/2012,1255,3,1,1,1,1,3,1,41,8
10969,120508806,430910,432289,2,4,22/11/2012,1255,3,1,1,1,2,3,1,46,8
10970,120508806,430910,432289,2,4,22/11/2012,1255,3,1,1,1,2,3,2,45,8
10971,120509416,421614,436042,3,2,22/11/2012,1800,3,2,4,2,1,3,2,44,9
10972,120509416,421614,436042,3,2,22/11/2012,1800,3,2,4,2,1,3,2,52,9
10973,120509422,428561,434247,2,1,22/11/2012,1530,6,2,1,1,1,3,1,23,4
10974,120509425,428109,426281,2,2,22/11/2012,1644,3,1,1,1,1,3,2,60,9
10975,120509425,428109,426281,2,2,22/11/2012,1644,3,1,1,1,1,3,2,48,9
10976,120515925,430789,433253,3,1,22/11/2012,1630,3,1,4,1,1,3,2,34,9
10977,120511229,428653,434883,2,1,23/11/2012,1935,6,2,4,1,1,3,1,20,1
10978,120512226,429690,425693,2,1,23/11/2012,1910,3,1,4,1,1,3,2,34,1
10979,120514265,429133,435251,2,1,23/11/2012,945,3,1,1,1,1,3,1,20,3
10980,120511612,424923,434423,1,1,24/11/2012,210,3,1,4,1,1,3,1,25,4
10981,120511905,443331,435489,2,1,24/11/2012,830,4,4,1,1,1,3,2,47,9
10982,120512442,427069,433703,2,1,24/11/2012,1528,3,1,1,1,1,3,1,29,3
10983,120512744,429320,433685,2,2,24/11/2012,1745,2,2,4,2,1,3,1,24,9
10984,120512744,429320,433685,2,2,24/11/2012,1745,2,2,4,2,2,3,2,25,9
10985,120515012,432509,427306,2,2,24/11/2012,950,3,2,1,1,1,3,1,44,9
10986,120515012,432509,427306,2,2,24/11/2012,950,3,2,1,1,2,3,2,65,9
10987,120513100,426982,440718,1,1,25/11/2012,455,3,5,4,5,1,3,1,33,9
10988,120513362,430487,435324,2,1,25/11/2012,540,3,1,7,1,1,3,1,26,1
10989,120514263,422223,433797,2,1,25/11/2012,1300,6,1,1,1,1,3,1,54,1
10990,120515360,433296,425346,2,2,26/11/2012,1555,3,2,4,2,1,3,1,27,19
10991,120515360,433296,425346,2,2,26/11/2012,1555,3,2,4,2,1,3,2,51,9
10992,120515364,431176,434985,2,1,26/11/2012,1510,3,2,1,2,1,3,1,22,9
10993,120515447,423999,438451,2,1,26/11/2012,1630,6,2,4,2,1,3,1,42,9
10994,120515473,428823,431611,2,2,26/11/2012,1640,1,2,4,2,1,3,1,20,9
10995,120515473,428823,431611,2,2,26/11/2012,1640,1,2,4,2,1,3,1,67,9
10996,120520538,424123,428153,2,2,26/11/2012,2120,3,2,4,2,1,3,2,50,9
10997,120520538,424123,428153,2,2,26/11/2012,2120,3,2,4,2,2,3,2,45,9
10998,120516001,431533,445776,2,1,27/11/2012,550,3,2,6,2,1,3,1,62,9
10999,120516136,433609,433177,1,1,27/11/2012,845,6,1,1,1,3,3,2,2,11
11000,120516264,422481,432191,1,1,27/11/2012,901,6,1,1,1,1,3,1,79,9
11001,120516317,427934,426303,1,1,27/11/2012,1035,3,2,1,1,1,3,1,75,9
11002,120517017,430657,434692,3,3,27/11/2012,1340,3,2,1,1,1,3,2,63,9
11003,120517017,430657,434692,3,3,27/11/2012,1340,3,2,1,1,1,3,1,56,9
11004,120517017,430657,434692,3,3,27/11/2012,1340,3,2,1,1,2,3,2,50,9
11005,120518141,424737,438876,1,1,27/11/2012,1720,6,1,7,1,3,3,2,16,9
11006,120518891,429953,430374,3,4,27/11/2012,2200,6,1,4,1,1,3,1,37,9
11007,120518891,429953,430374,3,4,27/11/2012,2200,6,1,4,1,2,3,2,35,9
11008,120518891,429953,430374,3,4,27/11/2012,2200,6,1,4,1,2,3,2,35,9
11009,120518891,429953,430374,3,4,27/11/2012,2200,6,1,4,1,1,3,1,49,9
11010,120518814,427522,431362,1,1,28/11/2012,1721,3,1,7,1,3,3,2,21,9
11011,120518820,432158,429526,3,2,28/11/2012,1635,1,1,4,1,1,3,1,28,9
11012,120518820,432158,429526,3,2,28/11/2012,1635,1,1,4,1,1,3,1,40,9
11013,120519132,426189,438511,2,3,28/11/2012,2215,6,1,4,1,1,3,2,26,9
11014,120519132,426189,438511,2,3,28/11/2012,2215,6,1,4,1,1,3,1,30,9
11015,120519132,426189,438511,2,3,28/11/2012,2215,6,1,4,1,2,3,1,21,9
11016,120519870,423416,434147,1,1,29/11/2012,1135,6,1,1,1,3,2,1,53,9
11017,120520472,420915,434413,2,1,29/11/2012,1340,3,1,1,1,1,3,2,24,9
11018,120520477,429283,433688,2,1,29/11/2012,1650,2,1,4,1,1,3,1,28,9
11019,120520542,420317,445375,1,1,29/11/2012,1337,6,1,1,1,2,2,2,82,11
11020,120520957,428325,434426,1,1,29/11/2012,2045,6,1,7,1,1,3,1,33,9
11021,120521548,426777,438346,1,1,29/11/2012,930,3,4,1,1,1,2,1,24,4
11022,120541690,428398,434382,2,1,29/11/2012,130,6,1,7,1,1,2,1,42,1
11023,120521097,422615,440122,1,1,30/11/2012,655,6,4,6,1,1,3,2,23,9
11024,120521284,433212,437610,2,1,30/11/2012,840,6,1,1,1,1,3,2,23,9
11025,120521990,423012,437676,2,1,30/11/2012,1448,3,2,1,1,1,3,2,17,9
11026,120522007,419724,442089,1,1,30/11/2012,1550,6,1,4,1,3,3,1,10,9
11027,120522045,430664,434709,2,1,30/11/2012,1610,3,1,4,1,1,2,1,20,1
11028,120522567,441053,432047,2,2,30/11/2012,2233,3,1,4,1,1,3,2,47,9
11029,120522567,441053,432047,2,2,30/11/2012,2233,3,1,4,1,1,3,1,57,9
11030,120522820,435927,437367,2,1,30/11/2012,1520,6,1,1,1,1,3,2,19,4
11031,120523377,431971,435824,2,1,30/11/2012,1935,3,1,7,1,2,3,2,28,8
11032,120527726,436883,436410,2,3,30/11/2012,900,6,4,1,1,1,3,2,21,9
11033,120527726,436883,436410,2,3,30/11/2012,900,6,4,1,1,2,3,1,5,9
11034,120527726,436883,436410,2,3,30/11/2012,900,6,4,1,1,2,3,2,2,9
11035,120522513,429800,433923,1,1,01/12/2012,5,6,1,7,1,3,3,1,20,8
11036,120522517,430798,433278,1,1,01/12/2012,5,3,1,4,1,3,2,1,60,9
11037,120523498,429146,431992,2,2,01/12/2012,1600,6,1,1,1,2,3,1,32,9
11038,120523498,429146,431992,2,2,01/12/2012,1600,6,1,1,1,2,3,2,7,9
11039,120523517,426320,437708,2,1,01/12/2012,1825,6,1,4,1,1,3,2,34,9