Col.Number,Reference.Number,Easting,Northing,Number.of.Vehicles,Number.of.Casualties,Accident.Date,Time..24hr.,X1st.Road.Class,Road.Surface,Lighting.Conditions,Weather.Conditions,Casualty.Class,Casualty.Severity,Sex.of.Casualty,Age.of.Casualty,Type.of.Vehicle
11040,120523598,435933,437366,2,2,01/12/2012,1520,6,1,1,1,2,3,2,17,8
11041,120523598,435933,437366,2,2,01/12/2012,1520,6,1,1,1,2,3,2,41,8
11042,120523771,422915,433579,2,5,01/12/2012,2325,6,1,7,1,1,3,1,53,9
11043,120523771,422915,433579,2,5,01/12/2012,2325,6,1,7,1,2,3,1,31,9
11044,120523771,422915,433579,2,5,01/12/2012,2325,6,1,7,1,2,3,1,32,9
11045,120523771,422915,433579,2,5,01/12/2012,2325,6,1,7,1,2,3,2,27,9
11046,120523771,422915,433579,2,5,01/12/2012,2325,6,1,7,1,2,3,1,31,9
11047,120524024,436717,434097,1,1,01/12/2012,915,6,1,1,1,3,2,2,50,9
11048,120525630,423347,434355,2,1,01/12/2012,1800,6,1,4,1,2,3,2,30,8
11049,120535966,427156,432529,2,1,01/12/2012,945,6,1,1,1,1,3,2,37,9
11050,120539519,433803,434638,2,2,01/12/2012,1600,6,1,1,1,1,3,1,65,9
11051,120539519,433803,434638,2,2,01/12/2012,1600,6,1,1,1,2,3,1,30,9
11052,120524338,428547,434274,1,1,02/12/2012,1726,6,1,7,1,3,3,2,39,9
11053,120525161,440598,426158,1,1,02/12/2012,1930,3,4,4,1,1,3,1,52,9
11054,120525114,440980,437445,1,1,03/12/2012,535,6,4,6,2,1,3,1,47,9
11055,120525130,425911,426233,2,1,03/12/2012,620,1,2,7,2,1,3,1,40,19
11056,120525369,420324,434223,2,1,03/12/2012,900,3,2,1,2,1,3,1,35,9
11057,120525424,436342,430693,2,3,03/12/2012,655,6,4,5,1,1,3,1,44,9
11058,120525424,436342,430693,2,3,03/12/2012,655,6,4,5,1,1,3,1,34,9
11059,120525424,436342,430693,2,3,03/12/2012,655,6,4,5,1,2,3,1,36,9
11060,120526656,423011,437654,2,1,03/12/2012,2318,3,1,7,1,1,3,2,24,9
11061,120527173,422161,433030,2,3,03/12/2012,800,6,1,1,1,1,3,2,27,9
11062,120527173,422161,433030,2,3,03/12/2012,800,6,1,1,1,2,3,1,25,9
11063,120527173,422161,433030,2,3,03/12/2012,800,6,1,1,1,2,3,2,27,9
11064,120527238,420884,434444,2,2,03/12/2012,1320,3,2,1,1,1,3,2,43,9
11065,120527238,420884,434444,2,2,03/12/2012,1320,3,2,1,1,2,3,2,53,21
11066,130024327,431668,437595,2,1,03/12/2012,830,6,1,1,1,1,3,2,35,9
11067,120526720,428372,432881,2,1,04/12/2012,728,4,2,7,1,1,3,1,36,1
11068,120526773,426973,433433,1,1,04/12/2012,820,6,2,1,1,3,3,1,23,9
11069,120527271,432466,438881,2,1,04/12/2012,1425,6,1,1,1,1,3,2,25,3
11070,120529092,428201,434947,2,1,04/12/2012,1915,6,1,4,1,1,3,1,24,9
11071,120528454,428871,432903,2,1,05/12/2012,845,6,1,1,1,1,3,1,29,1
11072,120528682,429835,432151,4,1,05/12/2012,830,1,2,1,1,1,3,1,43,9
11073,120528699,432120,434682,2,1,05/12/2012,910,6,2,1,1,1,3,2,35,9
11074,120528923,426476,433936,3,1,05/12/2012,1148,3,1,1,1,1,3,1,93,9
11075,120529256,431356,433946,2,2,05/12/2012,1505,6,1,1,1,2,3,2,58,11
11076,120529256,431356,433946,2,2,05/12/2012,1505,6,1,1,1,2,3,2,36,11
11077,120529310,424577,435154,2,1,05/12/2012,1614,3,1,1,1,1,3,1,62,9
11078,120529408,430046,430181,2,2,05/12/2012,1830,6,2,4,1,1,3,1,35,3
11079,120529408,430046,430181,2,2,05/12/2012,1830,6,2,4,1,1,3,1,59,9
11080,120529487,431224,434777,2,1,05/12/2012,1920,6,2,4,1,1,3,1,30,1
11081,120529977,424584,435161,1,1,05/12/2012,850,6,1,1,1,2,3,1,4,11
11082,120530293,424124,428184,2,1,05/12/2012,2320,3,1,4,1,1,3,1,27,9
11083,120530866,428882,431608,2,1,06/12/2012,1620,6,1,4,1,1,3,1,39,9
11084,120532470,432391,437593,1,1,06/12/2012,845,6,2,1,1,1,2,1,21,9
11085,120533803,420017,434145,2,1,06/12/2012,1040,3,1,1,1,1,3,2,38,9
11086,120531375,424089,430779,2,1,07/12/2012,620,6,2,4,2,1,3,1,26,9
11087,120531417,428824,432498,2,1,07/12/2012,756,3,1,1,1,1,3,1,28,1
11088,120531611,423200,434666,2,1,07/12/2012,835,4,1,1,1,1,3,1,85,9
11089,120531651,424127,444005,2,1,07/12/2012,730,3,1,7,1,1,3,2,23,9
11090,120531738,428232,440378,2,3,07/12/2012,950,6,2,1,1,1,3,1,33,9
11091,120531738,428232,440378,2,3,07/12/2012,950,6,2,1,1,1,3,2,33,9
11092,120531738,428232,440378,2,3,07/12/2012,950,6,2,1,1,2,3,2,31,9
11093,120531887,428092,432879,2,1,07/12/2012,1130,6,1,1,1,1,3,2,72,9
11094,120532553,420509,440227,2,1,07/12/2012,1849,3,2,4,1,1,2,1,45,1
11095,120532578,427733,429977,1,1,07/12/2012,1555,3,1,1,1,3,3,1,19,9
11096,120532588,427497,425517,2,6,07/12/2012,1747,3,1,4,1,1,3,1,26,9
11097,120532588,427497,425517,2,6,07/12/2012,1747,3,1,4,1,2,3,2,13,9
11098,120532588,427497,425517,2,6,07/12/2012,1747,3,1,4,1,2,3,2,31,9
11099,120532588,427497,425517,2,6,07/12/2012,1747,3,1,4,1,2,2,2,34,9
11100,120532588,427497,425517,2,6,07/12/2012,1747,3,1,4,1,2,3,2,14,9
11101,120532588,427497,425517,2,6,07/12/2012,1747,3,1,4,1,1,3,1,48,9
11102,120532843,429983,434064,1,1,07/12/2012,2315,6,1,4,1,3,3,1,22,9
11103,120532911,436919,429091,1,1,07/12/2012,2310,3,2,4,1,1,3,1,44,10
11104,120533240,432525,427554,3,2,07/12/2012,1009,3,1,1,1,1,3,2,33,9
11105,120533240,432525,427554,3,2,07/12/2012,1009,3,1,1,1,2,3,1,35,9
11106,120533467,432179,435624,2,1,07/12/2012,1500,6,1,1,1,1,3,1,32,9
11107,120533746,425973,435573,2,1,07/12/2012,1818,4,1,7,1,2,3,2,27,9
11108,120533571,428717,435613,2,1,08/12/2012,1340,3,1,1,1,1,3,2,24,1
11109,120535924,430142,433764,1,1,08/12/2012,1340,6,1,1,1,3,3,2,49,9
11110,120534836,429795,433796,2,1,09/12/2012,1040,6,1,1,1,2,3,2,24,9
11111,120535837,429985,433396,1,1,09/12/2012,30,6,1,7,1,3,2,1,23,9
11112,120536174,424093,427944,2,1,10/12/2012,1025,1,1,1,1,1,3,1,52,9
11113,120536698,428484,434447,2,1,10/12/2012,1530,6,1,1,1,1,3,1,24,9
11114,120538464,426515,435655,2,1,10/12/2012,2250,4,1,4,1,1,3,2,26,9
11115,120537759,430736,424544,2,4,11/12/2012,1309,3,2,1,1,1,3,2,47,9
11116,120537759,430736,424544,2,4,11/12/2012,1309,3,2,1,1,1,3,1,56,19
11117,120537759,430736,424544,2,4,11/12/2012,1309,3,2,1,1,2,3,2,23,9
11118,120537759,430736,424544,2,4,11/12/2012,1309,3,2,1,1,2,3,2,43,9
11119,120537762,427713,436422,1,1,11/12/2012,907,6,1,1,1,2,3,2,30,9
11120,120537774,423036,435903,1,1,11/12/2012,810,3,1,1,1,3,3,1,11,9
11121,120538313,420766,441173,1,1,11/12/2012,1335,6,1,1,1,3,3,1,95,9
11122,120538355,430268,434452,2,1,11/12/2012,1735,3,1,7,1,1,3,1,41,1
11123,120538491,428961,429870,2,1,11/12/2012,1730,3,2,4,8,1,3,1,23,9
11124,120538501,425095,434944,2,1,11/12/2012,1935,6,1,7,1,1,3,1,20,2
11125,120538720,432486,434003,1,1,11/12/2012,2320,6,4,4,8,1,3,1,51,1
11126,120539479,431359,433946,2,3,12/12/2012,1210,6,2,1,1,1,3,1,42,19
11127,120539479,431359,433946,2,3,12/12/2012,1210,6,2,1,1,1,3,2,38,11
11128,120539479,431359,433946,2,3,12/12/2012,1210,6,2,1,1,2,3,2,54,11
11129,120539521,431887,435687,1,1,12/12/2012,1120,6,1,1,1,3,3,2,36,9
11130,120539728,424928,427640,5,3,12/12/2012,1436,3,2,1,1,1,3,1,47,9
11131,120539728,424928,427640,5,3,12/12/2012,1436,3,2,1,1,1,3,2,21,9
11132,120539728,424928,427640,5,3,12/12/2012,1436,3,2,1,1,1,3,1,34,90
11133,120539989,427195,433519,2,2,12/12/2012,1730,6,2,4,1,1,3,1,46,9
11134,120539989,427195,433519,2,2,12/12/2012,1730,6,2,4,1,1,3,1,35,9
11135,120540529,423045,437647,2,1,13/12/2012,735,3,1,7,1,1,3,1,39,1
11136,120540548,421247,435538,2,2,13/12/2012,655,3,2,4,7,1,3,1,52,9
11137,120540548,421247,435538,2,2,13/12/2012,655,3,2,4,7,1,3,2,41,9
11138,120541633,427605,434628,2,1,13/12/2012,1800,6,1,7,1,1,3,1,52,9
11139,120541698,429305,433678,3,2,13/12/2012,2040,2,1,7,1,1,3,1,40,9
11140,120541698,429305,433678,3,2,13/12/2012,2040,2,1,7,1,1,3,1,31,9
11141,120542951,434695,436727,2,2,13/12/2012,1515,6,2,1,7,1,3,2,29,9
11142,120542951,434695,436727,2,2,13/12/2012,1515,6,2,1,7,2,3,2,8,9
11143,120543009,431888,430494,2,1,13/12/2012,1625,1,1,1,1,1,3,2,41,9
11144,120541911,431245,433689,4,1,14/12/2012,35,2,1,7,1,1,3,1,32,9
11145,120542020,432998,435278,2,1,14/12/2012,745,6,2,1,1,1,3,1,41,9
11146,120542052,441067,445546,1,1,14/12/2012,645,2,2,7,1,1,3,1,36,9
11147,120542062,441067,445546,2,1,14/12/2012,645,2,4,7,1,1,3,1,35,9
11148,120542068,420807,441110,1,1,14/12/2012,915,6,1,1,1,3,3,1,25,9
11149,120542287,440907,447785,9,3,14/12/2012,500,2,4,6,8,1,3,1,30,19
11150,120542287,440907,447785,9,3,14/12/2012,500,2,4,6,8,2,3,1,41,19
11151,120542287,440907,447785,9,3,14/12/2012,500,2,4,6,8,1,3,1,46,9
11152,120542604,432354,426920,1,1,14/12/2012,435,1,4,4,2,1,3,1,34,9
11153,120542826,427502,433806,3,1,14/12/2012,1723,6,1,7,1,1,3,1,42,9
11154,120542901,430253,433229,2,1,14/12/2012,1605,6,1,1,1,2,3,2,62,8
11155,120542995,429479,432038,3,1,14/12/2012,1915,1,2,4,2,1,3,2,48,9
11156,120543196,432680,439360,1,1,14/12/2012,2245,3,2,4,1,2,2,1,21,9
11157,120545548,429157,431835,3,2,14/12/2012,1940,1,2,4,1,1,3,2,40,9
11158,120545548,429157,431835,3,2,14/12/2012,1940,1,2,4,1,2,3,2,9,9
11159,120543700,425458,432855,2,1,15/12/2012,935,3,1,1,1,1,3,1,38,9
11160,120544422,436099,435596,1,1,15/12/2012,1615,3,2,4,1,1,3,1,74,9
11161,120544708,425643,432996,2,1,15/12/2012,2348,6,1,7,1,2,3,1,21,9
11162,120553805,428748,434071,2,1,15/12/2012,1555,6,1,1,1,1,3,1,27,9
11163,120545180,431530,433067,1,1,16/12/2012,1225,6,2,1,1,1,3,2,45,9
11164,120545685,430241,433398,1,1,16/12/2012,350,6,1,7,1,3,3,2,25,9
11165,120545712,421454,433282,1,1,16/12/2012,1640,6,1,4,1,3,3,1,14,9
11166,120545766,430477,432850,2,1,16/12/2012,1545,3,2,4,1,1,3,1,57,9
11167,120545842,430325,433290,1,1,16/12/2012,308,6,1,7,1,3,2,1,18,9
11168,120546120,429728,427358,2,1,16/12/2012,1255,6,1,1,1,1,3,1,45,3
11169,120546761,427517,440657,2,2,16/12/2012,1445,6,2,1,1,2,3,1,7,9
11170,120546761,427517,440657,2,2,16/12/2012,1445,6,2,1,1,2,3,1,12,9
11171,120545912,427950,426477,2,1,17/12/2012,30,3,2,4,1,2,3,1,49,9
11172,120547883,426918,439557,2,1,18/12/2012,730,3,1,7,1,2,3,2,20,9
11173,120548703,432065,436086,3,1,18/12/2012,1530,6,2,1,1,1,3,2,48,9
11174,120549240,429815,433404,2,1,18/12/2012,1312,6,2,1,1,3,3,1,18,9
11175,120549337,426339,439200,1,1,18/12/2012,750,6,2,4,1,1,3,1,28,9
11176,120549830,429970,435046,1,2,18/12/2012,1550,6,1,1,1,2,3,1,3,11
11177,120549830,429970,435046,1,2,18/12/2012,1550,6,1,1,1,2,3,2,11,11
11178,120550322,419578,445131,2,1,18/12/2012,1640,3,2,4,1,1,3,2,45,9
11179,120551110,434356,428201,1,1,18/12/2012,1740,6,1,7,1,3,3,1,9,9
11180,120549758,430859,434153,1,1,19/12/2012,835,3,1,1,1,3,3,1,17,9
11181,120550395,436310,435750,2,2,19/12/2012,1615,6,2,4,1,1,3,2,17,9
11182,120550395,436310,435750,2,2,19/12/2012,1615,6,2,4,1,2,3,1,19,9
11183,120550413,427916,436605,1,1,19/12/2012,1120,4,2,1,5,2,3,1,64,11
11184,120550470,426801,438034,2,1,19/12/2012,1736,3,2,4,2,1,2,1,55,4
11185,120550571,434853,428432,1,1,19/12/2012,1800,6,2,4,2,1,2,1,78,9
11186,120550620,442170,434550,1,1,19/12/2012,2040,1,2,6,5,1,3,2,58,9
11187,120550787,428043,427808,1,4,20/12/2012,15,4,2,4,2,1,3,1,27,9
11188,120550787,428043,427808,1,4,20/12/2012,15,4,2,4,2,2,3,1,23,9
11189,120550787,428043,427808,1,4,20/12/2012,15,4,2,4,2,2,3,1,24,9
11190,120550787,428043,427808,1,4,20/12/2012,15,4,2,4,2,2,3,1,20,9
11191,120550961,426976,432309,2,1,20/12/2012,645,6,2,4,2,1,3,1,28,1
11192,120551079,429053,435489,1,1,20/12/2012,825,6,2,4,2,3,3,2,13,9
11193,120551667,419088,441936,1,1,20/12/2012,1015,3,2,1,2,3,3,2,68,9
11194,120551682,442550,447858,2,1,20/12/2012,1410,6,2,1,2,1,2,1,55,9
11195,120551822,430104,431745,1,1,20/12/2012,1512,6,2,1,1,3,3,2,13,9
11196,120552030,431299,434128,1,1,20/12/2012,1820,6,1,7,1,3,2,1,19,9
11197,120552143,428280,429619,2,1,20/12/2012,1800,3,2,4,2,1,3,1,30,9
11198,120552363,428961,433692,4,3,20/12/2012,2318,3,1,7,1,1,3,1,43,9
11199,120552363,428961,433692,4,3,20/12/2012,2318,3,1,7,1,2,3,2,56,9
11200,120552363,428961,433692,4,3,20/12/2012,2318,3,1,7,1,2,3,1,23,9
11201,120552874,439300,432418,2,1,20/12/2012,1800,3,1,7,1,1,3,2,41,9
11202,120552963,430099,431466,2,1,20/12/2012,1345,3,1,1,1,1,3,2,22,1
11203,120552536,431419,434085,2,1,21/12/2012,800,6,1,1,1,1,3,1,35,3
11204,120552752,430313,435991,1,1,21/12/2012,745,3,1,1,1,3,2,2,11,9
11205,120552876,428707,433140,3,2,21/12/2012,1300,3,1,1,1,1,3,2,49,9
11206,120552876,428707,433140,3,2,21/12/2012,1300,3,1,1,1,1,3,2,33,9
11207,120553018,425651,433234,2,2,21/12/2012,1112,6,1,1,1,2,3,2,61,8
11208,120553018,425651,433234,2,2,21/12/2012,1112,6,1,1,1,2,3,1,24,8
11209,120553134,433109,425916,2,1,21/12/2012,730,1,2,4,2,1,3,1,25,9
11210,120553376,421157,444944,2,2,21/12/2012,1407,3,2,1,1,1,3,2,73,9
11211,120553376,421157,444944,2,2,21/12/2012,1407,3,2,1,1,2,3,1,80,17
11212,120553384,430100,431544,1,1,21/12/2012,1345,3,2,1,1,3,3,2,43,9
11213,120553485,433448,434803,2,1,21/12/2012,1555,6,2,1,1,1,3,1,12,1
11214,120553801,425709,435403,2,1,21/12/2012,2120,6,1,4,1,1,3,1,19,2
11215,120553815,430242,433217,1,1,21/12/2012,2220,6,1,4,1,3,2,1,31,9
11216,120554442,424184,433968,1,1,22/12/2012,800,3,2,1,2,1,3,1,34,19
11217,120554538,425886,429879,2,2,22/12/2012,1245,3,5,1,2,1,3,2,21,9
11218,120554538,425886,429879,2,2,22/12/2012,1245,3,5,1,2,1,3,1,54,9
11219,120554976,424514,435624,2,1,22/12/2012,1745,6,2,4,2,1,3,1,18,3
11220,120555117,434140,433881,2,2,22/12/2012,1930,6,2,4,2,1,3,1,42,9
11221,120555117,434140,433881,2,2,22/12/2012,1930,6,2,4,2,2,3,2,47,9
11222,120555690,436914,433618,2,1,22/12/2012,1935,3,1,7,1,1,3,2,67,3
11223,120557192,437031,435293,1,1,22/12/2012,415,6,2,4,2,3,3,2,21,8
11224,120557339,427710,431041,2,2,24/12/2012,1410,1,1,1,1,1,3,1,44,9
11225,120557339,427710,431041,2,2,24/12/2012,1410,1,1,1,1,1,3,1,43,9
11226,120557374,431887,435513,2,1,24/12/2012,1950,6,1,7,1,2,3,1,30,9
11227,120557569,420530,440558,1,1,24/12/2012,2230,6,2,4,1,3,2,2,67,9
11228,120559283,435721,428974,2,1,24/12/2012,1308,6,1,1,1,1,3,2,30,9
11229,120559322,423749,435648,1,2,24/12/2012,1045,3,2,1,2,1,3,2,17,9
11230,120559322,423749,435648,1,2,24/12/2012,1045,3,2,1,2,2,3,1,51,9
11231,120560099,427174,435295,2,2,24/12/2012,135,6,1,4,1,1,3,1,25,9
11232,120560099,427174,435295,2,2,24/12/2012,135,6,1,4,1,2,3,2,19,9
11233,130031517,430476,435601,2,1,24/12/2012,2050,3,2,4,1,1,3,1,26,9
11234,120557987,427233,430508,1,2,25/12/2012,1200,6,2,1,1,1,3,1,19,9
11235,120557987,427233,430508,1,2,25/12/2012,1200,6,2,1,1,2,3,2,21,9
11236,120558095,431885,435068,3,1,26/12/2012,42,6,1,7,1,2,3,2,27,9
11237,120558142,430987,433512,1,1,26/12/2012,500,6,1,7,1,3,3,1,21,9
11238,120558590,425027,435114,1,2,26/12/2012,1935,6,1,7,1,1,3,1,18,9
11239,120558590,425027,435114,1,2,26/12/2012,1935,6,1,7,1,2,3,1,19,9
11240,120559202,419913,441054,2,2,27/12/2012,1100,3,1,1,1,1,3,1,42,9
11241,120559202,419913,441054,2,2,27/12/2012,1100,3,1,1,1,1,3,2,30,9
11242,120559644,430388,433607,1,1,27/12/2012,1138,6,1,1,1,3,3,2,27,9
11243,120560892,432446,434846,1,1,28/12/2012,1625,6,2,4,2,3,3,1,9,9
11244,120561372,432741,433884,1,2,28/12/2012,1148,3,1,1,1,3,3,2,10,9
11245,120561372,432741,433884,1,2,28/12/2012,1148,3,1,1,1,3,2,2,42,9
11246,120562510,430623,433238,1,1,30/12/2012,310,6,1,7,1,3,3,1,43,9
11247,120563061,428046,434303,3,2,30/12/2012,1444,3,1,1,1,1,3,2,34,9
11248,120563061,428046,434303,3,2,30/12/2012,1444,3,1,1,1,1,3,2,32,9
11249,130001630,440429,433559,1,1,30/12/2012,1250,3,2,1,1,3,2,1,53,9
11250,120564262,436966,433615,3,3,31/12/2012,1505,3,1,1,1,1,3,2,58,9
11251,120564262,436966,433615,3,3,31/12/2012,1505,3,1,1,1,1,3,2,70,9
11252,120564262,436966,433615,3,3,31/12/2012,1505,3,1,1,1,2,3,1,42,9
11253,120564293,431973,433594,1,1,31/12/2012,1615,3,2,1,1,2,3,2,81,11
11254,120564333,430186,433934,1,1,31/12/2012,1713,6,2,7,1,3,3,1,33,9
11255,120564495,431894,434920,1,1,31/12/2012,1940,6,2,4,1,3,3,1,13,9
11256,130000038,426294,426829,2,1,31/12/2012,2335,6,1,7,1,1,3,1,32,9
11257,130021591,426983,433434,3,1,15/01/2013,1545,6,1,1,1,1,3,1,42,9
11258,130021629,424366,445442,2,1,15/01/2013,1640,3,4,4,8,2,3,2,78,9
11259,130021704,424481,435632,2,1,13/01/2013,1345,6,2,1,1,1,2,1,34,4
11260,130022047,430284,432421,1,1,15/01/2013,1313,6,1,1,1,3,3,1,47,9
11261,130023385,430374,433485,1,1,16/01/2013,2015,6,1,4,1,2,2,1,65,11
11262,130023395,429794,433923,2,2,16/01/2013,2100,6,2,4,4,1,3,1,30,9
11263,130023395,429794,433923,2,2,16/01/2013,2100,6,2,4,4,1,3,2,32,9
11264,130023631,433157,435244,2,3,16/01/2013,1305,6,1,1,1,1,3,1,26,9
11265,130023631,433157,435244,2,3,16/01/2013,1305,6,1,1,1,1,3,1,70,9
11266,130023631,433157,435244,2,3,16/01/2013,1305,6,1,1,1,2,3,2,60,9
11267,130024157,436252,435822,2,1,16/01/2013,1630,6,1,1,1,1,3,1,39,9
11268,130025429,425888,429880,2,1,18/01/2013,710,3,1,7,1,1,3,1,35,1
11269,130025839,434857,428434,1,1,18/01/2013,1250,6,4,1,1,1,3,1,82,9
11270,130026506,430877,433880,1,2,18/01/2013,2100,6,3,4,3,1,3,1,27,9
11271,130026506,430877,433880,1,2,18/01/2013,2100,6,3,4,3,2,3,1,20,9
11272,130028329,434813,427913,1,3,20/01/2013,1,6,4,7,1,1,3,1,25,9
11273,130028329,434813,427913,1,3,20/01/2013,1,6,4,7,1,2,3,2,38,9
11274,130028329,434813,427913,1,3,20/01/2013,1,6,4,7,1,2,3,2,27,9
11275,130028445,424128,444004,2,1,20/01/2013,1044,3,4,1,1,1,3,1,35,1
11276,130029418,431857,437833,1,1,19/01/2013,1350,6,1,1,1,3,3,2,42,9
11277,130029491,426701,429825,1,2,21/01/2013,1151,1,2,1,1,2,3,2,27,9
11278,130029491,426701,429825,1,2,21/01/2013,1151,1,2,1,1,2,3,1,1,9
11279,130029972,420668,440755,3,1,21/01/2013,1539,6,3,1,1,1,3,1,29,9
11280,130030230,426510,433865,2,1,21/01/2013,2125,6,3,7,1,1,3,2,35,9
11281,130031334,418962,446446,1,1,22/01/2013,1615,6,2,1,1,3,3,1,8,9
11282,130031371,431481,435005,7,3,22/01/2013,1430,6,3,1,1,1,3,1,33,9
11283,09G1050,430995,424606,2,1,16/09/2013,1535,1,1,1,9,1,3,1,65,9
11284,0A41585,432227,427060,1,2,04/10/2013,1942,1,1,4,1,1,3,1,56,9
11285,0A41585,432227,427060,1,2,04/10/2013,1942,1,1,4,1,2,3,2,52,9
11286,0AB0817,431911,428150,3,2,11/10/2013,1404,1,1,1,8,1,3,1,39,9
11287,0AB0817,431911,428150,3,2,11/10/2013,1404,1,1,1,8,1,2,1,38,9
11288,0AB1477,425435,426520,2,1,11/10/2013,1530,1,1,1,1,1,3,2,46,9
11289,0AF0559,429793,432118,3,3,15/10/2013,1215,1,1,1,1,1,3,2,19,9
11290,0AF0559,429793,432118,3,3,15/10/2013,1215,1,1,1,1,1,3,2,19,9
11291,0AF0559,429793,432118,3,3,15/10/2013,1215,1,1,1,1,1,3,1,43,19
11292,0AG0289,429139,431822,3,1,16/10/2013,825,1,1,1,1,1,3,2,61,9
11293,0AJ1683,430015,432122,1,1,19/10/2013,2015,1,2,4,2,2,3,2,23,9
11294,0AM0676,432244,426028,2,3,22/10/2013,1240,1,2,1,8,1,1,1,65,9
11295,0AM0676,432244,426028,2,3,22/10/2013,1240,1,2,1,8,2,2,2,67,9
11296,0AM0676,432244,426028,2,3,22/10/2013,1240,1,2,1,8,1,3,1,28,19
11297,0AP0717,429951,432118,2,1,25/10/2013,745,1,2,1,2,1,3,1,38,5
11298,0AR0889,429185,431932,2,1,27/10/2013,1147,6,2,1,4,1,3,2,27,9
11299,0BB1414,430678,430577,2,1,11/11/2013,1805,1,1,4,1,1,3,2,55,9
11300,0BD0401,424090,428088,3,2,13/11/2013,1018,1,1,1,1,1,3,2,41,9
11301,0BD0401,424090,428088,3,2,13/11/2013,1018,1,1,1,1,1,3,1,30,9
11302,0C61050,430391,424216,3,2,06/12/2013,2126,1,1,1,1,1,3,2,58,9
11303,0C61050,430391,424216,3,2,06/12/2013,2126,1,1,1,1,1,3,1,28,9
11304,0C90374,432294,426168,2,1,09/12/2013,945,1,1,1,1,1,3,2,34,19
11305,0CD1149,430693,424510,2,1,13/12/2013,1700,3,2,4,2,1,3,1,34,9
11306,0CJ0503,434891,425881,4,2,19/12/2013,1135,1,1,1,1,1,3,1,28,9
11307,0CJ0503,434891,425881,4,2,19/12/2013,1135,1,1,1,1,1,3,1,41,9
11308,0CK0961,429848,432292,3,1,20/12/2013,1515,1,2,1,5,1,3,1,59,9
11309,0CL0053,431849,430432,1,1,21/12/2013,15,1,2,4,8,1,2,1,44,9
11310,0CU1531,430547,431510,1,4,30/12/2013,2327,1,2,4,1,1,3,1,38,9
11311,0CU1531,430547,431510,1,4,30/12/2013,2327,1,2,4,1,2,3,1,35,9
11312,0CU1531,430547,431510,1,4,30/12/2013,2327,1,2,4,1,2,2,2,33,9
11313,0CU1531,430547,431510,1,4,30/12/2013,2327,1,2,4,1,2,3,2,30,9
11314,130000155,431914,432891,1,1,01/01/2013,105,6,2,4,1,3,3,1,19,8
11315,130000503,434299,433794,1,2,01/01/2013,938,3,2,1,1,1,2,1,27,9
11316,130000503,434299,433794,1,2,01/01/2013,938,3,2,1,1,2,2,1,28,9
11317,130000846,427131,431591,1,3,01/01/2013,1518,3,1,1,1,2,2,1,26,9
11318,130000846,427131,431591,1,3,01/01/2013,1518,3,1,1,1,2,2,1,17,9
11319,130000846,427131,431591,1,3,01/01/2013,1518,3,1,1,1,2,2,1,27,9
11320,130002193,431940,435674,1,1,02/01/2013,1545,6,1,1,1,3,3,2,28,9
11321,130002211,430894,433377,2,1,02/01/2013,1600,3,2,4,1,2,3,2,20,9
11322,130002813,431827,441776,2,2,03/01/2013,520,3,2,6,2,1,3,1,45,9
11323,130002813,431827,441776,2,2,03/01/2013,520,3,2,6,2,1,3,1,48,9
11324,130003232,435312,435027,1,1,02/01/2013,1414,6,1,1,1,3,2,2,7,9
11325,130003700,431346,435145,2,1,03/01/2013,1700,6,2,4,2,1,3,1,48,1
11326,130003864,432732,430406,3,1,03/01/2013,1702,4,1,7,1,1,3,2,22,9
11327,130004013,435102,433493,2,1,03/01/2013,1928,3,2,4,1,1,3,2,31,9
11328,130004392,427367,431028,2,1,04/01/2013,700,6,1,7,1,1,2,1,27,20
11329,130004690,435001,438398,2,3,04/01/2013,1140,3,2,1,1,1,3,1,79,9
11330,130004690,435001,438398,2,3,04/01/2013,1140,3,2,1,1,1,3,1,49,19
11331,130004690,435001,438398,2,3,04/01/2013,1140,3,2,1,1,2,3,2,81,9
11332,130004706,427192,439170,2,1,04/01/2013,950,6,2,1,1,1,3,1,37,9
11333,130005099,424460,439070,2,1,04/01/2013,1417,6,2,1,1,1,2,1,67,19
11334,130005175,424232,428230,2,1,04/01/2013,1520,3,1,1,1,1,3,1,35,9
11335,130005214,420808,434738,1,1,04/01/2013,1405,6,1,1,1,2,2,2,83,11
11336,130006917,433461,428999,2,1,05/01/2013,1737,6,1,4,1,1,1,1,17,5
11337,130007118,428097,434518,2,1,06/01/2013,125,6,1,7,1,1,3,1,33,9
11338,130007577,420484,434298,3,1,06/01/2013,1230,3,1,1,1,1,3,1,75,9
11339,130007710,440607,432088,4,2,06/01/2013,1345,3,1,1,1,1,2,1,26,5
11340,130007710,440607,432088,4,2,06/01/2013,1345,3,1,1,1,2,3,2,31,5
11341,130007898,429154,429904,2,1,06/01/2013,1730,6,1,4,1,1,3,2,20,2