Col.Number,Reference.Number,Easting,Northing,Number.of.Vehicles,Number.of.Casualties,Accident.Date,Time..24hr.,X1st.Road.Class,Road.Surface,Lighting.Conditions,Weather.Conditions,Casualty.Class,Casualty.Severity,Sex.of.Casualty,Age.of.Casualty,Type.of.Vehicle
11944,130156332,430794,433460,1,1,15/04/2013,1608,3,1,1,4,2,3,2,27,10
11945,130156364,421918,432965,2,2,15/04/2013,1638,4,1,1,1,1,3,2,32,9
11946,130156364,421918,432965,2,2,15/04/2013,1638,4,1,1,1,1,3,1,50,9
11947,130156398,433844,434056,2,2,15/04/2013,1536,3,1,1,1,1,3,2,19,9
11948,130156398,433844,434056,2,2,15/04/2013,1536,3,1,1,1,2,3,1,32,9
11949,130157270,430798,433447,1,1,14/04/2013,430,3,1,4,1,3,2,1,19,9
11950,130157394,428199,435024,2,1,15/04/2013,1030,6,1,1,1,1,3,1,29,9
11951,130157401,426020,427776,2,1,13/04/2013,1140,6,1,1,1,1,3,1,43,9
11952,130157729,430431,433862,2,1,16/04/2013,1625,6,1,1,1,2,3,2,9,9
11953,130157810,429519,434863,2,1,16/04/2013,1610,3,1,1,4,2,3,2,42,11
11954,130158892,427474,426329,2,1,16/04/2013,1415,1,1,1,4,1,3,2,21,9
11955,130159263,432071,433350,2,1,16/04/2013,2030,6,1,7,1,1,3,1,15,1
11956,130159405,428906,435510,2,1,17/04/2013,1750,3,1,7,1,1,3,1,42,1
11957,130159701,430287,425101,2,1,17/04/2013,2125,3,1,7,4,1,3,1,19,9
11958,130159741,424153,434668,3,1,17/04/2013,2110,6,1,4,4,1,2,1,37,3
11959,130159924,428376,434054,2,1,18/04/2013,633,3,2,7,5,1,3,1,35,1
11960,130160003,436858,433637,2,1,18/04/2013,750,3,1,1,1,1,3,1,25,9
11961,130160028,428432,428629,3,2,18/04/2013,725,3,2,7,1,1,3,1,27,9
11962,130160028,428432,428629,3,2,18/04/2013,725,3,2,7,1,1,3,2,24,9
11963,130160077,431415,441326,2,1,18/04/2013,858,3,1,1,1,1,3,2,30,9
11964,130161006,439176,432448,2,1,18/04/2013,1800,3,1,7,1,1,3,2,37,4
11965,130161021,430937,433968,2,3,18/04/2013,1720,6,1,7,1,1,3,2,34,9
11966,130161021,430937,433968,2,3,18/04/2013,1720,6,1,7,1,2,3,1,27,9
11967,130161021,430937,433968,2,3,18/04/2013,1720,6,1,7,1,2,3,2,23,9
11968,130161062,429149,433851,2,1,18/04/2013,1709,6,1,7,1,1,3,1,26,3
11969,130161597,431085,440491,2,1,19/04/2013,800,3,1,1,1,1,3,1,61,9
11970,130161818,428993,429895,1,1,19/04/2013,1010,3,1,1,1,3,3,1,47,9
11971,130161953,431132,431913,2,1,19/04/2013,830,3,2,1,1,1,3,2,22,9
11972,130162402,436487,437136,3,1,19/04/2013,1340,3,1,1,1,1,3,2,79,9
11973,130162568,432147,436121,2,1,19/04/2013,1345,6,1,1,1,1,3,1,64,9
11974,130162663,422445,428348,3,2,19/04/2013,1842,6,1,7,1,1,3,2,26,9
11975,130162663,422445,428348,3,2,19/04/2013,1842,6,1,7,1,1,3,2,46,9
11976,130162702,423524,437385,2,1,19/04/2013,1916,6,1,7,1,1,3,1,29,1
11977,130163137,435498,425921,2,1,19/04/2013,1335,1,1,1,1,1,3,1,45,9
11978,130164069,427936,436131,2,1,20/04/2013,1911,3,1,7,1,1,3,1,21,1
11979,130164328,427891,434380,1,1,20/04/2013,2125,3,1,4,1,3,3,1,21,9
11980,130164453,429500,435408,1,1,21/04/2013,350,6,1,4,1,1,3,2,23,9
11981,130164488,423474,434030,2,1,20/04/2013,1104,6,1,1,1,1,3,2,18,3
11982,130165089,417961,444522,3,3,21/04/2013,1508,3,1,1,1,1,3,2,62,9
11983,130165089,417961,444522,3,3,21/04/2013,1508,3,1,1,1,1,3,2,51,9
11984,130165089,417961,444522,3,3,21/04/2013,1508,3,1,1,1,2,3,2,24,9
11985,130165216,440977,431352,2,1,21/04/2013,1740,4,1,7,1,1,3,1,32,1
11986,130165302,423259,437521,2,3,21/04/2013,1820,3,1,7,1,1,1,2,70,9
11987,130165302,423259,437521,2,3,21/04/2013,1820,3,1,7,1,2,3,1,79,9
11988,130165302,423259,437521,2,3,21/04/2013,1820,3,1,7,1,2,3,2,37,9
11989,130165425,433303,425958,2,1,21/04/2013,1741,3,1,7,1,3,3,1,17,9
11990,130165702,429720,423490,1,1,21/04/2013,1329,1,1,1,1,1,3,1,43,9
11991,130166158,434828,438008,2,1,22/04/2013,750,3,1,1,1,1,3,1,35,1
11992,130166603,431019,433800,2,1,22/04/2013,1540,6,1,1,1,2,3,2,55,9
11993,130166800,443101,440637,2,1,22/04/2013,1813,2,1,7,1,1,3,2,24,9
11994,130166866,424247,433950,2,1,22/04/2013,1900,3,1,7,1,1,3,2,27,9
11995,130167265,428544,434269,2,4,22/04/2013,2045,6,1,7,1,1,3,1,22,9
11996,130167265,428544,434269,2,4,22/04/2013,2045,6,1,7,1,1,3,1,27,9
11997,130167265,428544,434269,2,4,22/04/2013,2045,6,1,7,1,2,3,1,22,9
11998,130167265,428544,434269,2,4,22/04/2013,2045,6,1,7,1,2,3,2,25,9
11999,130167641,435942,433594,2,2,23/04/2013,824,3,1,1,1,1,3,2,45,9
12000,130167641,435942,433594,2,2,23/04/2013,824,3,1,1,1,1,3,1,20,9
12001,130167747,428796,435573,2,1,22/04/2013,1400,3,1,1,1,1,3,1,19,1
12002,130167846,432189,445000,2,2,22/04/2013,714,3,1,7,1,1,3,1,41,3
12003,130167846,432189,445000,2,2,22/04/2013,714,3,1,7,1,1,3,1,51,4
12004,130168044,431786,435001,1,1,23/04/2013,1311,6,1,1,1,3,2,1,27,9
12005,130168327,431975,433594,2,2,23/04/2013,1555,3,1,1,1,2,3,2,71,11
12006,130168327,431975,433594,2,2,23/04/2013,1555,3,1,1,1,2,3,1,72,11
12007,130168368,427154,432527,2,1,23/04/2013,1522,6,1,1,1,1,3,2,45,9
12008,130168485,427793,434428,2,1,23/04/2013,1800,3,1,7,1,1,3,1,29,4
12009,130168519,435082,432669,1,2,22/04/2013,2145,6,1,6,1,1,3,2,18,9
12010,130168519,435082,432669,1,2,22/04/2013,2145,6,1,6,1,2,3,2,18,9
12011,130169220,426321,428140,1,1,23/04/2013,1126,6,1,1,1,2,3,2,65,11
12012,130169996,429169,431938,2,1,24/04/2013,1615,6,1,1,1,2,3,2,88,9
12013,130170048,426229,431779,2,1,24/04/2013,1810,6,1,7,1,1,3,1,27,9
12014,130170211,429600,434675,1,2,24/04/2013,2038,3,1,7,1,1,3,1,28,11
12015,130170211,429600,434675,1,2,24/04/2013,2038,3,1,7,1,3,3,1,25,11
12016,130170247,434811,425880,2,1,24/04/2013,1445,1,1,1,1,1,3,2,45,9
12017,130170534,430892,436563,2,1,23/04/2013,1055,3,1,1,1,1,3,1,39,1
12018,130171301,430766,435229,1,1,25/04/2013,1300,6,1,1,1,2,3,1,67,11
12019,130171525,421116,434852,2,1,19/04/2013,1600,6,1,1,1,2,3,2,15,9
12020,130171674,420769,440206,2,1,24/04/2013,1735,6,1,7,1,1,3,1,37,1
12021,130171848,428584,427864,1,1,24/04/2013,2048,3,1,7,1,1,3,1,22,9
12022,130171991,420187,443054,1,1,24/04/2013,2125,6,1,7,1,1,3,1,19,9
12023,130172169,430148,432839,2,1,25/04/2013,2115,3,1,4,1,1,3,1,39,9
12024,130172520,431087,430291,3,1,26/04/2013,845,6,1,1,1,2,3,1,23,9
12025,130172737,442188,445533,1,1,25/04/2013,1530,6,1,1,1,3,3,1,47,9
12026,130172882,433671,429617,2,1,26/04/2013,1310,3,1,1,1,1,3,1,57,5
12027,130172906,430831,435501,2,1,26/04/2013,1200,6,1,1,1,1,3,2,45,9
12028,130173096,430422,433331,2,1,27/04/2013,322,6,1,7,1,2,3,1,20,9
12029,130173269,431410,426460,3,2,26/04/2013,1623,1,1,1,1,1,3,2,20,9
12030,130173269,431410,426460,3,2,26/04/2013,1623,1,1,1,1,1,3,1,37,9
12031,130173508,428189,434479,2,1,26/04/2013,1513,6,1,1,1,1,3,1,61,9
12032,130174210,440880,432083,2,1,27/04/2013,1000,3,2,1,1,1,3,1,41,1
12033,130174228,420326,445614,2,3,27/04/2013,1020,6,2,1,2,1,3,1,67,9
12034,130174228,420326,445614,2,3,27/04/2013,1020,6,2,1,2,1,3,2,46,5
12035,130174228,420326,445614,2,3,27/04/2013,1020,6,2,1,2,2,3,2,69,9
12036,130174271,429416,433838,2,2,24/04/2013,1740,3,1,7,1,1,3,1,30,9
12037,130174271,429416,433838,2,2,24/04/2013,1740,3,1,7,1,2,3,2,30,9
12038,130174360,430628,433450,1,1,27/04/2013,1300,6,1,1,1,3,3,1,87,19
12039,130174492,425944,438104,2,2,26/04/2013,2245,3,1,7,1,1,3,1,38,5
12040,130174492,425944,438104,2,2,26/04/2013,2245,3,1,7,1,2,3,2,27,5
12041,130174728,433250,435590,2,2,27/04/2013,1720,6,1,7,1,1,3,1,28,5
12042,130174728,433250,435590,2,2,27/04/2013,1720,6,1,7,1,2,2,2,30,5
12043,130174829,429355,433754,2,6,27/04/2013,1927,6,1,7,1,1,3,1,25,19
12044,130174829,429355,433754,2,6,27/04/2013,1927,6,1,7,1,1,3,1,27,9
12045,130174829,429355,433754,2,6,27/04/2013,1927,6,1,7,1,2,3,1,21,19
12046,130174829,429355,433754,2,6,27/04/2013,1927,6,1,7,1,2,3,1,42,19
12047,130174829,429355,433754,2,6,27/04/2013,1927,6,1,7,1,2,3,2,23,9
12048,130174829,429355,433754,2,6,27/04/2013,1927,6,1,7,1,2,3,1,25,9
12049,130174931,430739,435553,2,1,27/04/2013,1805,6,1,7,1,1,3,1,7,1
12050,130175683,425927,435126,2,1,26/04/2013,1800,6,1,7,1,1,3,2,34,9
12051,130175805,427986,435214,1,1,28/04/2013,1423,6,1,1,1,3,3,1,23,9
12052,130176045,436154,434717,2,1,27/04/2013,2051,3,1,4,1,1,3,2,54,9
12053,130176630,428717,435610,2,1,28/04/2013,2103,3,1,4,1,1,3,1,24,1
12054,130176926,430654,434684,3,1,28/04/2013,1745,3,1,7,1,1,3,2,24,9
12055,130179173,434174,433457,1,1,29/04/2013,740,3,1,1,1,3,3,2,1,9
12056,130179198,432664,438146,3,1,30/04/2013,1435,6,1,1,1,1,3,1,48,9
12057,130179325,436082,434484,2,1,29/04/2013,750,6,1,1,1,3,3,2,47,9
12058,130179361,428134,435422,2,1,30/04/2013,1730,6,1,7,1,1,2,1,27,4
12059,130180474,426069,435587,1,1,30/04/2013,1620,4,1,1,1,2,3,2,91,11
12060,130180990,428502,426067,2,2,01/05/2013,1820,3,1,7,1,1,3,1,66,3
12061,130180990,428502,426067,2,2,01/05/2013,1820,3,1,7,1,2,3,2,17,3
12062,130181266,426562,426718,2,1,01/05/2013,2210,3,1,7,1,1,3,1,18,1
12063,130181667,429282,433489,2,1,02/05/2013,735,6,1,1,1,1,3,2,45,9
12064,130181674,422008,444745,2,1,02/05/2013,755,3,1,1,1,1,2,1,48,1
12065,130182471,432052,430290,1,1,02/05/2013,1600,1,1,1,1,1,3,2,22,9
12066,130182487,420676,445078,5,3,02/05/2013,1435,3,1,1,1,1,3,1,44,9
12067,130182487,420676,445078,5,3,02/05/2013,1435,3,1,1,1,1,3,1,51,9
12068,130182487,420676,445078,5,3,02/05/2013,1435,3,1,1,1,2,3,1,23,9
12069,130182797,429832,438889,2,1,02/05/2013,2039,3,1,7,1,1,2,1,49,3
12070,130182899,427984,435224,2,1,02/05/2013,2235,6,1,7,1,1,3,1,27,1
12071,130183115,419870,438909,2,1,03/05/2013,610,3,1,7,1,1,3,1,25,3
12072,130183330,425061,433369,2,1,29/04/2013,1715,4,1,7,1,1,2,1,56,1
12073,130183442,427568,435909,1,1,02/05/2013,1100,4,1,1,1,3,3,1,60,9
12074,130183458,428224,435783,2,1,02/05/2013,1515,3,1,1,1,1,3,1,17,1
12075,130184365,431519,435143,2,1,02/05/2013,1710,3,1,7,1,1,2,1,44,1
12076,130184381,432112,436040,2,1,03/05/2013,1815,3,1,7,1,1,3,1,26,1
12077,130184420,435095,434725,2,3,03/05/2013,1845,3,1,7,1,1,3,2,19,9
12078,130184420,435095,434725,2,3,03/05/2013,1845,3,1,7,1,1,3,1,46,9
12079,130184420,435095,434725,2,3,03/05/2013,1845,3,1,7,1,2,3,2,24,9
12080,130185233,440554,431998,2,1,03/05/2013,2020,4,1,7,1,2,3,2,25,9
12081,130185681,429242,433845,2,1,02/05/2013,1010,6,1,1,1,1,3,1,22,1
12082,130185686,424207,428258,2,2,04/05/2013,1741,6,1,7,1,1,3,1,67,9
12083,130185686,424207,428258,2,2,04/05/2013,1741,6,1,7,1,2,2,1,78,9
12084,130186179,429915,434257,3,1,01/05/2013,1740,3,1,7,1,1,3,1,23,1
12085,130186405,420227,445716,1,1,03/05/2013,1350,6,1,1,1,3,3,1,76,9
12086,130187966,436861,433688,2,1,06/05/2013,1420,3,1,1,1,1,3,1,28,1
12087,130188026,436154,427986,1,1,06/05/2013,1755,3,1,7,1,1,3,1,19,5
12088,130188063,420316,439710,3,4,06/05/2013,1515,3,1,1,1,1,3,2,27,9
12089,130188063,420316,439710,3,4,06/05/2013,1515,3,1,1,1,1,3,1,38,9
12090,130188063,420316,439710,3,4,06/05/2013,1515,3,1,1,1,1,3,2,60,9
12091,130188063,420316,439710,3,4,06/05/2013,1515,3,1,1,1,2,3,2,21,9
12092,130189362,431139,434949,1,1,07/05/2013,1707,6,1,7,1,3,2,2,29,9
12093,130189562,430023,434826,2,4,07/05/2013,1810,6,1,7,1,2,3,1,35,9
12094,130189562,430023,434826,2,4,07/05/2013,1810,6,1,7,1,2,3,1,16,9
12095,130189562,430023,434826,2,4,07/05/2013,1810,6,1,7,1,2,3,1,26,9
12096,130189562,430023,434826,2,4,07/05/2013,1810,6,1,7,1,2,3,1,15,9
12097,130189928,430807,435371,2,1,01/05/2013,1215,6,1,1,1,1,3,1,56,9
12098,130190263,420932,439494,2,1,07/05/2013,810,3,1,1,1,1,3,1,48,1
12099,130190828,431919,435758,1,1,08/05/2013,1317,3,1,1,1,2,3,1,87,11
12100,130191012,430416,428107,1,1,08/05/2013,1430,6,1,1,1,3,3,2,65,9
12101,130191105,422464,434654,3,1,08/05/2013,1815,4,1,7,1,1,3,2,25,9
12102,130191474,435330,439398,2,4,09/05/2013,153,6,1,5,1,1,3,2,18,9
12103,130191474,435330,439398,2,4,09/05/2013,153,6,1,5,1,1,3,1,49,8
12104,130191474,435330,439398,2,4,09/05/2013,153,6,1,5,1,2,3,2,19,9
12105,130191474,435330,439398,2,4,09/05/2013,153,6,1,5,1,2,3,1,23,9
12106,130191784,442909,441824,3,1,09/05/2013,755,2,1,1,1,1,3,1,51,9
12107,130191808,426513,435654,2,1,09/05/2013,715,4,1,7,1,1,3,1,50,1
12108,130192228,431069,430383,1,2,09/05/2013,930,6,1,1,1,1,3,1,36,1
12109,130192228,431069,430383,1,2,09/05/2013,930,6,1,1,1,3,3,1,90,1
12110,130192625,430387,437884,2,1,09/05/2013,1425,3,2,1,1,1,3,1,27,9
12111,130192809,430795,433221,2,1,09/05/2013,1842,3,2,7,1,1,3,1,19,3
12112,130193329,431327,435045,2,1,10/05/2013,735,3,2,1,1,1,3,1,34,1
12113,130193705,426801,438024,2,1,10/05/2013,1150,3,1,1,1,1,3,1,25,3
12114,130193765,431884,435291,1,1,10/05/2013,1110,6,1,1,2,3,3,2,45,9
12115,130193874,430916,428613,1,1,10/05/2013,1310,6,1,1,1,1,2,1,43,3
12116,130193941,432962,439237,2,1,09/05/2013,1130,3,1,1,1,1,3,1,39,9
12117,130194383,430089,431274,2,2,10/05/2013,1915,3,1,7,1,1,3,2,37,9
12118,130194383,430089,431274,2,2,10/05/2013,1915,3,1,7,1,2,3,1,34,9
12119,130194463,418601,442209,3,1,10/05/2013,1740,3,1,7,1,1,3,1,38,9
12120,130195631,427674,434006,2,1,11/05/2013,950,6,1,1,1,1,2,1,40,1
12121,130195788,420306,434226,2,1,11/05/2013,1720,3,1,7,1,1,2,1,49,5
12122,130195818,432664,437990,2,2,11/05/2013,1920,6,1,7,1,2,3,1,9,9
12123,130195818,432664,437990,2,2,11/05/2013,1920,6,1,7,1,2,3,1,6,9
12124,130197133,420670,440985,1,1,11/05/2013,2248,6,1,4,1,2,3,1,19,9
12125,130197580,431324,435044,2,1,13/05/2013,755,3,1,1,1,1,3,1,46,1
12126,130197781,426821,434971,2,1,13/05/2013,750,3,1,1,1,1,3,2,24,1
12127,130198406,431492,435899,2,1,05/05/2013,1330,6,1,1,1,1,3,1,93,9
12128,130198622,428863,433942,2,1,13/05/2013,1800,6,1,7,1,2,3,2,19,8
12129,130199230,429829,438904,2,1,14/05/2013,955,3,1,1,1,1,3,1,30,1
12130,130199559,431458,432727,3,2,14/05/2013,1225,6,1,1,1,1,3,2,25,9
12131,130199559,431458,432727,3,2,14/05/2013,1225,6,1,1,1,1,3,1,55,9
12132,130200198,420505,440235,2,1,13/05/2013,1910,3,1,7,1,1,3,2,35,1
12133,130200318,440940,428434,3,5,14/05/2013,2020,6,1,7,1,1,3,1,24,9
12134,130200318,440940,428434,3,5,14/05/2013,2020,6,1,7,1,2,3,2,32,9
12135,130200318,440940,428434,3,5,14/05/2013,2020,6,1,7,1,2,3,1,35,9
12136,130200318,440940,428434,3,5,14/05/2013,2020,6,1,7,1,2,3,1,12,9
12137,130200318,440940,428434,3,5,14/05/2013,2020,6,1,7,1,2,3,1,12,9
12138,130201445,431380,430205,2,1,13/05/2013,650,6,1,7,1,1,3,1,20,1
12139,130201486,428149,435477,2,1,24/06/2013,1005,6,1,1,1,1,3,1,20,1
12140,130201537,430233,435113,2,1,15/05/2013,1545,6,1,1,1,1,3,1,28,4
12141,130201720,432513,427316,2,7,15/05/2013,1740,3,1,7,1,1,3,2,18,9
12142,130201720,432513,427316,2,7,15/05/2013,1740,3,1,7,1,1,3,2,56,9
12143,130201720,432513,427316,2,7,15/05/2013,1740,3,1,7,1,2,3,2,9,9
12144,130201720,432513,427316,2,7,15/05/2013,1740,3,1,7,1,2,3,2,12,9
12145,130201720,432513,427316,2,7,15/05/2013,1740,3,1,7,1,2,3,2,35,9
12146,130201720,432513,427316,2,7,15/05/2013,1740,3,1,7,1,2,2,2,35,9
12147,130201720,432513,427316,2,7,15/05/2013,1740,3,1,7,1,2,3,2,23,9
12148,130201727,437068,437604,4,1,15/05/2013,1750,3,1,7,1,1,3,2,51,9
12149,130202497,429096,435481,2,1,16/05/2013,810,6,1,1,1,3,3,2,50,8
12150,130203193,435826,435224,3,4,16/05/2013,1300,3,1,1,1,1,3,2,38,9
12151,130203193,435826,435224,3,4,16/05/2013,1300,3,1,1,1,2,3,2,12,9
12152,130203193,435826,435224,3,4,16/05/2013,1300,3,1,1,1,2,3,1,30,9
12153,130203193,435826,435224,3,4,16/05/2013,1300,3,1,1,1,2,3,1,3,9
12154,130203249,416576,441777,2,1,16/05/2013,1711,6,1,7,1,1,3,1,69,9
12155,130204552,432471,437286,2,1,17/05/2013,850,6,1,1,1,3,3,1,5,9
12156,130204848,430869,436357,2,1,17/05/2013,1549,6,1,1,1,2,3,2,47,11
12157,130204984,432682,430465,2,2,17/05/2013,1742,4,1,7,1,1,3,1,43,3
12158,130204984,432682,430465,2,2,17/05/2013,1742,4,1,7,1,3,3,1,36,3
12159,130204999,430686,434459,2,1,17/05/2013,1725,6,1,7,1,1,2,1,47,3
12160,130205057,432468,434802,2,1,17/05/2013,1820,4,1,7,1,1,3,1,22,1
12161,130205084,426212,431883,2,3,17/05/2013,1720,3,1,7,1,1,3,1,30,9
12162,130205084,426212,431883,2,3,17/05/2013,1720,3,1,7,1,2,3,2,22,9
12163,130205084,426212,431883,2,3,17/05/2013,1720,3,1,7,1,2,3,1,8,9
12164,130205098,428064,435957,2,1,17/05/2013,1930,3,1,7,1,1,3,1,21,1
12165,130205134,429034,437517,1,1,17/05/2013,1844,4,1,7,1,3,3,1,20,9
12166,130205339,429141,435249,2,2,17/05/2013,1750,3,1,7,1,1,3,1,30,9
12167,130205339,429141,435249,2,2,17/05/2013,1750,3,1,7,1,2,3,1,43,9
12168,130205659,429025,429921,2,1,18/05/2013,810,3,1,1,1,1,3,1,79,9
12169,130206407,419846,432207,2,1,18/05/2013,1845,6,2,7,1,1,1,1,42,4
12170,130206758,440463,446696,2,1,19/05/2013,555,2,2,7,1,1,3,1,56,9
12171,130206969,428413,436830,2,1,19/05/2013,920,4,1,1,1,1,3,1,47,9
12172,130209467,430524,435120,2,1,18/05/2013,1130,6,1,1,1,1,3,1,36,19
12173,130210796,428303,430706,1,1,21/05/2013,1815,6,2,7,1,3,3,1,10,9
12174,130211683,427607,434510,2,1,22/05/2013,1140,3,1,1,1,1,3,2,24,1
12175,130212165,434125,433890,1,1,22/05/2013,1510,4,1,1,1,3,3,2,13,11
12176,130212435,419593,432731,2,4,22/05/2013,1850,6,1,7,1,1,3,1,20,9
12177,130212435,419593,432731,2,4,22/05/2013,1850,6,1,7,1,1,3,2,46,9
12178,130212435,419593,432731,2,4,22/05/2013,1850,6,1,7,1,2,3,1,23,9
12179,130212435,419593,432731,2,4,22/05/2013,1850,6,1,7,1,2,3,1,23,9
12180,130213037,429206,434162,2,1,23/05/2013,840,6,2,1,1,1,3,2,25,1
12181,130213148,429961,432507,2,1,23/05/2013,904,3,1,1,1,1,3,1,21,1
12182,130213374,425333,434327,2,1,23/05/2013,1242,3,2,1,2,1,3,1,29,9
12183,130213463,432334,426949,2,2,23/05/2013,1104,1,2,1,1,1,3,1,46,9
12184,130213463,432334,426949,2,2,23/05/2013,1104,1,2,1,1,2,3,2,59,9
12185,130213734,432009,435657,1,1,23/05/2013,1554,6,1,1,1,3,3,2,1,9
12186,130214629,432172,439384,2,1,24/05/2013,805,6,2,1,2,1,3,2,40,9
12187,130214899,427534,436929,1,1,24/05/2013,945,3,1,1,1,2,3,2,45,11
12188,130215384,427068,431800,2,1,24/05/2013,1510,3,2,1,2,1,3,1,43,5
12189,130215388,423482,434037,1,1,24/05/2013,1515,6,1,1,1,3,3,2,10,9
12190,130215401,427151,432329,1,1,24/05/2013,1555,6,2,1,5,3,3,2,27,9
12191,130215465,429986,433393,2,2,24/05/2013,1630,6,2,1,4,1,3,2,42,9
12192,130215465,429986,433393,2,2,24/05/2013,1630,6,2,1,4,1,3,1,55,1
12193,130215489,438554,430036,2,1,24/05/2013,1740,6,2,7,1,1,3,1,21,9
12194,130216346,436017,435498,2,1,24/05/2013,1800,3,1,7,1,3,3,1,35,9
12195,130216523,427570,434537,2,1,25/05/2013,1330,3,1,1,1,1,3,2,35,1
12196,130216754,436134,435286,2,2,25/05/2013,1805,3,1,7,1,1,3,1,20,9
12197,130216754,436134,435286,2,2,25/05/2013,1805,3,1,7,1,1,3,2,68,9
12198,130216788,430379,433555,1,2,25/05/2013,1615,6,1,1,1,2,3,2,66,11
12199,130216788,430379,433555,1,2,25/05/2013,1615,6,1,1,1,2,3,2,27,11
12200,130216831,430786,429754,1,1,25/05/2013,1840,6,1,7,1,3,3,1,6,9
12201,130216967,436164,434486,1,1,25/05/2013,1950,3,1,7,1,3,3,1,32,9
12202,130216979,429766,427688,2,1,25/05/2013,2015,6,1,7,1,1,3,1,10,1
12203,130217182,431596,434014,3,3,26/05/2013,110,6,1,4,1,1,3,2,21,9
12204,130217182,431596,434014,3,3,26/05/2013,110,6,1,4,1,2,3,2,20,9
12205,130217182,431596,434014,3,3,26/05/2013,110,6,1,4,1,2,3,1,23,9
12206,130217657,426420,435664,1,1,26/05/2013,330,6,1,7,1,2,3,1,22,8
12207,130217883,430803,433252,2,2,26/05/2013,1629,6,1,1,1,1,3,2,22,9
12208,130217883,430803,433252,2,2,26/05/2013,1629,6,1,1,1,1,3,1,24,9
12209,130217920,429918,427994,2,1,25/05/2013,1230,6,1,1,1,1,3,2,40,9
12210,130218562,429571,437522,2,2,26/05/2013,2000,6,1,7,1,1,3,2,38,9
12211,130218562,429571,437522,2,2,26/05/2013,2000,6,1,7,1,2,3,2,18,9
12212,130218739,428010,426212,2,1,27/05/2013,1230,3,1,1,1,1,3,1,28,1
12213,130218757,420593,445096,1,1,27/05/2013,1208,3,1,1,1,3,2,1,78,9
12214,130219660,425232,435259,2,1,26/05/2013,1930,6,1,7,1,1,3,1,35,9
12215,130219925,439017,439185,2,1,28/05/2013,610,3,1,7,1,1,3,1,28,9
12216,130219962,430998,430598,2,1,27/05/2013,1330,6,1,1,1,1,3,2,38,1
12217,130220009,428688,434943,2,1,01/05/2013,1345,6,1,1,1,1,3,1,38,9
12218,130220341,430409,433685,1,1,28/05/2013,1350,6,1,1,1,2,3,1,5,11
12219,130220677,430096,432243,2,1,28/05/2013,2315,3,1,4,1,1,3,1,45,9
12220,130220828,435644,435057,1,1,28/05/2013,844,3,2,1,2,1,3,1,40,9
12221,130221138,428465,431348,2,1,29/05/2013,901,3,1,1,1,1,3,2,55,9
12222,130221233,430489,435971,2,2,28/05/2013,1930,6,1,7,1,1,3,2,31,9
12223,130221233,430489,435971,2,2,28/05/2013,1930,6,1,7,1,1,3,1,58,9
12224,130221905,435101,435221,2,1,29/05/2013,205,6,1,4,1,1,3,1,19,1
12225,130222212,429432,433909,1,4,30/05/2013,135,3,2,4,2,1,3,1,20,9
12226,130222212,429432,433909,1,4,30/05/2013,135,3,2,4,2,2,3,1,22,9
12227,130222212,429432,433909,1,4,30/05/2013,135,3,2,4,2,2,3,1,21,9
12228,130222212,429432,433909,1,4,30/05/2013,135,3,2,4,2,2,3,2,21,9
12229,130222258,431883,435473,2,1,29/05/2013,1400,6,1,1,1,1,3,1,28,9
12230,130222836,436134,437731,2,2,30/05/2013,1125,6,1,1,1,1,3,2,35,9
12231,130222836,436134,437731,2,2,30/05/2013,1125,6,1,1,1,1,3,2,27,9
12232,130222872,423772,444127,2,1,01/05/2013,702,3,1,7,1,1,3,2,39,9
12233,130223321,428257,436607,2,1,30/05/2013,1632,6,1,1,1,2,3,2,21,9
12234,130223696,430796,433453,2,1,30/05/2013,2220,3,1,4,1,1,3,1,36,9
12235,130224055,430658,438173,1,1,31/05/2013,550,6,1,7,1,1,3,1,20,9
12236,130224225,427482,432591,2,2,31/05/2013,1010,6,1,1,1,1,3,1,29,8
12237,130224225,427482,432591,2,2,31/05/2013,1010,6,1,1,1,2,3,2,19,8
12238,130224228,428275,429577,2,1,31/05/2013,1010,3,1,1,1,1,3,2,45,9
12239,130224796,420389,445557,3,1,31/05/2013,1725,3,1,7,1,3,2,1,38,9
12240,130224907,431783,435025,3,1,31/05/2013,1450,6,1,1,1,1,3,1,36,9
12241,130224932,432513,438024,2,2,31/05/2013,1910,6,1,7,1,1,3,2,17,9
12242,130224932,432513,438024,2,2,31/05/2013,1910,6,1,7,1,2,3,1,17,9
12243,130225055,430532,431115,2,4,31/05/2013,2215,6,1,4,1,1,3,2,56,9
12244,130225055,430532,431115,2,4,31/05/2013,2215,6,1,4,1,2,3,1,32,9