Col.Number,Reference.Number,Easting,Northing,Number.of.Vehicles,Number.of.Casualties,Accident.Date,Time..24hr.,X1st.Road.Class,Road.Surface,Lighting.Conditions,Weather.Conditions,Casualty.Class,Casualty.Severity,Sex.of.Casualty,Age.of.Casualty,Type.of.Vehicle
12545,130292871,428816,433305,2,4,14/07/2013,400,3,1,7,1,2,3,1,21,8
12546,130292871,428816,433305,2,4,14/07/2013,400,3,1,7,1,2,3,1,26,8
12547,130292871,428816,433305,2,4,14/07/2013,400,3,1,7,1,2,3,1,28,8
12548,130292871,428816,433305,2,4,14/07/2013,400,3,1,7,1,2,3,1,32,8
12549,130292910,432684,427454,2,1,01/07/2013,855,6,1,1,1,1,3,1,22,2
12550,130293248,423574,437574,2,1,16/07/2013,1230,3,1,1,1,1,3,1,52,1
12551,130293533,433177,434014,2,2,16/07/2013,1350,3,1,1,1,1,3,1,62,11
12552,130293533,433177,434014,2,2,16/07/2013,1350,3,1,1,1,2,3,2,17,11
12553,130293706,430547,435816,1,1,16/07/2013,1912,6,1,1,1,3,2,1,5,9
12554,130293723,432103,436044,2,1,16/07/2013,1825,6,1,1,1,1,2,1,70,1
12555,130293733,424841,434721,1,1,16/07/2013,1830,3,1,1,1,3,3,2,25,11
12556,130293974,429340,430723,1,1,16/07/2013,2059,6,1,1,1,3,3,2,4,9
12557,130294184,431265,429498,1,1,17/07/2013,700,6,1,1,1,1,3,1,47,1
12558,130294649,425586,443069,2,2,17/07/2013,955,3,1,1,1,1,3,2,65,9
12559,130294649,425586,443069,2,2,17/07/2013,955,3,1,1,1,1,3,2,54,9
12560,130294895,430704,434985,2,1,17/07/2013,1800,3,1,1,1,1,3,1,40,9
12561,130295032,440462,446401,1,1,17/07/2013,655,2,1,1,1,1,2,1,57,21
12562,130295403,428285,433514,3,1,17/07/2013,1706,3,1,1,1,1,3,1,37,9
12563,130295889,433510,425848,2,1,17/07/2013,1300,1,1,1,1,2,3,2,71,9
12564,130296407,430909,436544,3,4,18/07/2013,1115,3,1,1,1,1,3,1,33,9
12565,130296407,430909,436544,3,4,18/07/2013,1115,3,1,1,1,2,2,1,66,9
12566,130296407,430909,436544,3,4,18/07/2013,1115,3,1,1,1,2,2,2,63,9
12567,130296407,430909,436544,3,4,18/07/2013,1115,3,1,1,1,1,3,2,33,9
12568,130296776,445500,448130,1,1,18/07/2013,1335,6,1,1,1,1,1,1,63,19
12569,130296871,441201,448729,3,1,18/07/2013,1330,2,1,1,1,1,3,1,33,21
12570,130296882,427516,433703,2,1,18/07/2013,1500,3,1,1,1,1,3,1,25,19
12571,130296992,421038,444615,2,1,18/07/2013,1713,6,1,1,1,1,3,1,40,1
12572,130297003,423661,434806,2,1,18/07/2013,1850,6,1,1,1,1,3,1,51,8
12573,130297016,430693,427062,2,2,18/07/2013,1658,6,1,1,1,1,3,1,42,9
12574,130297016,430693,427062,2,2,18/07/2013,1658,6,1,1,1,2,2,2,68,9
12575,130297733,426597,435546,2,1,19/07/2013,815,6,1,1,1,1,2,1,40,1
12576,130297875,422024,434369,2,1,19/07/2013,715,4,1,1,1,1,3,1,21,3
12577,130298214,430959,435782,2,1,15/07/2013,1710,6,1,1,1,1,3,1,48,1
12578,130298698,429952,433131,1,1,19/07/2013,2103,6,1,1,1,3,3,1,30,9
12579,130298704,427824,425976,1,1,19/07/2013,1345,6,1,1,1,1,3,1,44,9
12580,130299455,434636,437482,2,1,19/07/2013,1320,3,1,1,1,1,3,1,20,3
12581,130299474,432520,440249,2,2,18/07/2013,1005,6,1,1,1,1,3,2,32,9
12582,130299474,432520,440249,2,2,18/07/2013,1005,6,1,1,1,2,3,2,5,9
12583,130299628,427800,430686,2,1,19/07/2013,1850,3,1,1,1,1,3,1,31,1
12584,130299853,430401,433440,1,1,20/07/2013,1751,6,1,1,1,3,3,1,33,11
12585,130299975,427824,430036,2,1,20/07/2013,1655,3,1,1,1,1,3,1,18,9
12586,130299991,430803,433252,2,1,20/07/2013,510,3,1,1,1,1,3,2,20,9
12587,130301319,420351,434205,2,5,21/07/2013,2000,4,1,1,1,1,3,1,66,9
12588,130301319,420351,434205,2,5,21/07/2013,2000,4,1,1,1,2,3,1,19,9
12589,130301319,420351,434205,2,5,21/07/2013,2000,4,1,1,1,2,2,1,19,9
12590,130301319,420351,434205,2,5,21/07/2013,2000,4,1,1,1,2,3,1,49,9
12591,130301319,420351,434205,2,5,21/07/2013,2000,4,1,1,1,2,3,1,66,9
12592,130301645,430066,433783,2,3,21/07/2013,1340,6,1,1,1,2,3,1,9,11
12593,130301645,430066,433783,2,3,21/07/2013,1340,6,1,1,1,2,3,2,37,11
12594,130301645,430066,433783,2,3,21/07/2013,1340,6,1,1,1,2,3,2,57,11
12595,130302614,434680,436855,2,3,22/07/2013,1325,6,1,1,1,1,3,1,28,9
12596,130302614,434680,436855,2,3,22/07/2013,1325,6,1,1,1,2,3,2,25,9
12597,130302614,434680,436855,2,3,22/07/2013,1325,6,1,1,1,2,3,2,27,9
12598,130302809,439107,448885,2,1,22/07/2013,1345,3,1,1,1,1,2,1,53,9
12599,130303660,431226,430222,2,1,22/07/2013,1900,6,1,1,1,1,3,1,44,9
12600,130303687,429965,430993,1,1,23/07/2013,855,6,2,1,2,3,3,1,44,9
12601,130304178,436095,434822,2,1,23/07/2013,1415,3,1,1,1,1,3,1,55,9
12602,130304192,428377,434054,2,1,23/07/2013,845,3,2,1,2,1,3,1,28,1
12603,130304229,426455,428516,1,1,23/07/2013,1420,3,1,1,1,2,2,2,87,11
12604,130304460,435330,439396,2,1,23/07/2013,1800,3,1,1,1,1,2,1,26,9
12605,130304619,435043,437765,3,1,23/07/2013,2124,3,1,1,1,1,3,2,19,9
12606,130304853,421500,428511,2,1,23/07/2013,713,3,2,1,2,1,3,1,29,1
12607,130305039,430378,433500,1,1,24/07/2013,848,6,1,1,1,3,3,1,37,1
12608,130305081,436330,425921,2,1,24/07/2013,805,1,1,1,1,1,3,2,20,9
12609,130305349,430444,433457,3,1,24/07/2013,1154,6,1,1,1,1,3,2,41,1
12610,130305402,430852,434104,2,1,24/07/2013,1154,3,1,1,1,1,3,2,48,9
12611,130305529,426588,432010,2,1,24/07/2013,1235,6,1,1,1,1,3,2,26,9
12612,130305535,426574,440114,2,2,21/07/2013,1215,6,1,1,1,1,3,1,42,9
12613,130305535,426574,440114,2,2,21/07/2013,1215,6,1,1,1,1,3,2,66,9
12614,130306015,427071,431800,1,1,24/07/2013,1630,6,1,1,1,1,3,2,74,9
12615,130306950,435484,437178,1,1,25/07/2013,1300,6,1,1,1,3,3,1,13,9
12616,130307090,431949,428140,2,1,25/07/2013,1105,1,1,1,1,1,3,2,63,9
12617,130307135,430174,432168,2,2,25/07/2013,1321,3,1,1,1,1,3,1,25,9
12618,130307135,430174,432168,2,2,25/07/2013,1321,3,1,1,1,2,3,1,34,9
12619,130307477,443409,435534,2,2,25/07/2013,1540,4,1,1,1,1,3,2,42,9
12620,130307477,443409,435534,2,2,25/07/2013,1540,4,1,1,1,1,3,1,70,9
12621,130307549,422872,439314,3,2,25/07/2013,1700,6,1,1,1,2,3,2,27,9
12622,130307549,422872,439314,3,2,25/07/2013,1700,6,1,1,1,2,3,2,23,9
12623,130307712,424776,427407,3,2,25/07/2013,2123,1,1,4,1,2,3,2,32,9
12624,130307712,424776,427407,3,2,25/07/2013,2123,1,1,4,1,2,3,2,32,9
12625,130307716,428731,435036,3,2,25/07/2013,1646,6,1,1,1,1,3,1,33,9
12626,130307716,428731,435036,3,2,25/07/2013,1646,6,1,1,1,2,3,2,22,9
12627,130307985,430352,438558,2,1,26/07/2013,445,3,1,1,1,1,3,1,65,9
12628,130308246,431995,436024,2,1,26/07/2013,920,6,1,1,1,1,3,1,48,1
12629,130308452,427282,426396,2,1,25/07/2013,740,3,1,1,1,1,3,1,29,1
12630,130308795,428932,432428,1,1,26/07/2013,1430,6,1,1,1,3,2,2,61,20
12631,130309044,428324,429566,2,1,26/07/2013,1715,3,1,1,1,1,3,1,48,1
12632,130309226,424829,433048,1,2,27/07/2013,1600,6,1,1,1,1,3,1,87,9
12633,130309226,424829,433048,1,2,27/07/2013,1600,6,1,1,1,2,3,2,87,9
12634,130309316,431789,435565,2,1,26/07/2013,2156,3,1,1,1,1,2,1,26,4
12635,130309437,425940,437263,1,1,01/07/2013,2340,6,1,4,1,3,3,1,33,90
12636,130309690,422046,435607,2,4,26/07/2013,2135,6,1,1,1,1,3,1,36,9
12637,130309690,422046,435607,2,4,26/07/2013,2135,6,1,1,1,2,3,1,3,9
12638,130309690,422046,435607,2,4,26/07/2013,2135,6,1,1,1,2,3,2,33,9
12639,130309690,422046,435607,2,4,26/07/2013,2135,6,1,1,1,2,3,1,13,9
12640,130309777,430692,424509,2,1,26/07/2013,1615,3,1,1,1,1,3,2,57,9
12641,130310025,422945,443099,2,2,26/07/2013,1945,3,1,1,1,1,3,1,18,9
12642,130310025,422945,443099,2,2,26/07/2013,1945,3,1,1,1,2,3,2,19,9
12643,130311105,432541,443039,2,2,28/07/2013,755,3,1,1,1,1,2,1,37,9
12644,130311105,432541,443039,2,2,28/07/2013,755,3,1,1,1,1,3,1,61,8
12645,130311123,431953,435853,1,1,28/07/2013,1045,4,1,1,1,3,3,2,58,9
12646,130311320,435458,438077,2,1,28/07/2013,1325,6,1,1,1,1,3,1,8,1
12647,130311384,429642,438785,2,3,28/07/2013,1255,6,1,1,1,1,3,1,30,9
12648,130311384,429642,438785,2,3,28/07/2013,1255,6,1,1,1,1,3,1,86,9
12649,130311384,429642,438785,2,3,28/07/2013,1255,6,1,1,1,2,3,2,83,9
12650,130311439,437700,438134,3,2,28/07/2013,1410,3,1,1,1,1,3,1,76,9
12651,130311439,437700,438134,3,2,28/07/2013,1410,3,1,1,1,1,3,1,32,9
12652,130311517,429902,433930,1,1,28/07/2013,1600,6,2,1,1,3,3,1,67,9
12653,130312013,441320,430339,2,1,28/07/2013,1910,6,1,1,1,1,2,1,12,1
12654,130312739,443140,434671,2,1,29/07/2013,1225,1,1,1,1,1,3,2,39,9
12655,130313092,429948,433100,2,1,29/07/2013,1705,6,2,1,1,1,3,1,58,9
12656,130313095,429120,433507,3,1,28/07/2013,1745,6,2,1,1,1,3,1,32,19
12657,130313158,430957,435049,4,1,29/07/2013,1730,3,1,1,1,1,3,2,26,9
12658,130313738,428957,435471,2,1,29/07/2013,1900,3,2,1,1,1,3,1,39,1
12659,130313956,421522,439194,3,1,30/07/2013,650,3,1,1,1,1,3,2,33,9
12660,130314023,423106,433787,2,1,30/07/2013,1045,6,1,1,1,1,3,1,22,1
12661,130314045,432645,438135,2,1,30/07/2013,1000,6,1,1,1,2,3,2,28,11
12662,130314685,430367,427277,1,1,30/07/2013,1840,6,1,1,1,1,3,1,18,2
12663,130314720,429152,431711,1,1,30/07/2013,1930,6,1,1,1,3,3,2,15,9
12664,130314757,434501,436876,2,1,30/07/2013,1745,6,1,1,1,1,2,1,29,5
12665,130315191,431430,431600,2,2,31/07/2013,730,6,1,1,1,1,3,2,34,9
12666,130315191,431430,431600,2,2,31/07/2013,730,6,1,1,1,1,3,1,34,9
12667,130315598,439316,432380,2,1,31/07/2013,1159,3,1,1,1,1,3,1,76,9
12668,130315654,440093,436811,2,1,28/07/2013,1200,6,1,1,1,1,3,1,47,1
12669,130316308,430645,438181,2,2,31/07/2013,1730,3,2,1,1,1,3,1,65,9
12670,130316308,430645,438181,2,2,31/07/2013,1730,3,2,1,1,1,3,1,49,9
12671,130316422,429732,430547,2,1,31/07/2013,1953,3,2,1,2,1,3,2,29,9
12672,130317029,432339,433681,1,1,28/07/2013,1340,6,1,1,1,2,3,2,5,11
12673,130317183,430514,437051,3,1,01/08/2013,1207,3,1,1,1,1,3,2,54,9
12674,130317367,436168,427602,4,2,01/08/2013,750,3,1,1,1,1,3,1,39,9
12675,130317367,436168,427602,4,2,01/08/2013,750,3,1,1,1,2,3,1,25,20
12676,130317410,429050,430466,2,1,31/07/2013,1529,6,1,1,1,1,3,1,43,9
12677,130317674,435032,433450,2,3,01/08/2013,1300,4,1,1,1,1,3,2,30,9
12678,130317674,435032,433450,2,3,01/08/2013,1300,4,1,1,1,2,3,1,30,9
12679,130317674,435032,433450,2,3,01/08/2013,1300,4,1,1,1,2,3,1,12,9
12680,130317785,427654,436667,2,1,31/07/2013,1930,6,1,1,1,1,3,1,24,1
12681,130317805,431035,433540,2,1,01/08/2013,1805,6,1,1,1,1,2,1,22,1
12682,130317852,421056,439384,2,1,01/08/2013,1635,3,1,1,1,1,2,1,34,1
12683,130317872,430761,434645,1,1,01/08/2013,1652,3,1,1,1,3,3,1,22,9
12684,130317922,430747,438908,2,2,01/08/2013,1855,3,1,1,1,1,3,2,30,9
12685,130317922,430747,438908,2,2,01/08/2013,1855,3,1,1,1,2,3,2,55,9
12686,130317941,423373,434256,2,1,01/08/2013,1815,6,1,1,1,1,3,1,31,3
12687,130317988,428377,435124,2,1,30/07/2013,1545,6,1,1,1,1,3,1,16,1
12688,130317997,424712,434064,1,1,01/08/2013,2054,3,1,1,1,1,3,1,17,4
12689,130318038,432384,439366,1,2,01/08/2013,2201,3,1,1,1,1,3,1,28,8
12690,130318038,432384,439366,1,2,01/08/2013,2201,3,1,1,1,2,3,2,20,8
12691,130318064,432094,436252,2,1,01/08/2013,2325,6,1,4,1,1,3,1,18,1
12692,130318592,430422,433978,2,3,02/08/2013,1,3,1,1,1,1,3,2,41,9
12693,130318592,430422,433978,2,3,02/08/2013,1,3,1,1,1,2,3,2,19,9
12694,130318592,430422,433978,2,3,02/08/2013,1,3,1,1,1,2,3,2,41,9
12695,130318613,432076,426230,2,3,02/08/2013,940,3,1,1,1,1,3,2,49,9
12696,130318613,432076,426230,2,3,02/08/2013,940,3,1,1,1,2,3,2,4,9
12697,130318613,432076,426230,2,3,02/08/2013,940,3,1,1,1,2,3,2,2,9
12698,130318709,432074,426226,2,1,02/08/2013,1104,1,1,1,1,1,3,1,51,5
12699,130319165,430413,431160,2,1,02/08/2013,1625,6,1,1,1,1,3,1,16,2
12700,130319248,430727,433586,2,1,02/08/2013,1735,3,1,1,1,2,3,2,17,9
12701,130319446,427390,431452,2,2,02/08/2013,1435,3,1,1,1,1,3,2,36,9
12702,130319446,427390,431452,2,2,02/08/2013,1435,3,1,1,1,2,3,1,11,9
12703,130319477,429709,439013,2,1,02/08/2013,1940,6,1,1,1,1,3,2,18,9
12704,130319549,429962,428108,2,2,02/08/2013,2025,6,1,1,1,1,2,1,20,9
12705,130319549,429962,428108,2,2,02/08/2013,2025,6,1,1,1,1,3,1,27,9
12706,130319840,424682,444837,2,1,03/08/2013,455,3,1,1,1,1,3,1,19,3
12707,130319885,426512,435654,2,1,03/08/2013,700,6,2,1,1,1,2,1,25,1
12708,130320520,429817,434404,3,2,03/08/2013,1754,3,1,1,1,2,3,2,20,9
12709,130320520,429817,434404,3,2,03/08/2013,1754,3,1,1,1,2,3,2,21,9
12710,130320665,432674,434386,1,1,03/08/2013,1950,6,1,1,1,3,3,2,5,9
12711,130320666,435279,433536,2,1,03/08/2013,1935,4,1,1,1,1,3,1,44,1
12712,130320889,428730,433836,2,3,03/08/2013,2215,3,1,4,1,1,3,2,31,9
12713,130320889,428730,433836,2,3,03/08/2013,2215,3,1,4,1,2,2,1,23,9
12714,130320889,428730,433836,2,3,03/08/2013,2215,3,1,4,1,2,2,1,20,9
12715,130320960,419824,432193,2,1,04/08/2013,150,6,1,6,1,1,3,2,32,9
12716,130321028,439798,448530,2,3,03/08/2013,1315,3,1,1,1,1,3,1,43,9
12717,130321028,439798,448530,2,3,03/08/2013,1315,3,1,1,1,2,3,1,9,9
12718,130321028,439798,448530,2,3,03/08/2013,1315,3,1,1,1,2,3,2,42,9
12719,130321261,443009,432068,2,1,03/08/2013,1030,6,1,1,1,1,3,1,47,5
12720,130321287,435931,426629,2,3,01/08/2013,1700,3,1,1,1,1,3,2,45,9
12721,130321287,435931,426629,2,3,01/08/2013,1700,3,1,1,1,2,3,2,13,9
12722,130321287,435931,426629,2,3,01/08/2013,1700,3,1,1,1,2,3,1,14,9
12723,130321312,425577,443075,2,1,04/08/2013,1135,3,1,1,1,1,3,1,56,1
12724,130321843,432527,433782,3,1,03/08/2013,507,3,1,1,1,1,3,1,38,9
12725,130322139,425843,429830,1,2,04/08/2013,2100,3,1,1,1,1,2,1,20,9
12726,130322139,425843,429830,1,2,04/08/2013,2100,3,1,1,1,2,2,2,19,9
12727,130322215,423363,434260,2,1,04/08/2013,1230,6,1,1,1,1,3,1,76,9
12728,130322559,430862,434174,2,2,05/08/2013,1015,3,2,1,2,1,3,1,79,9
12729,130322559,430862,434174,2,2,05/08/2013,1015,3,2,1,2,2,3,2,26,8
12730,130323017,419829,441195,2,1,01/08/2013,1745,6,1,1,1,1,3,1,36,1
12731,130323367,432484,433704,1,1,05/08/2013,2008,6,1,1,1,3,2,2,6,9
12732,130324237,437608,433189,2,1,03/08/2013,1840,3,1,1,1,1,3,1,39,1
12733,130324260,442382,445860,2,2,06/08/2013,1050,3,1,1,1,1,3,2,46,9
12734,130324260,442382,445860,2,2,06/08/2013,1050,3,1,1,1,2,3,1,34,9
12735,130325498,426260,434034,2,1,07/08/2013,815,3,1,1,1,1,2,1,41,1
12736,130326336,426255,435579,2,1,07/08/2013,1913,3,1,1,1,1,2,1,33,1
12737,130326700,422940,443095,2,1,06/08/2013,753,3,1,1,1,1,3,1,27,9
12738,130327710,422466,427899,2,1,08/08/2013,1755,3,1,1,1,1,3,2,37,3
12739,130327740,430787,430286,1,1,08/08/2013,1545,6,1,1,1,2,3,2,8,19
12740,130327773,426857,438033,2,1,07/08/2013,1910,3,1,1,1,1,3,1,23,1
12741,130327889,424374,435296,2,2,07/08/2013,2130,3,1,4,1,1,3,1,41,5
12742,130327889,424374,435296,2,2,07/08/2013,2130,3,1,4,1,2,3,2,42,5
12743,130328673,429693,432311,2,1,09/08/2013,936,6,1,1,1,1,3,1,24,9
12744,130328859,428955,429852,1,1,09/08/2013,1010,3,1,1,1,3,2,2,75,11
12745,130329438,423920,434306,2,1,09/08/2013,1648,6,1,1,1,1,2,1,49,1
12746,130329750,426424,433956,2,1,10/08/2013,205,3,1,4,1,1,3,1,32,9
12747,130329958,434611,436604,1,1,10/08/2013,755,6,1,1,1,2,3,2,29,9
12748,130330237,428402,434381,2,1,09/08/2013,1945,6,1,1,1,1,3,1,18,3
12749,130331064,424425,427223,1,1,11/08/2013,240,3,1,1,1,1,3,1,24,9
12750,130331073,431178,433687,1,1,11/08/2013,355,3,1,1,1,3,3,1,48,11
12751,130331310,421113,441170,2,1,10/08/2013,1252,6,1,1,1,1,2,1,17,2
12752,130331314,420394,439564,2,1,11/08/2013,810,4,1,1,1,1,3,2,55,9
12753,130331393,429567,439291,2,2,10/08/2013,1444,6,1,1,1,1,3,1,21,2
12754,130331393,429567,439291,2,2,10/08/2013,1444,6,1,1,1,2,3,1,20,2
12755,130331397,433829,427710,2,1,11/08/2013,1100,3,1,1,1,2,3,2,58,9
12756,130331609,428112,426278,2,6,11/08/2013,1339,3,1,1,1,1,3,1,26,9
12757,130331609,428112,426278,2,6,11/08/2013,1339,3,1,1,1,1,3,1,70,9
12758,130331609,428112,426278,2,6,11/08/2013,1339,3,1,1,1,2,3,2,70,9
12759,130331609,428112,426278,2,6,11/08/2013,1339,3,1,1,1,2,3,1,26,9
12760,130331609,428112,426278,2,6,11/08/2013,1339,3,1,1,1,2,3,1,31,9
12761,130331609,428112,426278,2,6,11/08/2013,1339,3,1,1,1,2,3,1,44,9
12762,130331693,431660,435852,2,4,11/08/2013,1455,6,1,1,1,1,3,1,27,9
12763,130331693,431660,435852,2,4,11/08/2013,1455,6,1,1,1,1,3,1,36,9
12764,130331693,431660,435852,2,4,11/08/2013,1455,6,1,1,1,2,3,2,11,9
12765,130331693,431660,435852,2,4,11/08/2013,1455,6,1,1,1,2,3,1,10,9
12766,130331769,429749,425620,2,1,11/08/2013,750,3,1,1,1,1,3,1,22,3
12767,130331933,431099,426463,3,2,10/08/2013,2155,6,1,4,1,1,2,1,21,4
12768,130331933,431099,426463,3,2,10/08/2013,2155,6,1,4,1,2,3,2,20,4
12769,130331946,430529,428671,2,1,11/08/2013,1925,6,1,1,1,1,2,1,11,1
12770,130331998,428676,436793,2,1,09/08/2013,1820,6,1,1,1,1,2,1,50,1
12771,130333255,428626,430060,2,2,12/08/2013,1345,6,1,1,1,1,3,1,9,1
12772,130333255,428626,430060,2,2,12/08/2013,1345,6,1,1,1,2,3,1,10,1
12773,130333328,431768,435548,1,1,12/08/2013,1555,6,1,1,1,3,3,2,25,9
12774,130334124,422872,439313,3,2,12/08/2013,850,6,1,1,1,1,3,1,30,9
12775,130334124,422872,439313,3,2,12/08/2013,850,6,1,1,1,1,3,2,23,9
12776,130334379,424140,428241,2,1,13/08/2013,630,3,1,1,1,1,3,1,53,4
12777,130335841,423590,437380,2,1,13/08/2013,1830,3,1,1,1,1,3,1,29,1
12778,130336183,428746,432731,1,1,14/08/2013,1408,6,1,1,1,3,3,1,21,9
12779,130336281,423498,437390,2,1,14/08/2013,1645,3,1,1,1,1,3,1,41,5
12780,130337310,420347,434262,2,1,15/08/2013,1205,3,2,1,1,1,3,2,18,9
12781,130337389,434205,436971,2,2,14/08/2013,1925,3,1,1,1,1,3,2,32,9
12782,130337389,434205,436971,2,2,14/08/2013,1925,3,1,1,1,1,3,2,28,9
12783,130337557,420535,440261,2,1,13/08/2013,840,3,1,1,1,1,3,1,26,1
12784,130337796,429675,432925,2,1,15/08/2013,1511,6,1,1,1,2,3,2,58,9
12785,130337991,435316,434855,2,1,15/08/2013,1838,3,1,1,1,1,3,2,27,9
12786,130338229,432730,434473,1,1,15/08/2013,2110,6,2,4,2,3,3,1,10,9
12787,130338398,424680,444841,2,1,28/06/2013,810,3,1,1,1,1,3,1,50,1
12788,130338443,437395,430396,2,1,16/08/2013,903,6,1,1,1,1,3,1,17,1
12789,130338541,435155,434876,2,1,14/08/2013,1740,6,1,1,1,1,3,1,16,1
12790,130338854,429774,435764,2,2,15/08/2013,840,6,1,1,1,1,3,1,44,9
12791,130338854,429774,435764,2,2,15/08/2013,840,6,1,1,1,2,3,2,43,9
12792,130338951,431489,435121,3,5,16/08/2013,1340,3,1,1,1,1,3,2,41,9
12793,130338951,431489,435121,3,5,16/08/2013,1340,3,1,1,1,1,3,2,79,9
12794,130338951,431489,435121,3,5,16/08/2013,1340,3,1,1,1,2,3,2,27,9
12795,130338951,431489,435121,3,5,16/08/2013,1340,3,1,1,1,2,3,2,25,9
12796,130338951,431489,435121,3,5,16/08/2013,1340,3,1,1,1,2,3,2,67,9
12797,130339327,443053,431633,2,2,16/08/2013,1850,3,1,1,1,1,3,2,44,9
12798,130339327,443053,431633,2,2,16/08/2013,1850,3,1,1,1,1,3,1,64,9
12799,130339353,432435,426260,1,1,16/08/2013,2003,4,1,1,1,1,3,2,35,9
12800,130339366,433110,425919,2,1,16/08/2013,1532,1,1,1,1,1,2,2,24,9
12801,130339914,421014,435176,4,1,16/08/2013,1330,3,1,1,1,1,3,1,55,19
12802,130339961,430375,433502,1,1,16/08/2013,1520,6,1,1,1,2,3,2,65,11
12803,130340043,428755,439783,1,1,17/08/2013,1000,6,1,1,1,1,2,2,46,9
12804,130340225,430914,428619,2,1,16/08/2013,1950,6,1,1,1,1,2,1,47,5
12805,130340259,419602,441572,1,1,17/08/2013,1130,3,1,1,1,3,3,2,75,9
12806,130340588,429313,437843,2,1,17/08/2013,1540,6,1,1,1,1,3,1,59,9
12807,130341856,426594,437981,1,1,18/08/2013,1945,3,1,1,1,1,3,1,92,9
12808,130342554,436385,433645,2,1,17/08/2013,1955,4,2,1,1,2,3,2,71,9
12809,130342765,443590,436310,1,1,19/08/2013,1230,2,1,1,1,1,1,1,58,9
12810,130342791,431615,431619,2,1,19/08/2013,700,6,1,1,1,1,3,2,23,9
12811,130343156,430793,424530,2,1,19/08/2013,1700,3,1,1,1,1,3,2,33,9
12812,130343284,427325,437198,2,1,19/08/2013,1630,3,1,1,1,1,3,1,60,1
12813,130343331,423109,437621,2,1,19/08/2013,1730,3,1,1,1,1,3,1,28,2
12814,130343626,432854,435367,2,1,20/08/2013,207,6,1,1,1,3,3,1,15,9
12815,130344038,428908,435508,2,1,19/08/2013,1800,3,1,1,1,1,3,1,24,1
12816,130344714,429936,431076,1,1,20/08/2013,1815,6,1,1,1,3,2,2,7,9
12817,130344763,430785,433826,3,3,20/08/2013,1810,3,1,1,1,1,3,1,55,9
12818,130344763,430785,433826,3,3,20/08/2013,1810,3,1,1,1,1,3,2,57,9
12819,130344763,430785,433826,3,3,20/08/2013,1810,3,1,1,1,2,3,1,90,9
12820,130345505,429545,430359,1,1,21/08/2013,1140,6,1,1,1,3,3,1,3,19
12821,130346226,417892,443304,2,1,21/08/2013,1857,3,1,1,1,1,3,1,34,1
12822,130346289,423849,434831,2,1,21/08/2013,1855,6,1,1,1,1,3,1,8,1
12823,130346314,425021,433156,2,1,21/08/2013,1700,6,1,1,1,1,3,1,70,9
12824,130346347,427810,435956,1,1,21/08/2013,1240,6,1,1,1,2,3,2,93,11
12825,130346847,421299,441085,3,2,22/08/2013,545,6,1,1,1,1,3,1,30,9
12826,130346847,421299,441085,3,2,22/08/2013,545,6,1,1,1,1,3,1,20,9
12827,130347078,420582,444896,2,1,22/08/2013,905,6,1,1,1,1,3,2,48,9
12828,130347151,431066,430373,3,3,22/08/2013,1155,6,1,1,1,1,3,2,30,9
12829,130347151,431066,430373,3,3,22/08/2013,1155,6,1,1,1,2,3,2,74,9
12830,130347151,431066,430373,3,3,22/08/2013,1155,6,1,1,1,2,3,2,63,9
12831,130347293,427516,425513,1,1,22/08/2013,1130,3,1,1,1,2,3,2,40,11
12832,130347742,430641,434708,2,1,22/08/2013,1710,6,1,1,1,1,3,1,45,1
12833,130347759,431873,435673,2,2,22/08/2013,1900,6,1,1,1,1,3,2,25,9
12834,130347759,431873,435673,2,2,22/08/2013,1900,6,1,1,1,2,3,2,25,9
12835,130347764,431268,434600,2,1,22/08/2013,1745,6,1,1,1,1,3,2,33,9
12836,130347774,426233,433073,2,1,22/08/2013,2030,4,1,1,1,2,3,2,42,9
12837,130348102,433339,427339,1,1,22/08/2013,2236,6,2,4,1,1,2,2,51,9
12838,130348171,425491,432840,2,1,11/07/2013,1945,3,1,1,1,1,3,1,18,1
12839,130348609,420668,437153,2,1,23/08/2013,720,3,1,1,1,1,3,1,25,9
12840,130348864,437272,433401,4,1,23/08/2013,1234,3,1,1,1,2,3,2,41,19
12841,130349213,433050,434100,2,1,23/08/2013,1620,4,1,1,1,1,3,2,24,9
12842,130349301,430713,434849,2,1,23/08/2013,1705,3,1,1,1,1,3,1,32,1
12843,130349457,440841,439812,3,2,23/08/2013,2210,3,2,6,2,1,3,2,25,9
12844,130349457,440841,439812,3,2,23/08/2013,2210,3,2,6,2,2,3,2,26,9
12845,130349678,425772,435668,1,1,24/08/2013,210,4,2,1,1,1,3,2,31,9