Col.Number,Reference.Number,Easting,Northing,Number.of.Vehicles,Number.of.Casualties,Accident.Date,Time..24hr.,X1st.Road.Class,Road.Surface,Lighting.Conditions,Weather.Conditions,Casualty.Class,Casualty.Severity,Sex.of.Casualty,Age.of.Casualty,Type.of.Vehicle
12846,130349718,431502,433397,2,1,23/08/2013,1000,6,1,1,1,1,2,1,30,1
12847,130349720,428908,425984,3,1,23/08/2013,1130,3,1,1,1,1,3,1,24,9
12848,130349918,429227,431904,1,1,24/08/2013,844,1,2,1,1,1,3,2,36,9
12849,130350015,425663,433210,1,1,21/08/2013,930,6,1,1,1,3,3,2,61,8
12850,130350174,431596,440541,2,1,24/08/2013,1247,6,2,1,1,1,3,1,28,9
12851,130350474,430709,433051,1,1,24/08/2013,1502,6,1,1,1,2,3,2,67,11
12852,130350484,429269,431475,1,1,24/08/2013,1750,6,2,1,1,3,3,1,10,9
12853,130350567,431860,429564,2,4,24/08/2013,1725,6,2,1,2,1,3,1,20,9
12854,130350567,431860,429564,2,4,24/08/2013,1725,6,2,1,2,1,3,1,59,9
12855,130350567,431860,429564,2,4,24/08/2013,1725,6,2,1,2,2,3,1,20,9
12856,130350567,431860,429564,2,4,24/08/2013,1725,6,2,1,2,2,3,2,63,9
12857,130351121,430030,434089,1,3,24/08/2013,1620,3,1,1,1,3,3,2,25,11
12858,130351121,430030,434089,1,3,24/08/2013,1620,3,1,1,1,2,3,1,25,11
12859,130351121,430030,434089,1,3,24/08/2013,1620,3,1,1,1,2,3,1,25,11
12860,130351231,427373,425400,1,1,25/08/2013,1152,3,1,1,1,2,3,2,12,1
12861,130351671,433904,436528,2,1,25/08/2013,1738,3,1,1,1,1,3,1,38,1
12862,130351677,439204,432224,2,1,25/08/2013,1550,3,1,1,1,2,3,1,69,8
12863,130352290,434683,434554,2,1,26/08/2013,940,3,1,1,1,1,3,1,46,9
12864,130352912,439846,432411,2,1,26/08/2013,1855,3,1,1,1,1,3,1,67,1
12865,130353101,430873,436243,1,1,26/08/2013,2115,6,1,1,1,3,3,2,18,9
12866,130353642,427873,434391,2,3,26/08/2013,1107,3,1,1,1,1,3,2,22,9
12867,130353642,427873,434391,2,3,26/08/2013,1107,3,1,1,1,1,3,2,23,9
12868,130353642,427873,434391,2,3,26/08/2013,1107,3,1,1,1,2,3,1,23,9
12869,130353931,419075,441940,1,1,27/08/2013,1300,3,1,1,1,2,3,2,56,11
12870,130354156,430417,433712,2,1,24/08/2013,1500,6,1,1,1,2,3,2,8,9
12871,130354382,434743,437536,2,1,27/08/2013,1724,6,1,1,1,1,2,1,17,2
12872,130354873,430969,440085,3,2,21/08/2013,1845,3,1,1,1,1,3,2,40,9
12873,130354873,430969,440085,3,2,21/08/2013,1845,3,1,1,1,2,3,2,42,9
12874,130354920,434198,436973,3,2,28/08/2013,720,3,1,1,1,1,3,1,25,9
12875,130354920,434198,436973,3,2,28/08/2013,720,3,1,1,1,1,3,2,28,9
12876,130355132,427962,435209,3,1,28/08/2013,946,6,1,1,1,1,3,2,71,9
12877,130355176,422799,433542,1,1,12/08/2013,1125,4,1,1,1,2,2,2,81,11
12878,130355306,425526,432882,2,1,25/08/2013,1300,6,1,1,1,1,3,1,29,3
12879,130355618,425896,438805,2,2,28/08/2013,1410,6,1,1,1,2,3,2,6,9
12880,130355618,425896,438805,2,2,28/08/2013,1410,6,1,1,1,2,3,2,51,9
12881,130356071,442554,435096,1,1,28/08/2013,1857,4,1,1,1,1,3,1,39,4
12882,130357063,428895,435371,8,4,29/08/2013,1240,6,1,1,1,1,2,2,50,9
12883,130357063,428895,435371,8,4,29/08/2013,1240,6,1,1,1,1,3,1,21,9
12884,130357063,428895,435371,8,4,29/08/2013,1240,6,1,1,1,1,3,1,30,9
12885,130357063,428895,435371,8,4,29/08/2013,1240,6,1,1,1,2,3,1,7,9
12886,130357575,441568,430506,2,1,29/08/2013,1710,4,1,1,1,1,3,2,46,9
12887,130357587,427828,436514,2,1,29/08/2013,1940,4,1,1,1,1,3,2,28,1
12888,130357610,420187,445469,1,1,29/08/2013,1505,6,1,1,1,3,3,2,83,2
12889,130357655,430466,435436,1,1,29/08/2013,1950,3,1,1,1,3,2,1,6,9
12890,130357681,422872,439314,3,1,29/08/2013,1819,6,1,1,1,1,3,1,41,9
12891,130358661,427836,436296,2,1,30/08/2013,1001,3,1,1,1,1,3,1,22,1
12892,130359001,429911,436612,1,1,26/08/2013,1535,6,1,1,1,3,2,2,73,9
12893,130359139,429399,437293,2,1,30/08/2013,925,6,1,1,1,1,3,1,22,1
12894,130359180,426451,426739,1,1,30/08/2013,1700,3,1,1,1,3,3,1,11,9
12895,130359504,434126,428754,1,1,30/08/2013,2044,6,1,1,1,3,3,1,19,9
12896,130359624,427522,436948,2,1,30/08/2013,925,3,1,1,1,1,3,1,13,1
12897,130360005,424637,444930,2,1,31/08/2013,1205,3,1,1,1,1,3,1,51,1
12898,130360317,430142,433773,1,1,31/08/2013,1450,6,1,1,1,3,2,2,81,90
12899,130360360,426968,439829,2,1,31/08/2013,1625,3,1,1,1,1,3,1,24,1
12900,130360429,432945,438856,2,1,31/08/2013,1525,6,1,1,1,1,3,1,48,5
12901,130360682,424520,444226,2,4,31/08/2013,1930,3,1,1,1,1,1,1,37,5
12902,130360682,424520,444226,2,4,31/08/2013,1930,3,1,1,1,1,3,2,43,9
12903,130360682,424520,444226,2,4,31/08/2013,1930,3,1,1,1,2,3,1,49,9
12904,130360682,424520,444226,2,4,31/08/2013,1930,3,1,1,1,2,3,2,15,9
12905,130360927,428834,434000,3,5,01/09/2013,39,6,1,4,1,1,2,1,41,8
12906,130360927,428834,434000,3,5,01/09/2013,39,6,1,4,1,1,2,1,24,9
12907,130360927,428834,434000,3,5,01/09/2013,39,6,1,4,1,2,1,1,22,9
12908,130360927,428834,434000,3,5,01/09/2013,39,6,1,4,1,2,2,1,26,9
12909,130360927,428834,434000,3,5,01/09/2013,39,6,1,4,1,2,2,1,27,9
12910,130361239,441365,433578,1,1,01/09/2013,1234,6,1,1,1,3,2,2,75,9
12911,130362032,437327,435795,2,4,02/09/2013,207,6,1,4,4,2,3,1,14,9
12912,130362032,437327,435795,2,4,02/09/2013,207,6,1,4,4,2,3,1,16,9
12913,130362032,437327,435795,2,4,02/09/2013,207,6,1,4,4,2,3,1,15,9
12914,130362032,437327,435795,2,4,02/09/2013,207,6,1,4,4,2,2,1,18,9
12915,130362099,432526,433753,2,1,01/09/2013,1330,6,1,1,1,1,3,1,22,1
12916,130363051,432056,435965,2,1,02/09/2013,1520,6,1,1,1,2,3,2,11,8
12917,130363194,430412,437057,2,1,02/09/2013,1750,6,1,1,1,1,3,1,29,1
12918,130363311,426278,435585,2,4,27/08/2013,1900,3,1,1,1,1,3,2,20,9
12919,130363311,426278,435585,2,4,27/08/2013,1900,3,1,1,1,1,3,2,25,9
12920,130363311,426278,435585,2,4,27/08/2013,1900,3,1,1,1,2,3,1,19,9
12921,130363311,426278,435585,2,4,27/08/2013,1900,3,1,1,1,2,3,1,19,9
12922,130364206,431290,437561,2,2,30/08/2013,1830,6,1,1,1,1,3,2,25,9
12923,130364206,431290,437561,2,2,30/08/2013,1830,6,1,1,1,2,3,2,8,9
12924,130364560,424498,439134,2,1,03/09/2013,1355,6,1,1,1,1,3,1,80,1
12925,130364618,434454,433702,2,1,03/09/2013,1530,3,1,1,1,2,3,2,37,9
12926,130364703,422424,433508,1,1,03/09/2013,1110,6,1,1,1,3,3,2,47,19
12927,130364740,439805,441446,1,1,03/09/2013,1400,6,1,1,1,1,2,1,59,9
12928,130365308,422383,432909,2,1,04/09/2013,728,6,1,1,1,1,3,2,43,9
12929,130365492,429313,433672,2,1,03/09/2013,830,3,1,1,1,1,3,1,70,9
12930,130365601,430070,431136,2,1,04/09/2013,955,3,1,1,1,1,3,1,26,1
12931,130365604,439315,432381,2,1,04/09/2013,1050,3,1,1,1,1,3,2,53,1
12932,130365884,429744,430554,2,2,04/09/2013,1255,3,1,1,1,1,3,1,24,9
12933,130365884,429744,430554,2,2,04/09/2013,1255,3,1,1,1,2,3,1,22,9
12934,130366108,431401,435025,2,1,02/09/2013,1000,6,1,1,1,1,3,1,34,1
12935,130366143,432187,425986,3,3,04/09/2013,1425,1,1,1,1,1,3,2,30,9
12936,130366143,432187,425986,3,3,04/09/2013,1425,1,1,1,1,1,3,2,32,9
12937,130366143,432187,425986,3,3,04/09/2013,1425,1,1,1,1,1,3,1,46,19
12938,130366577,436234,434277,2,1,04/09/2013,2006,3,1,1,1,1,2,1,44,1
12939,130366586,428706,433138,2,1,04/09/2013,1240,3,1,1,1,1,2,1,18,1
12940,130366863,435223,425888,3,1,04/09/2013,820,1,1,1,1,1,3,2,31,9
12941,130366924,424694,434439,2,1,05/09/2013,715,4,1,1,1,1,3,1,54,9
12942,130367067,428514,433062,2,2,05/09/2013,755,4,1,1,1,1,3,2,57,9
12943,130367067,428514,433062,2,2,05/09/2013,755,4,1,1,1,2,3,2,61,9
12944,130367623,427719,427919,3,1,05/09/2013,940,6,1,1,1,1,3,2,58,9
12945,130368095,422209,433910,2,1,04/09/2013,1545,4,1,1,1,1,3,2,24,1
12946,130368125,430233,435114,2,1,05/09/2013,1728,6,1,1,1,1,3,1,41,1
12947,130368179,435845,435740,1,1,05/09/2013,1945,6,1,1,1,3,3,2,17,9
12948,130368629,440362,448159,2,1,06/09/2013,812,3,2,1,1,3,3,2,12,9
12949,130368682,425591,437571,3,2,06/09/2013,805,6,1,1,1,1,3,1,21,1
12950,130368682,425591,437571,3,2,06/09/2013,805,6,1,1,1,1,2,1,21,1
12951,130368902,421076,434310,2,1,06/09/2013,1111,6,2,1,1,1,3,2,44,9
12952,130369173,431885,435063,1,1,06/09/2013,1348,6,1,1,1,3,3,1,60,9
12953,130369499,430564,433695,1,1,06/09/2013,1640,6,2,1,2,3,3,2,19,9
12954,130369527,420974,434355,2,1,06/09/2013,1810,3,2,1,2,1,3,1,35,5
12955,130369554,442571,435108,2,2,06/09/2013,1725,4,2,1,2,1,3,2,39,9
12956,130369554,442571,435108,2,2,06/09/2013,1725,4,2,1,2,1,3,1,36,9
12957,130369639,436920,435090,2,2,06/09/2013,1950,6,2,1,1,1,3,1,23,8
12958,130369639,436920,435090,2,2,06/09/2013,1950,6,2,1,1,1,3,1,29,9
12959,130369662,422256,433483,2,1,06/09/2013,1345,6,1,1,1,1,3,1,46,9
12960,130369752,424256,428201,2,1,06/09/2013,2130,3,1,4,1,1,3,1,25,9
12961,130370651,429977,428088,1,1,07/09/2013,1825,6,1,1,1,3,3,1,11,11
12962,130370720,429907,436991,1,1,07/09/2013,1957,3,1,4,1,3,3,1,5,9
12963,130370932,425238,433570,2,3,07/09/2013,2245,6,1,4,1,2,3,1,26,9
12964,130370932,425238,433570,2,3,07/09/2013,2245,6,1,4,1,2,3,2,25,9
12965,130370932,425238,433570,2,3,07/09/2013,2245,6,1,4,1,2,3,2,20,9
12966,130371261,427141,426212,1,1,08/09/2013,1020,3,1,1,1,1,3,1,19,3
12967,130372184,425650,434220,2,2,09/09/2013,101,3,1,4,1,1,3,1,35,9
12968,130372184,425650,434220,2,2,09/09/2013,101,3,1,4,1,2,3,1,36,9
12969,130372217,442618,427972,2,1,08/09/2013,1225,3,1,1,1,1,3,1,68,3
12970,130372462,436029,435927,2,1,09/09/2013,810,3,1,1,1,1,3,2,53,9
12971,130372907,430059,433985,1,1,09/09/2013,1335,3,1,1,1,2,3,1,58,11
12972,130374198,430718,433096,1,2,31/08/2013,1700,3,1,1,1,3,2,2,28,9
12973,130374198,430718,433096,1,2,31/08/2013,1700,3,1,1,1,3,3,2,9,9
12974,130374426,424612,435106,1,1,10/09/2013,1010,3,1,1,1,2,3,2,81,11
12975,130375654,430253,433217,2,1,11/09/2013,750,6,1,1,1,1,3,1,37,1
12976,130376547,432060,435965,2,1,11/09/2013,1435,6,1,1,1,2,3,2,26,9
12977,130377236,424482,435630,2,1,12/09/2013,738,6,1,1,1,1,3,2,49,9
12978,130377372,426511,433225,2,1,10/09/2013,1940,6,1,1,1,1,3,1,21,3
12979,130378326,426160,433543,2,2,12/09/2013,1648,6,1,1,1,1,3,1,23,9
12980,130378326,426160,433543,2,2,12/09/2013,1648,6,1,1,1,1,3,1,23,9
12981,130378932,428546,431408,2,1,12/09/2013,1705,3,1,1,1,1,3,2,41,9
12982,130379337,423747,434564,2,1,13/09/2013,1215,3,1,1,1,2,3,2,51,11
12983,130379611,419392,442069,1,1,13/09/2013,1615,6,2,1,5,3,2,1,70,9
12984,130379815,427030,430720,3,2,13/09/2013,925,3,1,1,1,1,2,1,28,1
12985,130379815,427030,430720,3,2,13/09/2013,925,3,1,1,1,2,3,1,44,9
12986,130380672,436991,433584,3,6,14/09/2013,1445,3,1,1,1,1,3,1,33,9
12987,130380672,436991,433584,3,6,14/09/2013,1445,3,1,1,1,2,3,1,13,9
12988,130380672,436991,433584,3,6,14/09/2013,1445,3,1,1,1,2,3,2,33,9
12989,130380672,436991,433584,3,6,14/09/2013,1445,3,1,1,1,2,3,1,13,9
12990,130380672,436991,433584,3,6,14/09/2013,1445,3,1,1,1,2,3,1,13,9
12991,130380672,436991,433584,3,6,14/09/2013,1445,3,1,1,1,2,3,2,21,9
12992,130381798,424619,445030,1,2,15/09/2013,1330,3,2,1,1,1,3,1,50,5
12993,130381798,424619,445030,1,2,15/09/2013,1330,3,2,1,1,2,3,2,52,5
12994,130381846,431628,435556,2,1,15/09/2013,1340,6,1,1,2,1,3,1,17,1
12995,130382148,445376,431777,2,2,15/09/2013,445,2,1,6,1,1,3,1,20,9
12996,130382148,445376,431777,2,2,15/09/2013,445,2,1,6,1,2,3,1,14,9
12997,130382183,434925,429296,1,1,15/09/2013,1645,6,1,1,1,3,3,2,7,3
12998,130382711,423709,437537,2,1,16/09/2013,815,6,2,1,1,1,3,1,35,1
12999,130382715,437068,437604,1,1,16/09/2013,812,6,2,1,1,1,2,2,22,3
13000,130382740,431778,435390,1,1,16/09/2013,955,6,1,1,4,3,3,1,78,19
13001,130383299,426062,434107,2,1,15/09/2013,1830,3,1,1,1,1,3,1,39,9
13002,130383396,430056,439625,2,1,15/09/2013,1830,6,2,1,5,2,3,2,24,9
13003,130383414,440881,429804,2,1,16/09/2013,805,6,1,1,1,1,3,2,31,9
13004,130383464,420341,445357,1,1,14/09/2013,1900,6,1,1,1,3,3,1,10,9
13005,130383578,423413,434173,2,1,16/09/2013,1844,6,2,1,2,1,3,1,27,1
13006,130383883,422040,443088,1,4,17/09/2013,100,6,1,6,1,1,3,1,22,9
13007,130383883,422040,443088,1,4,17/09/2013,100,6,1,6,1,2,3,1,60,9
13008,130383883,422040,443088,1,4,17/09/2013,100,6,1,6,1,2,3,1,21,9
13009,130383883,422040,443088,1,4,17/09/2013,100,6,1,6,1,2,3,1,22,9
13010,130383997,423018,437654,2,1,17/09/2013,740,3,1,1,1,1,3,1,43,5
13011,130384778,426367,438006,6,4,17/09/2013,1600,6,1,1,1,1,2,1,83,9
13012,130384778,426367,438006,6,4,17/09/2013,1600,6,1,1,1,2,3,1,66,9
13013,130384778,426367,438006,6,4,17/09/2013,1600,6,1,1,1,1,3,1,74,9
13014,130384778,426367,438006,6,4,17/09/2013,1600,6,1,1,1,2,3,2,71,9
13015,130384861,425796,428122,2,1,17/09/2013,1730,3,1,1,1,1,3,1,63,4
13016,130384886,428278,435111,2,1,17/09/2013,1730,6,1,1,1,1,3,1,23,9
13017,130384950,432038,430981,2,1,17/09/2013,1720,3,1,1,1,1,2,1,26,4
13018,130384951,431451,435820,2,1,17/09/2013,1915,6,1,1,1,1,3,1,20,1
13019,130385588,430192,434346,2,1,18/09/2013,936,3,1,1,1,1,3,2,31,9
13020,130385817,432063,435962,2,1,18/09/2013,910,6,1,1,1,1,3,1,43,1
13021,130386256,427009,428395,2,1,18/09/2013,1740,6,2,1,9,1,3,1,13,1
13022,130387233,430891,436395,2,1,19/09/2013,918,6,1,1,1,2,3,2,36,11
13023,130387306,436289,434703,2,1,19/09/2013,1140,6,2,1,1,1,3,1,87,22
13024,130387704,419834,434065,4,1,19/09/2013,1604,3,1,1,1,1,3,1,28,9
13025,130387713,426899,439317,2,1,01/09/2013,1915,3,1,1,1,1,3,2,29,9
13026,130388031,431408,438792,2,2,19/09/2013,2045,6,1,1,1,1,3,2,50,9
13027,130388031,431408,438792,2,2,19/09/2013,2045,6,1,1,1,2,3,2,43,9
13028,130388133,432904,440097,2,2,20/09/2013,703,6,1,1,1,1,3,1,62,9
13029,130388133,432904,440097,2,2,20/09/2013,703,6,1,1,1,2,3,2,54,9
13030,130388531,431911,434798,1,1,16/09/2013,1515,6,1,1,1,3,3,1,32,9
13031,130388754,426860,437737,2,1,20/09/2013,1045,3,1,1,1,1,3,2,43,1
13032,130389315,427592,434517,2,1,20/09/2013,1900,3,1,1,1,1,3,1,51,1
13033,130389333,426355,433601,1,1,20/09/2013,1625,6,1,1,1,3,3,1,4,9
13034,130390101,430302,433386,1,1,20/09/2013,2015,6,1,4,1,3,3,1,50,11
13035,130390130,420264,445366,2,1,20/09/2013,1935,6,1,1,1,1,3,1,26,4
13036,130390149,436735,435586,2,1,21/09/2013,1155,6,1,1,1,1,3,1,67,1
13037,130390389,421933,432971,1,1,16/09/2013,1715,4,1,1,1,3,3,2,57,9
13038,130390473,434892,433425,2,2,20/09/2013,1315,3,1,1,1,1,3,1,42,19
13039,130390473,434892,433425,2,2,20/09/2013,1315,3,1,1,1,2,3,1,46,19
13040,130391088,430097,431443,1,1,21/09/2013,1020,3,1,1,1,3,3,1,49,19
13041,130391300,437794,432100,1,1,22/09/2013,945,1,1,1,1,1,3,1,83,9
13042,130391499,430314,432674,1,1,21/09/2013,1730,6,1,1,1,3,3,1,7,9
13043,130391550,432525,433753,2,1,22/09/2013,1330,6,1,1,1,1,3,1,18,1
13044,130391687,430026,435538,2,3,22/09/2013,1610,6,1,1,1,1,3,1,28,9
13045,130391687,430026,435538,2,3,22/09/2013,1610,6,1,1,1,2,3,1,5,9
13046,130391687,430026,435538,2,3,22/09/2013,1610,6,1,1,1,2,3,2,25,9
13047,130391783,427940,436124,1,2,21/09/2013,230,3,1,1,1,3,3,2,20,9
13048,130391783,427940,436124,1,2,21/09/2013,230,3,1,1,1,3,2,2,20,9
13049,130392158,433286,434046,2,1,16/09/2013,1650,3,1,1,1,1,3,1,20,1
13050,130392219,434393,428879,3,2,23/09/2013,715,6,1,1,1,1,3,2,22,9
13051,130392219,434393,428879,3,2,23/09/2013,715,6,1,1,1,1,3,1,37,9
13052,130392273,431369,426412,3,3,23/09/2013,740,6,1,1,1,1,3,2,38,9
13053,130392273,431369,426412,3,3,23/09/2013,740,6,1,1,1,1,3,1,35,9
13054,130392273,431369,426412,3,3,23/09/2013,740,6,1,1,1,2,3,2,40,9
13055,130392583,430430,435766,1,1,20/09/2013,1930,3,1,1,1,3,3,2,17,1
13056,130392665,420301,433611,2,1,23/09/2013,920,6,1,1,1,1,3,2,34,9
13057,130392752,428509,432644,2,1,23/09/2013,1205,3,1,1,1,1,3,2,50,9
13058,130393133,432620,429450,2,1,23/09/2013,1331,1,1,1,1,1,3,1,45,19
13059,130393218,430055,433648,1,1,23/09/2013,1600,6,1,1,1,3,2,2,86,9
13060,130393378,429954,433141,2,1,12/09/2013,1745,6,1,1,1,1,3,1,31,1
13061,130393408,422529,433997,1,2,23/09/2013,1705,3,1,1,1,1,3,1,38,9
13062,130393408,422529,433997,1,2,23/09/2013,1705,3,1,1,1,3,2,1,43,9
13063,130393726,427739,436466,2,1,23/09/2013,1630,3,1,1,1,1,3,1,34,1
13064,130394703,438949,431553,2,2,24/09/2013,1520,3,1,1,1,1,3,2,51,9
13065,130394703,438949,431553,2,2,24/09/2013,1520,3,1,1,1,2,3,2,83,9
13066,130394704,429725,425658,1,2,24/09/2013,805,3,1,1,1,1,3,1,20,9
13067,130394704,429725,425658,1,2,24/09/2013,805,3,1,1,1,2,3,1,16,9
13068,130394717,424861,435814,2,1,24/09/2013,1640,6,1,1,1,1,3,1,4,1
13069,130395167,432674,436918,2,1,24/09/2013,1208,6,1,1,1,1,3,1,38,9
13070,130395347,433452,433578,2,3,24/09/2013,1615,6,1,1,1,2,3,2,17,9
13071,130395347,433452,433578,2,3,24/09/2013,1615,6,1,1,1,2,3,1,19,9
13072,130395347,433452,433578,2,3,24/09/2013,1615,6,1,1,1,2,3,2,7,9
13073,130396143,430908,430553,2,1,21/09/2013,2010,1,1,4,1,1,3,1,25,9
13074,130396681,430583,438150,2,1,25/09/2013,1100,3,1,1,1,1,3,2,68,9
13075,130397023,441084,449480,1,1,18/09/2013,200,2,1,6,1,1,3,2,66,9
13076,130397851,420402,445352,2,1,26/09/2013,1710,6,1,1,1,1,3,1,52,1
13077,130397871,428785,433273,3,1,26/09/2013,1600,3,1,1,1,1,3,2,30,9
13078,130398125,430098,439336,2,2,25/09/2013,1720,6,1,1,1,1,3,1,33,9
13079,130398125,430098,439336,2,2,25/09/2013,1720,6,1,1,1,1,3,1,62,9
13080,130398196,429699,433805,1,1,27/09/2013,5,6,1,4,1,3,2,1,19,9
13081,130399274,430683,432925,2,1,27/09/2013,1535,6,1,1,1,1,3,1,60,5
13082,130399279,423820,433850,1,1,27/09/2013,1532,6,1,1,1,3,2,1,12,20
13083,130399295,433376,432995,2,2,27/09/2013,1620,6,1,1,1,1,3,1,45,1
13084,130399295,433376,432995,2,2,27/09/2013,1620,6,1,1,1,1,3,1,15,1
13085,130399336,443053,431634,1,1,27/09/2013,1620,3,1,1,1,1,3,1,61,5
13086,130399685,430294,433813,1,1,27/09/2013,2221,6,1,4,1,3,3,1,68,9
13087,130399837,436182,434447,2,1,27/09/2013,1219,3,1,1,1,1,3,1,28,9
13088,130400028,435369,436555,2,1,27/09/2013,1300,6,1,1,1,1,3,1,23,3
13089,130400670,431008,429750,1,1,28/09/2013,2005,6,1,1,1,3,3,2,12,8
13090,130400692,431445,429409,2,1,28/09/2013,1850,6,1,4,1,1,3,1,24,3
13091,130401060,430759,434652,1,1,29/09/2013,500,3,1,1,1,3,3,1,21,9
13092,130401338,432749,431007,2,1,29/09/2013,802,6,1,1,1,1,3,1,23,3
13093,130401718,423900,434040,1,1,29/09/2013,1440,6,1,1,1,2,2,2,49,90
13094,130402107,429923,427827,1,1,29/09/2013,1755,6,1,1,1,3,3,1,7,9
13095,130402294,427607,434510,2,1,27/09/2013,1705,3,1,1,1,1,3,1,46,1
13096,130402444,430942,432193,2,1,30/09/2013,940,3,1,1,1,1,3,1,41,1
13097,130402994,429578,433440,1,2,28/09/2013,1535,6,1,1,1,3,3,1,77,9
13098,130402994,429578,433440,1,2,28/09/2013,1535,6,1,1,1,3,2,2,75,9
13099,130403328,427564,431056,3,1,30/09/2013,1645,1,1,1,1,2,3,2,30,9
13100,130403497,425951,428280,2,1,30/09/2013,1650,6,1,1,1,1,3,1,42,5
13101,130403515,430644,431247,1,1,30/09/2013,1645,6,1,1,1,3,3,1,17,9
13102,130404341,431439,434132,2,1,01/10/2013,920,6,1,1,1,1,2,1,39,1
13103,130404483,431498,433418,1,2,30/09/2013,940,6,1,1,1,1,3,2,37,9
13104,130404483,431498,433418,1,2,30/09/2013,940,6,1,1,1,2,3,2,17,9
13105,130404902,425665,434403,1,1,01/10/2013,1500,6,1,1,1,3,3,1,4,9
13106,130405749,433172,435236,3,2,02/10/2013,835,6,2,1,2,1,3,2,37,9
13107,130405749,433172,435236,3,2,02/10/2013,835,6,2,1,2,1,3,2,34,9
13108,130405949,434203,436970,2,2,01/10/2013,2008,3,1,4,1,1,3,1,24,9
13109,130405949,434203,436970,2,2,01/10/2013,2008,3,1,4,1,1,3,1,28,9
13110,130406698,424071,431855,2,2,02/10/2013,1923,6,2,4,1,1,3,1,27,9
13111,130406698,424071,431855,2,2,02/10/2013,1923,6,2,4,1,2,3,1,20,9
13112,130407349,433906,427678,2,1,03/10/2013,1150,3,1,1,1,1,3,2,46,9
13113,130407462,428276,436687,2,1,30/09/2013,1730,6,1,1,1,1,2,1,33,1
13114,130408075,430961,440060,2,1,03/10/2013,1755,3,2,1,2,1,3,1,80,9
13115,130408165,425569,428627,3,2,03/10/2013,1835,4,1,1,1,1,3,2,60,9
13116,130408165,425569,428627,3,2,03/10/2013,1835,4,1,1,1,1,3,1,25,9
13117,130409115,428653,436825,2,2,04/10/2013,940,6,2,1,1,2,3,2,25,9
13118,130409115,428653,436825,2,2,04/10/2013,940,6,2,1,1,2,3,2,3,9
13119,130409559,421399,433122,2,1,03/10/2013,1724,4,1,1,1,1,3,1,16,2
13120,130410068,434542,436871,2,2,05/10/2013,1250,6,1,1,1,1,3,2,38,9
13121,130410068,434542,436871,2,2,05/10/2013,1250,6,1,1,1,2,3,2,34,9
13122,130410670,427055,433470,2,1,05/10/2013,1150,6,1,1,1,1,3,1,43,9
13123,130410839,431189,433693,2,1,05/10/2013,1425,3,1,1,1,2,3,2,20,9
13124,130410971,426860,440481,2,1,04/10/2013,853,6,2,1,1,1,3,2,33,9
13125,130411639,440402,449274,2,1,06/10/2013,945,4,1,1,1,1,3,1,50,1
13126,130411689,434461,433713,1,1,06/10/2013,730,3,1,1,1,1,2,1,41,9
13127,130411735,425000,433188,2,1,06/10/2013,1021,3,1,1,1,1,3,1,51,4
13128,130412019,432499,435109,1,1,06/10/2013,1605,6,1,1,1,3,3,2,7,9
13129,130412102,430148,438226,2,2,06/10/2013,1642,3,1,1,1,1,3,2,29,9
13130,130412102,430148,438226,2,2,06/10/2013,1642,3,1,1,1,2,3,2,8,9
13131,130413846,428804,437214,2,1,30/09/2013,655,4,1,1,1,1,3,1,37,1
13132,130414113,425820,426748,1,1,07/10/2013,2223,6,1,4,1,3,3,1,33,9
13133,130414251,425442,433370,1,1,07/10/2013,1005,6,1,1,1,2,3,2,4,11
13134,130414526,428589,435663,2,1,07/10/2013,1145,3,1,1,1,1,3,1,18,1
13135,130414644,423818,431577,2,2,08/10/2013,829,6,2,1,1,1,3,2,29,9
13136,130414644,423818,431577,2,2,08/10/2013,829,6,2,1,1,1,3,2,22,9
13137,130414872,431753,434598,2,3,08/10/2013,1200,6,1,1,1,1,3,2,31,11
13138,130414872,431753,434598,2,3,08/10/2013,1200,6,1,1,1,2,3,2,73,11
13139,130414872,431753,434598,2,3,08/10/2013,1200,6,1,1,1,2,3,1,22,11
13140,130415572,424776,437959,1,1,08/10/2013,1730,6,1,1,1,3,3,1,79,9
13141,130415662,429212,433492,1,1,08/10/2013,2130,6,1,4,1,1,2,1,31,1
13142,130415767,438305,438739,1,3,08/10/2013,2210,3,1,6,1,1,3,2,21,9
13143,130415767,438305,438739,1,3,08/10/2013,2210,3,1,6,1,2,3,1,21,9
13144,130415767,438305,438739,1,3,08/10/2013,2210,3,1,6,1,2,3,2,21,9
13145,130416551,430097,431430,1,1,08/10/2013,1919,3,1,4,1,3,3,2,37,1
13146,130416961,433893,427667,1,1,09/10/2013,1640,6,1,1,1,3,3,1,13,9