Col.Number,Reference.Number,Easting,Northing,Number.of.Vehicles,Number.of.Casualties,Accident.Date,Time..24hr.,X1st.Road.Class,Road.Surface,Lighting.Conditions,Weather.Conditions,Casualty.Class,Casualty.Severity,Sex.of.Casualty,Age.of.Casualty,Type.of.Vehicle
13147,130417291,421877,443009,1,1,09/10/2013,2010,6,2,6,1,1,3,1,17,3
13148,130417479,435429,439799,1,5,10/10/2013,255,3,1,7,1,1,3,2,29,9
13149,130417479,435429,439799,1,5,10/10/2013,255,3,1,7,1,2,2,1,23,9
13150,130417479,435429,439799,1,5,10/10/2013,255,3,1,7,1,2,3,2,36,9
13151,130417479,435429,439799,1,5,10/10/2013,255,3,1,7,1,2,3,2,31,9
13152,130417479,435429,439799,1,5,10/10/2013,255,3,1,7,1,2,2,1,28,9
13153,130417510,427995,436015,2,1,09/10/2013,1930,3,1,1,1,1,3,1,30,1
13154,130418071,428544,435676,3,1,10/10/2013,1236,3,1,1,4,1,3,1,18,1
13155,130418088,430491,431630,4,1,10/10/2013,920,1,1,1,1,1,3,2,45,9
13156,130418405,428688,435178,2,1,10/10/2013,1435,6,1,1,1,2,2,1,22,9
13157,130418544,420882,434424,1,1,09/10/2013,1510,3,1,1,1,3,2,1,13,9
13158,130419204,422233,429101,1,1,11/10/2013,615,4,2,4,1,1,3,1,45,9
13159,130419526,431506,435131,2,1,09/10/2013,713,3,1,4,1,1,3,2,57,9
13160,130419579,425151,427779,3,2,11/10/2013,1320,6,2,1,1,1,3,2,72,9
13161,130419579,425151,427779,3,2,11/10/2013,1320,6,2,1,1,1,3,2,40,9
13162,130419601,425170,437841,2,2,11/10/2013,1205,3,1,1,1,3,2,1,45,9
13163,130419601,425170,437841,2,2,11/10/2013,1205,3,1,1,1,3,3,1,4,9
13164,130419694,430438,433615,1,1,11/10/2013,1213,6,1,1,1,3,3,1,48,9
13165,130419844,429049,435365,2,1,11/10/2013,1020,3,1,1,1,1,3,1,23,1
13166,130419924,432223,435154,2,1,02/10/2013,1750,4,1,1,1,1,3,1,47,9
13167,130420045,423813,438274,1,1,11/10/2013,1530,6,1,1,4,3,3,1,3,9
13168,130420055,427530,438604,1,3,10/10/2013,1545,3,1,1,1,2,3,1,13,11
13169,130420055,427530,438604,1,3,10/10/2013,1545,3,1,1,1,2,3,2,13,11
13170,130420055,427530,438604,1,3,10/10/2013,1545,3,1,1,1,2,3,2,14,11
13171,130420213,427486,434583,2,1,11/10/2013,1910,3,2,4,4,1,2,1,52,1
13172,130420408,426783,435564,2,1,11/10/2013,2350,6,1,4,1,2,2,2,36,9
13173,130421549,428102,432982,1,1,12/10/2013,1900,6,1,1,1,3,3,1,42,11
13174,130421756,428126,433074,1,1,12/10/2013,1945,6,1,1,1,1,3,1,21,3
13175,130421771,430859,434151,1,1,12/10/2013,2200,3,1,1,1,1,3,1,17,3
13176,130422542,440396,437389,1,1,13/10/2013,1515,3,2,1,1,1,2,1,75,9
13177,130422622,420334,445550,2,1,13/10/2013,1645,3,2,1,1,2,3,2,52,5
13178,130422639,430233,433394,1,1,13/10/2013,1,6,2,4,1,3,3,2,16,8
13179,130422640,429006,432318,2,1,13/10/2013,1820,6,1,4,1,2,3,2,24,8
13180,130422950,425622,438011,2,3,13/10/2013,2018,3,1,1,1,1,3,1,24,2
13181,130422950,425622,438011,2,3,13/10/2013,2018,3,1,1,1,1,3,2,25,9
13182,130422950,425622,438011,2,3,13/10/2013,2018,3,1,1,1,2,2,1,44,2
13183,130423024,428322,429613,3,1,13/10/2013,1335,3,1,1,2,1,3,1,32,9
13184,130423035,433365,436925,2,1,12/10/2013,920,6,2,1,1,1,3,1,18,3
13185,130423720,428525,431398,1,1,10/10/2013,1945,3,1,4,1,2,2,2,54,90
13186,130423861,419631,438553,3,2,14/10/2013,1249,3,2,1,1,1,3,2,34,9
13187,130423861,419631,438553,3,2,14/10/2013,1249,3,2,1,1,1,3,2,41,9
13188,130423876,419924,434106,2,2,14/10/2013,1450,3,2,1,2,1,3,2,67,9
13189,130423876,419924,434106,2,2,14/10/2013,1450,3,2,1,2,2,3,2,24,9
13190,130424246,429049,435365,1,1,14/10/2013,1520,3,1,1,1,2,3,1,5,11
13191,130425025,439314,432419,2,1,15/10/2013,610,3,1,1,1,1,3,1,28,3
13192,130425080,429866,434308,1,1,14/10/2013,1435,3,2,1,2,2,3,2,66,11
13193,130425133,431966,435829,2,4,15/10/2013,950,3,1,1,1,1,3,2,38,9
13194,130425133,431966,435829,2,4,15/10/2013,950,3,1,1,1,1,3,1,28,9
13195,130425133,431966,435829,2,4,15/10/2013,950,3,1,1,1,2,3,1,32,9
13196,130425133,431966,435829,2,4,15/10/2013,950,3,1,1,1,2,3,1,30,9
13197,130425144,428644,435282,2,1,01/10/2013,1900,6,1,1,1,1,3,1,29,1
13198,130425550,432488,436581,1,1,15/10/2013,1520,6,1,1,1,3,3,2,14,9
13199,130425921,428950,435477,1,1,16/10/2013,2225,3,1,1,1,3,3,1,41,9
13200,130426387,441721,427971,2,1,10/10/2013,905,6,1,1,1,1,3,2,37,9
13201,130426743,427842,430557,3,1,16/10/2013,800,3,2,1,4,1,3,1,43,9
13202,130427018,434407,433731,1,1,16/10/2013,1510,4,2,1,2,3,2,2,82,9
13203,130427119,423839,434265,2,1,16/10/2013,1625,6,1,1,1,1,3,2,38,9
13204,130428111,428433,435000,2,1,17/10/2013,815,6,2,1,1,2,3,2,11,9
13205,130428320,426857,431675,1,1,17/10/2013,1009,3,2,1,1,1,3,1,57,9
13206,130428688,429674,436860,2,1,17/10/2013,1740,6,1,1,1,1,3,1,9,1
13207,130428747,429152,431774,2,1,17/10/2013,1819,6,1,1,1,1,3,1,21,9
13208,130428787,427879,436571,2,1,17/10/2013,1845,4,1,4,1,1,2,1,30,3
13209,130429210,427897,436195,2,1,17/10/2013,1210,3,1,1,1,1,2,2,23,1
13210,130429331,428588,430678,1,1,17/10/2013,1520,6,2,1,1,3,3,2,13,9
13211,130429798,431027,431640,1,1,17/10/2013,1915,6,1,4,9,3,3,2,43,9
13212,130430217,430453,425107,2,2,18/10/2013,1434,6,1,1,1,1,2,2,20,2
13213,130430217,430453,425107,2,2,18/10/2013,1434,6,1,1,1,3,3,1,12,2
13214,130430722,428826,435227,2,1,18/10/2013,1315,6,1,1,1,1,3,1,28,1
13215,130431243,424533,438403,1,1,19/10/2013,1230,6,1,1,1,3,3,1,10,8
13216,130431414,430577,433451,2,2,19/10/2013,1440,6,1,1,1,2,3,2,49,11
13217,130431414,430577,433451,2,2,19/10/2013,1440,6,1,1,1,2,3,2,79,11
13218,130431437,418966,442009,1,1,19/10/2013,1528,3,1,1,1,3,3,1,73,9
13219,130431534,427995,435189,2,1,19/10/2013,15,6,1,1,1,1,3,2,26,1
13220,130431976,430386,435825,1,1,20/10/2013,45,3,2,4,1,2,3,2,36,8
13221,130431982,430165,432847,1,1,20/10/2013,230,3,2,4,1,3,3,1,29,8
13222,130432250,431171,440728,2,1,20/10/2013,1015,3,2,1,1,1,3,2,53,5
13223,130432346,429337,433710,2,1,19/10/2013,2010,2,2,4,4,1,3,1,21,9
13224,130432470,431399,435025,2,1,20/10/2013,1300,6,1,1,1,1,3,1,41,9
13225,130432851,430104,433928,1,1,20/10/2013,215,6,2,4,2,3,3,1,19,9
13226,130433536,418890,442260,2,1,21/10/2013,715,6,1,1,1,1,3,1,34,9
13227,130433593,433520,432888,2,1,21/10/2013,810,6,2,1,1,1,3,1,33,9
13228,130433718,425706,428502,2,1,21/10/2013,810,6,1,1,1,1,2,1,47,4
13229,130433881,440929,447958,2,1,21/10/2013,1305,6,2,1,2,1,3,2,90,9
13230,130433931,430456,433682,1,1,21/10/2013,1325,6,2,1,2,3,3,2,78,3
13231,130434393,431965,431244,2,1,18/10/2013,1425,3,1,1,1,1,3,1,47,1
13232,130434424,425615,436356,2,2,21/10/2013,1650,3,1,1,1,1,3,1,72,9
13233,130434424,425615,436356,2,2,21/10/2013,1650,3,1,1,1,1,3,2,40,9
13234,130434723,434646,433602,1,1,21/10/2013,2040,3,2,4,1,3,3,1,14,9
13235,130434727,431855,434715,1,1,21/10/2013,2155,6,1,4,2,3,3,2,25,11
13236,130435307,429109,433846,1,1,22/10/2013,214,6,1,4,1,3,2,1,18,9
13237,130435364,420892,440980,2,1,22/10/2013,1055,6,2,1,2,1,3,1,72,9
13238,130435393,425402,427050,2,1,22/10/2013,834,3,2,1,1,1,2,2,17,3
13239,130435443,425278,427172,2,1,22/10/2013,1010,3,1,1,1,1,3,1,21,19
13240,130436137,442611,427577,3,1,22/10/2013,2318,3,1,4,1,1,3,2,26,9
13241,130436267,428508,432645,3,1,23/10/2013,650,3,2,1,2,1,3,1,28,9
13242,130437237,427871,436238,2,1,23/10/2013,755,3,2,1,2,1,3,1,33,1
13243,130437312,428844,430204,2,5,23/10/2013,1500,6,1,1,1,1,3,2,37,9
13244,130437312,428844,430204,2,5,23/10/2013,1500,6,1,1,1,1,3,2,54,9
13245,130437312,428844,430204,2,5,23/10/2013,1500,6,1,1,1,2,3,1,11,9
13246,130437312,428844,430204,2,5,23/10/2013,1500,6,1,1,1,2,3,2,1,9
13247,130437312,428844,430204,2,5,23/10/2013,1500,6,1,1,1,2,3,2,13,9
13248,130437362,430884,433481,2,1,22/10/2013,2250,6,2,4,2,1,3,1,22,1
13249,130438231,430311,433522,1,1,24/10/2013,1024,6,1,1,1,2,3,1,60,11
13250,130438778,423715,438716,1,1,24/10/2013,1455,6,1,1,1,3,2,2,49,9
13251,130438817,430079,431184,1,1,24/10/2013,1615,3,1,1,1,3,2,1,11,9
13252,130438912,426502,433760,2,1,24/10/2013,1620,6,1,1,1,1,3,2,26,9
13253,130439093,430634,431189,2,3,24/10/2013,1945,6,1,4,1,1,3,1,58,9
13254,130439093,430634,431189,2,3,24/10/2013,1945,6,1,4,1,1,3,2,22,9
13255,130439093,430634,431189,2,3,24/10/2013,1945,6,1,4,1,2,3,2,22,9
13256,130439438,424278,428345,2,1,24/10/2013,2140,3,2,4,1,1,2,1,20,3
13257,130439634,429049,425722,2,2,25/10/2013,846,6,2,1,1,1,3,1,54,9
13258,130439634,429049,425722,2,2,25/10/2013,846,6,2,1,1,2,3,2,31,9
13259,130439659,431976,426259,4,2,25/10/2013,436,1,1,4,1,1,1,1,26,9
13260,130439659,431976,426259,4,2,25/10/2013,436,1,1,4,1,1,3,1,57,19
13261,130439842,430776,438444,1,1,24/10/2013,730,6,1,4,1,3,3,2,24,9
13262,130440030,421127,434478,2,1,24/10/2013,1310,4,1,1,1,1,3,2,53,9
13263,130440176,431766,434238,1,1,24/10/2013,815,6,1,1,1,3,3,1,12,9
13264,130440214,420955,439963,1,1,25/10/2013,807,4,2,1,2,3,3,1,13,9
13265,130440790,424571,434439,1,1,25/10/2013,1930,6,2,4,5,3,2,1,82,9
13266,130441294,429765,435773,2,1,23/10/2013,830,6,1,1,1,1,3,1,38,1
13267,130441508,429316,435019,2,1,24/10/2013,1450,3,2,1,1,1,3,1,18,1
13268,130441612,426900,435447,2,1,26/10/2013,1230,6,2,1,1,1,3,1,9,1
13269,130441618,423189,434659,2,1,22/10/2013,900,4,1,1,1,1,3,1,22,1
13270,130441622,424144,430434,2,1,26/10/2013,1240,3,1,1,1,1,2,1,30,3
13271,130442311,424538,445137,2,1,26/10/2013,1225,3,1,1,1,1,3,1,45,1
13272,130442822,428826,432503,2,1,12/10/2013,800,6,1,1,1,1,3,1,53,1
13273,130442881,430654,434683,2,2,27/10/2013,957,3,1,1,1,1,3,1,37,9
13274,130442881,430654,434683,2,2,27/10/2013,957,3,1,1,1,2,3,2,17,9
13275,130442889,429928,427585,4,1,27/10/2013,1000,6,2,1,2,1,3,2,25,9
13276,130443039,431864,430423,2,1,27/10/2013,940,3,1,1,1,1,3,1,15,1
13277,130443335,431885,435545,2,4,27/10/2013,1630,6,1,1,1,1,3,1,40,9
13278,130443335,431885,435545,2,4,27/10/2013,1630,6,1,1,1,2,3,2,18,9
13279,130443335,431885,435545,2,4,27/10/2013,1630,6,1,1,1,2,3,2,30,9
13280,130443335,431885,435545,2,4,27/10/2013,1630,6,1,1,1,2,3,2,12,9
13281,130443502,429232,435448,2,1,27/10/2013,1620,6,1,1,1,1,3,2,50,9
13282,130443544,428954,435472,2,1,27/10/2013,1700,3,2,1,1,1,3,2,30,9
13283,130444118,426574,427262,1,1,28/10/2013,939,6,2,1,2,3,3,2,71,9
13284,130444214,426196,437498,2,1,28/10/2013,915,6,2,1,1,1,3,1,22,9
13285,130444758,427217,433519,5,1,01/10/2013,1340,6,2,1,1,1,3,1,56,9
13286,130445009,430041,432551,1,1,28/10/2013,1744,3,2,4,1,3,3,1,2,9
13287,130445744,427135,426477,1,1,29/10/2013,1020,3,1,1,1,3,3,2,83,9
13288,130445992,430643,434702,2,3,29/10/2013,1140,3,1,1,1,1,3,2,52,9
13289,130445992,430643,434702,2,3,29/10/2013,1140,3,1,1,1,1,3,1,41,9
13290,130445992,430643,434702,2,3,29/10/2013,1140,3,1,1,1,2,3,1,36,9
13291,130446830,431140,434313,3,1,29/10/2013,1250,6,1,1,1,1,3,1,33,9
13292,130447285,428170,427776,4,1,30/10/2013,1054,6,1,1,1,1,3,1,37,19
13293,130447845,429436,433455,1,1,28/10/2013,755,6,1,1,1,3,3,2,23,9
13294,130448787,436944,441784,2,1,30/10/2013,1400,6,1,1,1,1,3,2,21,1
13295,130448855,434357,428231,2,1,30/10/2013,1915,6,1,1,1,1,3,1,53,1
13296,130448896,431889,435657,1,1,31/10/2013,1300,6,1,1,1,3,3,1,9,9
13297,130449100,428056,434320,2,1,31/10/2013,930,3,1,1,1,1,3,1,58,9
13298,130449383,430017,438609,2,1,31/10/2013,815,6,1,1,1,1,3,1,47,1
13299,130450211,435751,436383,1,1,01/11/2013,1205,6,1,1,1,2,3,2,69,11
13300,130450247,431219,434769,2,1,01/11/2013,1240,6,1,1,1,1,3,1,21,9
13301,130450576,430796,435329,1,1,01/11/2013,1230,6,1,1,1,3,2,2,4,11
13302,130450746,430848,436595,1,1,01/11/2013,1720,3,2,4,1,3,3,2,32,9
13303,130450780,429851,435712,2,1,01/11/2013,1710,6,1,1,1,1,2,1,26,3
13304,130450927,428979,435454,1,1,01/11/2013,1720,6,2,4,2,3,3,1,22,9
13305,130451115,422944,443093,2,3,02/11/2013,1751,6,2,4,5,1,3,1,21,9
13306,130451115,422944,443093,2,3,02/11/2013,1751,6,2,4,5,2,3,2,28,9
13307,130451115,422944,443093,2,3,02/11/2013,1751,6,2,4,5,2,3,2,22,9
13308,130451676,431451,435819,2,2,01/11/2013,1900,6,2,4,1,2,3,1,5,9
13309,130451676,431451,435819,2,2,01/11/2013,1900,6,2,4,1,2,3,1,8,9
13310,130451699,428550,434512,2,1,31/10/2013,1240,6,1,1,1,2,3,2,6,9
13311,130451817,429973,431074,1,1,20/10/2013,1300,6,1,1,1,2,3,2,52,8
13312,130452018,431874,435944,3,3,02/11/2013,1415,4,2,1,1,1,3,2,79,9
13313,130452018,431874,435944,3,3,02/11/2013,1415,4,2,1,1,1,3,1,37,9
13314,130452018,431874,435944,3,3,02/11/2013,1415,4,2,1,1,1,3,2,37,9
13315,130452809,429311,435025,1,1,01/11/2013,1720,3,2,4,8,3,3,2,20,9
13316,130453234,433963,441110,2,1,03/11/2013,1605,6,1,1,1,1,3,1,56,1
13317,130453261,430107,430931,4,3,03/11/2013,1613,6,1,1,1,1,3,1,26,9
13318,130453261,430107,430931,4,3,03/11/2013,1613,6,1,1,1,1,3,1,21,9
13319,130453261,430107,430931,4,3,03/11/2013,1613,6,1,1,1,2,3,1,20,9
13320,130453311,423275,433374,2,1,02/11/2013,1740,4,1,1,1,1,2,1,23,3
13321,130454196,431473,430372,2,1,04/11/2013,750,6,1,1,1,1,3,1,26,1
13322,130454937,426989,433437,2,1,04/11/2013,1708,6,1,4,1,1,3,1,54,9
13323,130455676,435082,438394,2,1,05/11/2013,755,6,2,1,1,1,3,1,38,9
13324,130455934,429371,433716,2,2,05/11/2013,810,3,2,1,2,1,3,2,38,9
13325,130455934,429371,433716,2,2,05/11/2013,810,3,2,1,2,2,3,2,30,9
13326,130455935,425085,439350,2,1,05/11/2013,630,6,2,1,2,1,2,1,40,9
13327,130456011,429427,433922,2,2,05/11/2013,1020,2,2,1,1,1,3,1,33,9
13328,130456011,429427,433922,2,2,05/11/2013,1020,2,2,1,1,2,3,2,34,9
13329,130456319,426063,427378,1,2,05/11/2013,1325,4,2,1,1,1,3,1,64,9
13330,130456319,426063,427378,1,2,05/11/2013,1325,4,2,1,1,3,3,1,17,9
13331,130456326,429737,430545,2,1,05/11/2013,1125,6,2,1,2,1,3,1,32,9
13332,130456903,429092,428692,3,5,05/11/2013,1840,6,2,4,1,1,3,2,33,9
13333,130456903,429092,428692,3,5,05/11/2013,1840,6,2,4,1,2,3,1,6,9
13334,130456903,429092,428692,3,5,05/11/2013,1840,6,2,4,1,2,3,1,9,9
13335,130456903,429092,428692,3,5,05/11/2013,1840,6,2,4,1,1,3,2,22,9
13336,130456903,429092,428692,3,5,05/11/2013,1840,6,2,4,1,2,2,2,22,9
13337,130457517,442037,442850,2,3,06/11/2013,725,6,2,1,2,1,3,1,62,9
13338,130457517,442037,442850,2,3,06/11/2013,725,6,2,1,2,1,3,1,26,9
13339,130457517,442037,442850,2,3,06/11/2013,725,6,2,1,2,2,3,1,29,9
13340,130458796,434190,436975,3,3,06/11/2013,2302,3,2,4,1,1,3,1,26,9
13341,130458796,434190,436975,3,3,06/11/2013,2302,3,2,4,1,1,3,2,30,9
13342,130458796,434190,436975,3,3,06/11/2013,2302,3,2,4,1,1,3,2,54,9
13343,130459182,443351,428757,1,1,07/11/2013,845,6,1,1,1,3,3,2,8,9
13344,130459243,425459,432856,2,1,06/11/2013,1230,3,1,1,1,1,3,1,19,3
13345,130459374,437653,429714,3,2,07/11/2013,1050,3,1,1,1,1,3,1,66,9
13346,130459374,437653,429714,3,2,07/11/2013,1050,3,1,1,1,1,3,1,65,9
13347,130459603,425499,434279,2,1,07/11/2013,1037,3,1,1,1,1,3,1,33,9
13348,130459645,430498,435236,2,1,07/11/2013,845,3,2,1,1,1,3,1,41,1
13349,130459854,423905,438203,1,1,07/11/2013,1405,6,1,1,1,3,2,2,74,9
13350,130460408,426912,429231,2,4,07/11/2013,1810,3,1,4,1,1,2,1,32,9
13351,130460408,426912,429231,2,4,07/11/2013,1810,3,1,4,1,1,3,1,27,9
13352,130460408,426912,429231,2,4,07/11/2013,1810,3,1,4,1,2,3,2,7,9
13353,130460408,426912,429231,2,4,07/11/2013,1810,3,1,4,1,2,3,1,3,9
13354,130461039,429533,437115,2,2,08/11/2013,950,6,1,1,1,1,3,1,40,19
13355,130461039,429533,437115,2,2,08/11/2013,950,6,1,1,1,1,3,1,32,9
13356,130461627,437240,435493,1,1,08/11/2013,1510,6,1,1,1,3,3,1,14,9
13357,130461635,440048,432469,1,2,08/11/2013,1455,6,1,1,1,1,3,1,46,9
13358,130461635,440048,432469,1,2,08/11/2013,1455,6,1,1,1,3,3,1,8,9
13359,130461765,431518,435142,2,1,08/11/2013,1600,3,1,1,1,1,3,1,51,1
13360,130461985,430052,432678,1,1,08/11/2013,2000,3,1,4,1,3,2,2,18,9
13361,130462441,430798,433443,2,2,09/11/2013,720,6,2,1,1,1,3,1,43,8
13362,130462441,430798,433443,2,2,09/11/2013,720,6,2,1,1,2,3,1,31,8
13363,130462569,430092,435420,2,1,09/11/2013,1030,6,2,1,2,1,2,1,24,1
13364,130462602,429080,433515,2,2,08/11/2013,1945,6,1,4,1,1,3,2,22,9
13365,130462602,429080,433515,2,2,08/11/2013,1945,6,1,4,1,2,3,2,24,9
13366,130462828,426058,436617,2,1,08/11/2013,1550,6,1,1,1,2,3,1,3,11
13367,130463063,431481,432547,2,1,09/11/2013,1755,3,2,4,2,1,3,1,27,9
13368,130463091,429950,433092,2,1,09/11/2013,1715,6,2,4,2,2,3,2,59,9
13369,130463093,425062,431030,2,4,09/11/2013,1940,3,2,4,1,1,3,1,62,9
13370,130463093,425062,431030,2,4,09/11/2013,1940,3,2,4,1,1,3,1,35,9
13371,130463093,425062,431030,2,4,09/11/2013,1940,3,2,4,1,2,3,1,60,9
13372,130463093,425062,431030,2,4,09/11/2013,1940,3,2,4,1,2,3,1,35,9
13373,130463355,427212,425186,1,1,10/11/2013,10,3,2,4,1,3,1,2,23,9
13374,130463793,433826,434053,4,2,09/11/2013,1043,3,2,1,2,1,3,1,25,9
13375,130463793,433826,434053,4,2,09/11/2013,1043,3,2,1,2,2,3,2,6,9
13376,130464031,427220,433519,2,1,10/11/2013,1615,6,1,1,1,1,3,1,35,9
13377,130464101,424126,444004,2,2,10/11/2013,1335,3,2,1,1,1,3,1,87,9
13378,130464101,424126,444004,2,2,10/11/2013,1335,3,2,1,1,1,3,2,47,1
13379,130464755,430904,436549,2,1,11/11/2013,825,6,2,1,1,1,3,1,52,1
13380,130465359,430219,432004,2,1,11/11/2013,1501,3,2,1,1,1,3,1,53,9
13381,130465460,421060,440041,1,1,11/11/2013,1550,4,1,1,1,3,3,1,11,9
13382,130465517,428791,435158,2,1,11/11/2013,1530,6,1,1,1,1,3,1,52,9
13383,130465540,430801,435338,2,1,11/11/2013,1548,6,1,1,1,2,3,1,30,9
13384,130466245,436973,429236,1,1,11/11/2013,1350,6,1,1,1,3,3,1,53,19
13385,130466249,429262,433483,2,1,12/11/2013,1,6,2,4,1,2,3,2,24,8
13386,130466373,430091,427031,2,1,12/11/2013,850,3,1,1,1,2,3,2,19,9
13387,130466550,430378,433543,1,1,12/11/2013,1120,6,1,1,1,2,2,1,41,11
13388,130467102,429861,438924,2,1,11/11/2013,830,3,2,1,2,1,3,1,28,9
13389,130467139,431547,438806,1,1,05/11/2013,1521,6,1,1,1,2,2,1,77,11
13390,130467175,426746,426828,2,2,12/11/2013,1915,4,1,1,1,1,3,1,23,9
13391,130467175,426746,426828,2,2,12/11/2013,1915,4,1,1,1,2,3,2,34,9
13392,130467445,430403,436612,1,3,12/11/2013,2318,4,1,4,1,1,3,1,24,9
13393,130467445,430403,436612,1,3,12/11/2013,2318,4,1,4,1,2,3,1,24,9
13394,130467445,430403,436612,1,3,12/11/2013,2318,4,1,4,1,2,3,1,24,9
13395,130467721,435734,436004,1,1,25/10/2013,1610,6,1,1,1,2,3,2,21,11
13396,130467836,419792,441282,2,1,13/11/2013,915,3,1,1,1,1,3,2,51,9
13397,130468091,429796,433969,2,1,13/11/2013,1118,6,1,1,1,1,3,1,24,9
13398,130468183,425226,434342,2,1,25/10/2013,1340,3,1,1,1,1,3,2,48,9
13399,130468686,427711,424506,1,1,12/11/2013,830,6,1,1,1,3,3,1,15,9
13400,130468828,424289,434612,1,1,13/11/2013,1645,6,1,1,1,3,2,2,9,9
13401,130470150,428761,430828,1,1,14/11/2013,1530,6,1,1,1,2,3,2,44,11
13402,130470270,429133,433852,2,1,14/11/2013,1445,6,1,1,1,1,2,1,60,3
13403,130470437,430751,439231,2,1,14/11/2013,2010,3,1,4,1,1,3,1,32,9
13404,130472287,428096,434660,2,2,15/11/2013,2330,6,1,1,1,2,3,2,25,9
13405,130472287,428096,434660,2,2,15/11/2013,2330,6,1,1,1,2,3,2,21,9
13406,130472672,430064,431116,2,1,16/11/2013,1305,3,1,1,1,1,3,1,23,1
13407,130473087,427645,431151,2,1,15/11/2013,840,3,1,1,1,1,3,1,18,1
13408,130473105,431913,433588,2,1,15/11/2013,1635,3,1,4,1,1,3,1,42,1
13409,130474283,426822,433446,1,1,17/11/2013,1635,6,1,4,1,3,3,1,63,9
13410,130474379,427650,434496,2,1,16/11/2013,2352,3,2,4,1,1,3,1,42,8
13411,130474561,433888,436522,1,1,17/11/2013,2205,3,1,4,1,1,2,1,22,9
13412,130475739,431401,435082,1,1,18/11/2013,1500,3,1,1,1,3,3,1,38,9
13413,130475969,430915,435580,1,1,18/11/2013,1648,6,1,1,1,2,3,2,35,11
13414,130476065,431260,432353,2,2,18/11/2013,1939,3,1,4,1,1,3,2,71,9
13415,130476065,431260,432353,2,2,18/11/2013,1939,3,1,4,1,1,3,2,22,1
13416,130476109,427325,437199,2,1,18/11/2013,1514,3,2,1,1,1,3,1,22,1
13417,130476711,424254,433948,2,2,19/11/2013,810,3,1,1,1,1,3,1,39,9
13418,130476711,424254,433948,2,2,19/11/2013,810,3,1,1,1,1,3,2,22,9
13419,130477406,434836,437977,2,1,19/11/2013,1725,3,1,4,1,1,3,1,45,5
13420,130478375,421018,441084,1,1,20/11/2013,1030,6,1,1,1,2,3,2,88,11
13421,130478476,430058,438640,2,1,20/11/2013,1156,4,1,1,1,2,3,1,25,9
13422,130478549,428191,432825,2,1,20/11/2013,1212,4,1,1,1,1,3,1,33,9
13423,130478573,417948,443070,2,1,19/11/2013,840,3,2,1,1,1,3,1,41,1
13424,130478627,423301,434732,2,2,20/11/2013,830,6,2,1,1,1,3,1,51,9
13425,130478627,423301,434732,2,2,20/11/2013,830,6,2,1,1,2,3,2,43,9
13426,130478953,422039,434378,2,2,20/11/2013,1340,4,1,1,1,1,3,1,31,9
13427,130478953,422039,434378,2,2,20/11/2013,1340,4,1,1,1,2,3,2,28,9
13428,130479055,429031,436313,2,1,20/11/2013,1758,6,1,1,1,1,2,1,30,1
13429,130479516,441828,439883,2,1,21/11/2013,730,3,1,1,1,1,3,2,22,9
13430,130479613,431652,434085,2,1,20/11/2013,840,6,2,1,2,2,3,2,22,8
13431,130479881,430626,440561,2,1,01/11/2013,703,6,2,4,1,1,3,1,15,1
13432,130479887,430331,433897,2,1,19/10/2013,2245,6,1,1,1,2,3,2,22,8
13433,130480025,440691,445811,1,1,21/11/2013,1115,3,1,1,1,2,3,2,88,9
13434,130480213,425149,437877,2,1,21/11/2013,1410,3,1,1,1,1,3,1,69,1
13435,130480454,427020,433104,1,1,21/11/2013,1618,4,1,1,1,3,3,2,18,9
13436,130480986,431915,430500,2,1,21/10/2013,915,3,2,1,2,1,3,1,30,9
13437,130481380,430531,433390,1,3,22/11/2013,1240,6,1,1,1,2,3,2,66,11
13438,130481380,430531,433390,1,3,22/11/2013,1240,6,1,1,1,2,3,2,41,11
13439,130481380,430531,433390,1,3,22/11/2013,1240,6,1,1,1,2,3,2,2,11
13440,130482122,441292,447953,2,2,22/11/2013,1535,6,1,1,1,1,2,1,55,9
13441,130482122,441292,447953,2,2,22/11/2013,1535,6,1,1,1,1,2,2,50,9
13442,130482268,430684,434520,2,2,22/11/2013,2215,6,2,4,1,1,3,2,65,9
13443,130482268,430684,434520,2,2,22/11/2013,2215,6,2,4,1,1,3,1,33,10
13444,130482609,427652,436671,1,1,23/11/2013,1015,6,1,1,1,3,2,1,34,9
13445,130482789,428977,433905,2,3,23/11/2013,1025,6,1,1,1,1,3,1,32,9
13446,130482789,428977,433905,2,3,23/11/2013,1025,6,1,1,1,1,3,2,27,9
13447,130482789,428977,433905,2,3,23/11/2013,1025,6,1,1,1,2,3,2,1,9