Col.Number,Reference.Number,Easting,Northing,Number.of.Vehicles,Number.of.Casualties,Accident.Date,Time..24hr.,X1st.Road.Class,Road.Surface,Lighting.Conditions,Weather.Conditions,Casualty.Class,Casualty.Severity,Sex.of.Casualty,Age.of.Casualty,Type.of.Vehicle
13448,130482871,428074,426251,2,1,01/11/2013,1450,3,1,1,1,1,3,1,66,9
13449,130483028,425489,434266,2,1,23/11/2013,1607,3,1,1,1,1,3,2,32,9
13450,130483168,433452,434053,1,1,23/11/2013,1900,3,1,6,1,3,3,1,51,9
13451,130483247,432605,428323,1,1,23/11/2013,1800,3,1,4,1,2,3,1,26,9
13452,130483251,430007,433379,1,1,23/11/2013,1730,6,1,4,1,2,3,2,77,11
13453,130483548,430534,433295,2,1,24/11/2013,315,6,1,1,1,1,3,1,23,9
13454,130483930,426642,433087,2,3,24/11/2013,1220,4,1,1,1,1,3,1,70,9
13455,130483930,426642,433087,2,3,24/11/2013,1220,4,1,1,1,1,3,1,27,9
13456,130483930,426642,433087,2,3,24/11/2013,1220,4,1,1,1,2,3,2,48,9
13457,130483957,428461,431345,2,2,24/11/2013,1105,3,2,1,1,1,3,2,68,9
13458,130483957,428461,431345,2,2,24/11/2013,1105,3,2,1,1,1,3,2,27,9
13459,130484153,420973,439975,2,1,24/11/2013,1513,4,2,1,1,1,3,2,80,9
13460,130485086,431741,431417,2,2,25/11/2013,1005,3,1,1,1,1,2,1,28,3
13461,130485086,431741,431417,2,2,25/11/2013,1005,3,1,1,1,1,2,1,44,1
13462,130485915,428913,435403,1,1,25/11/2013,1635,6,1,1,1,3,3,1,28,9
13463,130486645,431364,428286,2,1,26/11/2013,1105,6,1,1,1,1,3,2,20,9
13464,130486754,427127,434789,2,1,26/11/2013,927,3,2,1,1,1,3,1,27,1
13465,130486899,443239,445798,2,1,26/11/2013,1255,6,2,1,1,1,2,2,61,1
13466,130487000,423974,434819,2,1,25/11/2013,1320,6,1,1,1,1,2,2,16,2
13467,130488160,430234,435112,2,1,26/11/2013,1730,6,1,4,1,1,3,1,38,1
13468,130488925,424617,435619,2,1,25/11/2013,1720,6,1,1,1,1,3,1,17,3
13469,130488980,428886,425985,1,1,27/11/2013,1625,3,1,4,1,1,3,1,41,4
13470,130488991,429081,433725,1,1,20/11/2013,1915,6,1,1,1,3,3,2,19,9
13471,130489051,431304,429221,2,2,27/11/2013,1755,6,2,4,1,1,3,2,28,9
13472,130489051,431304,429221,2,2,27/11/2013,1755,6,2,4,1,1,3,2,39,9
13473,130489063,431762,434914,2,1,27/11/2013,1925,6,1,4,1,1,3,1,25,1
13474,130489324,429177,438565,2,1,27/11/2013,2055,3,2,4,1,1,3,1,82,9
13475,130489581,429858,426996,2,1,28/11/2013,820,3,2,1,1,1,2,1,34,1
13476,130490312,430182,434363,2,1,28/11/2013,1601,2,2,1,1,1,3,1,37,5
13477,130490436,430817,433935,2,1,23/11/2013,1720,6,1,4,1,1,3,1,63,1
13478,130490471,432099,435561,1,1,28/11/2013,1735,6,1,4,1,3,3,1,11,9
13479,130491051,426273,435798,2,1,29/11/2013,755,3,2,1,1,1,2,1,43,1
13480,130491088,430400,433724,1,1,29/11/2013,750,6,2,1,1,2,3,2,46,11
13481,130491799,425655,427968,1,1,29/11/2013,1520,3,1,1,1,3,3,1,11,9
13482,130491856,423896,437277,1,1,29/11/2013,855,6,1,1,1,3,3,2,6,9
13483,130491901,422024,434371,2,1,28/11/2013,1240,4,1,1,1,1,3,1,21,1
13484,130493182,419291,442232,2,5,30/11/2013,1752,6,1,4,1,1,3,1,40,9
13485,130493182,419291,442232,2,5,30/11/2013,1752,6,1,4,1,2,3,1,68,9
13486,130493182,419291,442232,2,5,30/11/2013,1752,6,1,4,1,2,3,2,66,9
13487,130493182,419291,442232,2,5,30/11/2013,1752,6,1,4,1,2,3,2,35,9
13488,130493182,419291,442232,2,5,30/11/2013,1752,6,1,4,1,2,3,2,66,9
13489,130494815,430396,430953,2,1,02/12/2013,820,1,1,1,1,1,3,2,25,9
13490,130495017,427575,438583,3,2,02/12/2013,940,3,1,1,1,1,3,2,33,9
13491,130495017,427575,438583,3,2,02/12/2013,940,3,1,1,1,1,3,1,33,19
13492,130495698,427915,439808,1,1,29/11/2013,1456,6,1,1,1,1,2,1,39,1
13493,130496085,426235,431665,2,1,02/12/2013,1830,3,1,4,1,1,3,2,24,9
13494,130496408,423594,435097,1,1,03/12/2013,720,6,1,1,1,2,3,2,76,11
13495,130497214,440453,447694,2,1,03/12/2013,1529,3,1,1,1,1,3,1,68,1
13496,130497375,429439,431269,1,1,03/12/2013,1620,6,1,1,1,3,3,1,56,9
13497,130497410,438930,433960,2,1,03/12/2013,1740,1,1,6,1,1,3,2,51,9
13498,130497586,425484,434281,2,2,03/12/2013,1950,3,1,1,1,1,3,1,36,9
13499,130497586,425484,434281,2,2,03/12/2013,1950,3,1,1,1,2,3,1,20,9
13500,130497828,423869,437662,2,1,03/12/2013,1320,3,1,1,1,1,3,1,43,9
13501,130498497,433569,432125,1,2,04/12/2013,835,3,1,1,1,1,3,1,34,21
13502,130498497,433569,432125,1,2,04/12/2013,835,3,1,1,1,2,2,1,33,21
13503,130498821,430206,435177,3,2,04/12/2013,1610,6,1,4,1,2,3,2,78,9
13504,130498821,430206,435177,3,2,04/12/2013,1610,6,1,4,1,2,3,1,22,9
13505,130499367,422111,438658,3,1,04/12/2013,1100,3,1,1,1,1,3,1,71,9
13506,130499578,427645,427947,1,1,04/12/2013,1538,6,2,1,1,3,3,2,34,9
13507,130499860,443418,438572,3,1,05/12/2013,750,3,1,1,1,1,3,2,43,9
13508,130499912,425149,433326,2,1,04/12/2013,1933,4,1,4,1,1,3,1,47,1
13509,130499920,430441,436612,2,1,05/12/2013,1110,4,1,1,1,1,3,1,35,1
13510,130500451,434777,435050,1,1,05/12/2013,1710,6,1,1,1,3,3,1,2,9
13511,130500592,429853,433527,1,1,04/12/2013,1800,6,1,1,1,2,3,2,65,11
13512,130500903,430004,438650,1,1,06/12/2013,520,6,1,1,1,3,3,1,24,9
13513,130500906,431041,433544,2,1,02/12/2013,500,6,1,4,1,1,3,1,41,1
13514,130501896,425620,438009,2,1,06/12/2013,1635,3,2,1,1,1,1,1,17,3
13515,130502050,426768,438351,2,2,06/12/2013,1655,3,2,4,1,1,2,2,47,9
13516,130502050,426768,438351,2,2,06/12/2013,1655,3,2,4,1,1,3,1,36,9
13517,130502057,422860,439492,1,1,06/12/2013,1930,6,2,6,2,1,3,2,22,9
13518,130502432,436281,436920,1,1,07/12/2013,643,3,2,4,1,1,3,1,24,9
13519,130502700,429452,434904,1,1,06/12/2013,1903,3,2,4,1,3,3,2,18,9
13520,130502721,433188,427621,1,1,06/12/2013,1520,3,1,1,1,3,3,2,12,8
13521,130502763,429991,430309,2,1,07/12/2013,1115,6,2,1,1,1,2,1,12,1
13522,130503070,426986,433433,2,1,07/12/2013,1616,6,2,4,1,2,3,2,27,9
13523,130503104,441253,448422,5,1,07/12/2013,1725,3,2,6,1,2,3,2,23,9
13524,130503155,430654,434685,1,1,07/12/2013,1840,3,2,4,1,3,2,1,23,9
13525,130503188,420341,439779,2,1,29/11/2013,1830,3,1,1,1,2,2,2,72,9
13526,130503589,430252,433225,1,1,08/12/2013,425,6,1,4,1,3,2,1,21,9
13527,130503660,438429,440483,2,2,08/12/2013,906,6,2,1,1,1,3,2,54,9
13528,130503660,438429,440483,2,2,08/12/2013,906,6,2,1,1,2,3,1,59,9
13529,130503797,427569,436871,2,1,01/12/2013,1140,3,1,1,1,1,3,1,22,1
13530,130503805,430816,433877,2,2,08/12/2013,1100,3,2,1,1,1,3,2,37,9
13531,130503805,430816,433877,2,2,08/12/2013,1100,3,2,1,1,2,3,1,18,9
13532,130505596,432231,433625,1,1,09/12/2013,1545,3,1,1,1,2,3,2,46,11
13533,130505775,428006,435409,2,3,09/12/2013,1714,6,1,4,1,1,3,1,21,9
13534,130505775,428006,435409,2,3,09/12/2013,1714,6,1,4,1,2,3,1,21,9
13535,130505775,428006,435409,2,3,09/12/2013,1714,6,1,4,1,2,3,1,20,9
13536,130505914,430417,437823,2,1,09/12/2013,1835,6,1,4,1,1,3,2,31,9
13537,130506286,436117,435542,2,1,07/12/2013,1300,3,1,1,1,1,3,1,42,9
13538,130506865,432093,436572,2,1,10/12/2013,1230,6,1,1,1,1,3,1,52,9
13539,130507326,419934,442843,2,2,08/12/2013,1340,6,1,1,1,1,3,1,22,9
13540,130507326,419934,442843,2,2,08/12/2013,1340,6,1,1,1,1,3,1,41,9
13541,130507489,419512,442493,1,1,10/12/2013,1615,6,1,6,1,1,3,1,54,9
13542,130507752,434999,438392,2,2,10/12/2013,1100,3,1,1,1,1,3,1,80,9
13543,130507752,434999,438392,2,2,10/12/2013,1100,3,1,1,1,1,3,2,82,9
13544,130508459,427913,441534,2,2,10/12/2013,1954,6,1,6,1,1,3,2,23,9
13545,130508459,427913,441534,2,2,10/12/2013,1954,6,1,6,1,1,3,2,42,9
13546,130508944,430510,433452,1,1,11/12/2013,1752,6,1,4,1,3,3,2,49,19
13547,130509298,433952,432959,2,1,11/12/2013,905,6,2,1,7,1,3,2,30,9
13548,130509374,429936,434301,3,1,12/12/2013,710,3,1,4,1,1,3,1,48,9
13549,130509787,429762,430595,1,1,07/12/2013,1110,3,1,1,1,3,3,2,25,9
13550,130509987,432375,434921,2,1,12/12/2013,1335,4,1,1,1,1,2,1,53,5
13551,130510475,419495,433634,2,2,12/12/2013,1622,6,2,4,1,1,3,1,22,19
13552,130510475,419495,433634,2,2,12/12/2013,1622,6,2,4,1,2,3,1,22,19
13553,130510495,427278,431530,1,1,12/12/2013,1835,3,2,4,1,3,3,1,31,9
13554,130510738,434178,428678,1,1,13/12/2013,125,6,2,4,8,1,2,1,40,9
13555,130510957,432394,434894,2,1,12/12/2013,1715,4,1,1,1,1,3,2,26,9
13556,130511558,430009,433379,2,1,04/12/2013,830,6,1,1,1,1,3,1,32,1
13557,130511872,420872,434421,3,1,13/12/2013,1815,3,2,4,1,1,3,2,24,9
13558,130511907,419121,443415,2,3,13/12/2013,1640,6,2,6,1,1,3,1,19,9
13559,130511907,419121,443415,2,3,13/12/2013,1640,6,2,6,1,1,3,1,66,90
13560,130511907,419121,443415,2,3,13/12/2013,1640,6,2,6,1,2,3,1,62,9
13561,130511915,427975,436062,2,2,13/12/2013,1720,3,2,4,2,1,3,1,23,8
13562,130511915,427975,436062,2,2,13/12/2013,1720,3,2,4,2,2,3,2,39,8
13563,130511921,436194,427311,1,1,13/12/2013,1445,3,2,1,2,3,3,1,12,9
13564,130512003,427125,435703,3,1,13/12/2013,1750,6,2,4,1,1,3,1,37,9
13565,130512361,428878,440027,2,3,13/12/2013,2117,6,1,6,1,1,3,1,27,9
13566,130512361,428878,440027,2,3,13/12/2013,2117,6,1,6,1,1,3,1,28,9
13567,130512361,428878,440027,2,3,13/12/2013,2117,6,1,6,1,2,3,1,42,9
13568,130512910,429918,428008,1,1,14/12/2013,1255,6,1,1,1,3,3,1,17,9
13569,130513023,427853,436269,2,1,14/12/2013,1540,3,1,1,1,1,3,1,22,1
13570,130513265,437436,444488,2,1,14/12/2013,1915,3,2,6,1,1,3,2,27,9
13571,130514283,434194,428418,1,1,15/12/2013,1535,6,2,1,1,2,3,1,2,9
13572,130514349,430801,435340,3,2,15/12/2013,1800,6,2,4,1,1,3,1,36,9
13573,130514349,430801,435340,3,2,15/12/2013,1800,6,2,4,1,2,3,2,63,9
13574,130514439,428445,433335,2,2,14/12/2013,2318,3,2,4,1,1,3,1,29,9
13575,130514439,428445,433335,2,2,14/12/2013,2318,3,2,4,1,1,3,2,30,9
13576,130514486,432252,434607,1,1,15/12/2013,1700,6,1,1,1,3,2,1,41,9
13577,130514780,434502,437173,1,3,15/12/2013,2145,3,1,1,1,1,3,1,17,9
13578,130514780,434502,437173,1,3,15/12/2013,2145,3,1,1,1,2,3,1,17,9
13579,130514780,434502,437173,1,3,15/12/2013,2145,3,1,1,1,2,3,1,17,9
13580,130515518,427195,428037,2,2,11/12/2013,750,6,1,1,1,1,3,2,43,9
13581,130515518,427195,428037,2,2,11/12/2013,750,6,1,1,1,2,3,2,17,9
13582,130515887,438891,426862,2,1,16/12/2013,1530,3,1,1,1,1,3,1,42,9
13583,130516006,436592,428623,3,3,16/12/2013,1738,3,2,4,1,1,3,1,64,9
13584,130516006,436592,428623,3,3,16/12/2013,1738,3,2,4,1,1,3,2,47,9
13585,130516006,436592,428623,3,3,16/12/2013,1738,3,2,4,1,1,3,1,45,19
13586,130516096,432961,434202,1,1,16/12/2013,1945,4,1,4,1,3,3,1,32,9
13587,130516425,429999,435560,2,1,17/12/2013,615,6,1,1,1,1,3,2,48,9
13588,130516558,421724,433739,2,1,17/12/2013,910,6,1,1,1,1,3,2,55,9
13589,130516883,434742,428891,1,1,17/12/2013,957,6,2,1,1,3,2,1,83,9
13590,130517390,420697,440893,1,1,16/12/2013,1710,6,1,1,1,3,2,1,16,9
13591,130517852,426545,432011,2,1,18/12/2013,730,6,2,4,2,1,3,1,29,1
13592,130518278,430799,434514,2,1,17/12/2013,1500,3,1,1,1,1,3,2,42,9
13593,130518305,420355,436845,1,1,16/12/2013,750,6,2,1,2,3,2,2,58,9
13594,130518391,424903,434736,2,2,17/12/2013,1830,6,1,4,1,1,2,1,22,2
13595,130518391,424903,434736,2,2,17/12/2013,1830,6,1,4,1,1,3,2,56,9
13596,130518475,432009,433575,1,2,18/12/2013,710,3,2,4,1,1,3,1,57,4
13597,130518475,432009,433575,1,2,18/12/2013,710,3,2,4,1,3,3,1,15,4
13598,130518805,430065,433785,1,1,18/12/2013,1620,6,2,4,4,2,3,2,40,11
13599,130518861,430372,433492,1,1,11/12/2013,1015,6,1,1,1,3,3,2,51,11
13600,130519042,428714,433181,3,1,18/12/2013,1940,3,2,1,1,1,2,1,20,5
13601,130519472,428680,434930,2,2,19/12/2013,850,6,2,1,4,1,3,1,35,9
13602,130519472,428680,434930,2,2,19/12/2013,850,6,2,1,4,2,3,2,4,9
13603,130519504,442114,445166,1,1,19/12/2013,840,6,1,1,1,3,3,1,11,9
13604,130519652,431140,431905,1,1,19/12/2013,905,3,2,1,1,3,3,2,35,9
13605,130519685,427125,435703,2,1,29/10/2013,950,4,1,1,1,1,3,1,51,9
13606,130519769,434452,430601,2,1,19/12/2013,730,3,1,4,1,1,3,1,19,9
13607,130519940,430239,436880,2,1,19/12/2013,730,6,1,1,1,1,3,2,26,9
13608,130520133,428906,435509,2,1,18/12/2013,1740,3,2,4,2,1,3,1,24,9
13609,130520462,426988,433436,2,1,19/12/2013,1705,6,2,4,2,2,3,1,40,9
13610,130520465,430141,432823,2,1,19/12/2013,1755,3,2,4,5,1,2,1,17,1
13611,130520689,435077,435122,2,1,19/12/2013,2247,6,1,1,1,1,3,1,31,9
13612,130520810,429392,444560,1,1,01/12/2013,105,6,1,1,1,1,3,1,24,9
13613,130521320,433489,432136,1,1,20/12/2013,810,3,4,1,1,1,3,1,49,1
13614,130521615,432284,435047,1,1,20/12/2013,1250,4,1,1,1,3,3,1,50,11
13615,130521700,427993,433604,1,1,20/12/2013,500,6,1,7,1,2,3,2,18,8
13616,130522001,431349,435057,2,1,20/12/2013,1720,3,1,1,1,1,3,1,46,1
13617,130522028,429029,429909,2,1,20/12/2013,1630,3,2,1,1,2,3,1,24,8
13618,130522494,432584,438680,5,1,20/12/2013,2225,6,2,4,1,1,3,2,45,9
13619,130522541,420471,441133,1,1,20/12/2013,1305,6,1,1,1,3,3,1,12,9
13620,130522839,428747,430854,2,2,20/12/2013,1000,6,1,1,1,1,3,2,30,9
13621,130522839,428747,430854,2,2,20/12/2013,1000,6,1,1,1,1,3,2,19,9
13622,130522982,431504,430600,2,1,20/12/2013,1145,6,1,1,1,1,3,1,27,9
13623,130523274,432120,427370,2,2,21/12/2013,1730,1,1,4,1,1,3,2,24,9
13624,130523274,432120,427370,2,2,21/12/2013,1730,1,1,4,1,2,3,2,24,9
13625,130523427,427293,433602,2,1,21/12/2013,1820,6,2,4,5,1,3,1,39,10
13626,130523976,434804,428893,2,2,22/12/2013,1003,6,1,1,1,1,3,1,66,9
13627,130523976,434804,428893,2,2,22/12/2013,1003,6,1,1,1,1,3,2,60,9
13628,130524020,430354,433430,1,1,21/12/2013,1630,6,1,1,1,3,3,1,32,8
13629,130524024,427996,435189,2,1,22/12/2013,1047,6,2,1,1,1,3,1,47,9
13630,130524260,428054,434298,2,1,21/12/2013,1400,3,2,1,2,2,3,2,25,9
13631,130524404,430724,433756,1,1,22/12/2013,1705,3,2,4,1,3,3,2,22,9
13632,130524463,430332,432722,3,1,22/12/2013,1643,6,2,4,5,2,3,2,30,9
13633,130524760,424724,437892,2,1,22/12/2013,2024,6,1,1,1,1,3,1,24,3
13634,130524841,431135,430060,2,1,23/12/2013,535,6,1,1,1,1,3,1,23,1
13635,130525174,421951,436520,2,1,23/12/2013,630,3,2,4,1,1,3,1,29,1
13636,130525471,431025,434504,1,1,23/12/2013,1050,6,2,1,5,2,3,2,61,11
13637,130525623,426320,438426,2,1,23/12/2013,1459,6,1,1,1,1,3,2,42,9
13638,130525644,427487,434588,1,1,23/12/2013,1445,6,2,1,5,3,3,1,32,9
13639,130526581,431492,435899,2,1,24/12/2013,809,6,1,1,1,1,3,2,61,9
13640,130526621,430416,433774,1,1,24/12/2013,1135,6,1,1,4,3,3,2,22,8
13641,130526706,428723,437080,2,1,24/12/2013,1004,4,1,1,1,1,3,1,20,1
13642,130526735,430705,439071,2,1,24/12/2013,1040,3,1,1,1,1,2,1,26,1
13643,130527345,423018,437653,2,1,23/12/2013,1828,3,2,4,5,1,3,1,41,1
13644,130528017,431225,429831,2,3,25/12/2013,1045,6,1,1,1,1,3,2,26,9
13645,130528017,431225,429831,2,3,25/12/2013,1045,6,1,1,1,2,3,2,32,9
13646,130528017,431225,429831,2,3,25/12/2013,1045,6,1,1,1,2,3,2,10,9
13647,130528203,418517,441368,2,2,26/12/2013,1425,4,1,1,1,1,3,2,52,9
13648,130528203,418517,441368,2,2,26/12/2013,1425,4,1,1,1,2,3,2,6,9
13649,130528861,427819,436890,2,6,27/12/2013,1150,6,1,1,1,1,3,2,31,9
13650,130528861,427819,436890,2,6,27/12/2013,1150,6,1,1,1,1,3,1,26,9
13651,130528861,427819,436890,2,6,27/12/2013,1150,6,1,1,1,2,3,1,30,9
13652,130528861,427819,436890,2,6,27/12/2013,1150,6,1,1,1,2,3,1,22,9
13653,130528861,427819,436890,2,6,27/12/2013,1150,6,1,1,1,2,3,1,3,9
13654,130528861,427819,436890,2,6,27/12/2013,1150,6,1,1,1,2,3,1,30,9
13655,130528890,430215,434366,2,1,23/12/2013,1200,3,1,1,1,1,3,2,62,9
13656,130528955,428576,432992,2,1,26/12/2013,1245,3,1,1,1,1,3,2,24,9
13657,130529197,421702,435067,2,1,26/12/2013,1830,4,2,4,1,2,3,2,8,9
13658,130529264,424774,435621,2,2,01/12/2013,1535,6,2,1,1,1,3,2,44,9
13659,130529264,424774,435621,2,2,01/12/2013,1535,6,2,1,1,2,3,2,43,9
13660,130529733,428836,430244,2,1,28/12/2013,605,6,1,1,1,1,3,1,72,9
13661,130529984,431512,435136,1,1,28/12/2013,1255,3,2,1,1,3,3,1,15,9
13662,130530056,433926,436542,3,2,28/12/2013,1200,3,1,1,1,1,3,1,46,9
13663,130530056,433926,436542,3,2,28/12/2013,1200,3,1,1,1,1,3,1,47,9
13664,130530179,430414,433717,1,1,27/12/2013,1300,6,1,1,1,2,3,2,76,11
13665,130530379,430643,435609,3,2,28/12/2013,1727,6,1,1,1,1,3,1,21,9
13666,130530379,430643,435609,3,2,28/12/2013,1727,6,1,1,1,1,3,2,42,9
13667,130530744,433737,428929,2,1,29/12/2013,240,6,1,1,1,1,3,1,40,9
13668,130530777,429796,433922,2,2,28/12/2013,1300,6,1,1,1,1,3,1,53,9
13669,130530777,429796,433922,2,2,28/12/2013,1300,6,1,1,1,2,3,2,51,9
13670,130531102,414747,442825,2,1,29/12/2013,1235,6,1,1,1,1,3,2,57,9
13671,130531409,432364,433658,1,1,29/12/2013,1,6,1,1,1,3,3,2,36,9
13672,130532265,430233,435115,1,1,30/12/2013,1145,6,2,1,2,3,2,2,36,9
13673,130532381,428931,431069,2,2,30/12/2013,1308,6,2,1,5,1,3,1,32,9
13674,130532381,428931,431069,2,2,30/12/2013,1308,6,2,1,5,1,3,2,81,9
13675,130532506,430960,435788,2,1,30/12/2013,1245,6,2,1,9,1,3,1,58,9
13676,130532631,436095,434825,2,1,30/12/2013,1605,3,1,1,1,1,3,1,21,1
13677,130532824,431893,434948,3,4,30/12/2013,1800,6,2,4,2,1,3,1,25,9
13678,130532824,431893,434948,3,4,30/12/2013,1800,6,2,4,2,2,3,1,30,9
13679,130532824,431893,434948,3,4,30/12/2013,1800,6,2,4,2,2,2,1,22,9
13680,130532824,431893,434948,3,4,30/12/2013,1800,6,2,4,2,2,3,1,32,9
13681,130532892,431962,435823,2,1,30/12/2013,2120,3,2,4,4,1,3,2,48,9
13682,130533519,423421,437620,1,1,31/12/2013,1054,3,2,1,2,3,3,2,49,9
13683,130533671,431886,435006,2,1,31/12/2013,1415,6,1,1,1,2,3,2,31,9
13684,130533794,431836,435979,2,1,31/12/2013,1705,4,2,4,8,1,3,2,27,9
13685,131302816,427804,430028,2,1,07/07/2013,1530,6,1,1,1,1,3,2,27,9
13686,131303091,429855,432306,2,1,26/07/2013,1955,3,1,1,1,1,3,2,24,9
13687,140001146,428370,434666,3,1,19/12/2013,1715,6,1,1,1,1,3,2,36,9
13688,140002242,433138,434006,2,1,22/12/2013,1800,3,1,1,1,2,3,1,55,11
13689,140063774,431575,435201,1,1,15/11/2013,1525,3,2,1,1,3,2,1,13,9
13690,1112091,429175,431904,2,1,01/01/2014,1840,6,2,4,2,1,3,1,58,9
13691,1180869,430429,431025,3,2,08/01/2014,1430,1,2,1,1,1,3,1,69,9
13692,1180869,430429,431025,3,2,08/01/2014,1430,1,2,1,1,1,3,2,41,9
13693,11A0238,424660,427582,3,2,10/01/2014,817,1,1,1,1,1,3,1,35,9
13694,11A0238,424660,427582,3,2,10/01/2014,817,1,1,1,1,1,3,1,25,9
13695,11A0628,432917,425961,2,1,10/01/2014,1220,1,1,1,1,1,3,1,20,9
13696,11S1208,432248,427099,3,1,28/01/2014,1828,1,2,4,2,1,3,1,38,9
13697,1211556,426513,435659,1,1,01/08/2014,2000,6,1,1,1,3,3,1,23,9
13698,1221002,424112,428080,1,1,02/02/2014,1531,1,2,1,1,1,3,1,28,9
13699,1270266,430391,430939,4,2,07/02/2014,824,1,1,1,1,1,3,2,23,9
13700,1270266,430391,430939,4,2,07/02/2014,824,1,1,1,1,1,3,1,53,9
13701,12F1262,433137,433635,2,1,25/02/2014,1800,6,2,4,2,1,3,1,34,1
13702,12H1186,426045,427745,1,1,17/02/2014,1728,6,2,4,2,3,3,1,17,9
13703,12H1210,429147,431787,2,1,17/02/2014,1735,6,1,1,1,2,3,1,3,11
13704,12H1381,425059,433376,2,1,17/02/2014,1905,4,2,4,2,2,3,2,56,9
13705,12I0039,430708,439230,1,1,18/02/2014,46,3,1,4,1,1,3,1,26,9
13706,12I0740,432436,434843,2,1,18/02/2014,1320,6,1,1,1,1,3,1,33,1
13707,12I0834,430306,434778,1,1,18/02/2014,1422,6,2,1,1,1,3,1,38,9
13708,12I1006,431896,434915,2,3,18/02/2014,1545,6,1,1,1,2,3,1,19,9
13709,12I1006,431896,434915,2,3,18/02/2014,1545,6,1,1,1,1,3,1,56,9
13710,12I1006,431896,434915,2,3,18/02/2014,1545,6,1,1,1,2,3,1,41,9
13711,12I1203,428282,433512,2,1,18/02/2014,1720,6,1,1,1,1,3,1,42,1
13712,12I1281,425763,435423,1,1,18/02/2014,1802,6,1,4,1,3,3,2,23,9
13713,12I1450,429387,434948,2,1,18/02/2014,1944,3,1,4,1,1,3,1,25,1
13714,12I1578,424145,430427,2,1,18/02/2014,2052,3,1,4,1,1,3,1,21,3
13715,12I1769,428836,440130,2,1,18/02/2014,2318,6,1,4,1,1,3,1,16,3
13716,12J0189,426677,431760,2,1,19/02/2014,655,3,1,4,1,1,3,1,23,1
13717,12J0433,429092,429970,2,1,19/02/2014,1028,3,1,1,1,1,3,1,38,4
13718,12J0994,429475,439388,2,1,19/02/2014,1550,6,1,1,1,3,3,2,11,9
13719,12J1142,426308,437694,1,1,19/02/2014,1639,6,1,1,1,3,3,2,68,9
13720,12J1435,430951,435935,2,1,19/02/2014,1430,6,1,1,1,1,3,1,46,9
13721,12J1654,431884,435515,2,4,19/02/2014,2040,6,1,4,1,1,3,1,25,9
13722,12J1654,431884,435515,2,4,19/02/2014,2040,6,1,4,1,1,3,2,23,9
13723,12J1654,431884,435515,2,4,19/02/2014,2040,6,1,4,1,2,3,1,23,9
13724,12J1654,431884,435515,2,4,19/02/2014,2040,6,1,4,1,2,3,2,22,9
13725,12K0297,422145,428046,2,1,19/02/2014,1725,3,2,4,1,2,3,2,28,9
13726,12K0444,421474,445803,2,1,20/02/2014,1053,3,1,1,1,1,3,2,84,9
13727,12K0450,437041,438282,2,1,20/02/2014,1055,6,1,1,1,1,3,1,55,9
13728,12K0781,428776,433265,2,2,20/02/2014,1355,3,1,1,1,1,3,1,36,8
13729,12K0781,428776,433265,2,2,20/02/2014,1355,3,1,1,1,2,3,1,21,8
13730,12K0913,430683,432507,2,1,20/02/2014,1500,6,2,1,1,2,3,2,52,9
13731,12K1147,431889,434978,2,1,20/02/2014,1645,6,2,1,1,1,3,1,21,9
13732,12K1171,431384,430549,5,4,20/02/2014,1655,1,2,1,1,1,3,1,48,9
13733,12K1171,431384,430549,5,4,20/02/2014,1655,1,2,1,1,1,3,1,63,9
13734,12K1171,431384,430549,5,4,20/02/2014,1655,1,2,1,1,2,3,2,60,9
13735,12K1171,431384,430549,5,4,20/02/2014,1655,1,2,1,1,1,3,1,60,9
13736,12K1446,424933,434423,2,2,20/02/2014,1827,3,2,4,1,1,3,2,55,9
13737,12K1446,424933,434423,2,2,20/02/2014,1827,3,2,4,1,2,3,2,56,9
13738,12K1752,428893,432890,2,2,20/02/2014,2220,6,1,4,1,1,3,2,51,9
13739,12K1752,428893,432890,2,2,20/02/2014,2220,6,1,4,1,1,3,1,36,9
13740,12L0239,430945,433122,2,1,21/02/2014,807,3,1,1,1,1,2,1,45,4
13741,12L0539,439477,432443,2,1,21/02/2014,1530,3,1,1,1,1,3,1,21,1
13742,12L0561,432382,435070,2,2,21/02/2014,1205,6,1,1,1,1,3,1,32,9
13743,12L0561,432382,435070,2,2,21/02/2014,1205,6,1,1,1,2,3,2,31,9
13744,12L0945,432858,435382,2,2,21/02/2014,1535,6,1,1,1,1,3,1,25,9
13745,12L0945,432858,435382,2,2,21/02/2014,1535,6,1,1,1,1,3,2,23,9
13746,12L0965,430959,433432,1,1,21/02/2014,1545,3,1,1,1,3,3,1,15,9
13747,12L1445,421620,445945,1,1,21/02/2014,1950,3,2,4,5,1,3,2,55,9
13748,12M0056,428974,435464,1,1,22/02/2014,29,6,2,4,2,3,3,1,44,9
13749,12M0800,427362,431156,2,1,21/02/2014,920,3,2,4,8,1,3,1,40,1
13750,12M0822,430373,433481,1,1,22/02/2014,1245,6,1,1,1,3,2,2,86,11