Col.Number,Reference.Number,Easting,Northing,Number.of.Vehicles,Number.of.Casualties,Accident.Date,Time..24hr.,X1st.Road.Class,Road.Surface,Lighting.Conditions,Weather.Conditions,Casualty.Class,Casualty.Severity,Sex.of.Casualty,Age.of.Casualty,Type.of.Vehicle
13751,12M1517,426773,435723,2,2,22/02/2014,1853,6,1,4,1,1,3,1,59,9
13752,12M1517,426773,435723,2,2,22/02/2014,1853,6,1,4,1,2,3,2,47,9
13753,12M1932,427423,433046,2,1,22/02/2014,2230,6,1,4,1,1,3,1,33,19
13754,12N0893,435901,428601,1,1,23/02/2014,1300,6,1,1,1,1,3,1,80,9
13755,12N0997,431928,428128,1,1,23/02/2014,1435,1,1,1,1,2,3,2,4,9
13756,12N1293,430091,435427,1,2,23/02/2014,1545,6,2,1,9,2,3,2,44,11
13757,12N1293,430091,435427,1,2,23/02/2014,1545,6,2,1,9,2,3,2,53,11
13758,12N1424,435232,427614,1,2,23/02/2014,1840,6,1,6,1,1,2,1,19,9
13759,12N1424,435232,427614,1,2,23/02/2014,1840,6,1,6,1,2,2,1,19,9
13760,12N1843,429804,433477,1,1,23/02/2014,2303,6,1,4,1,3,3,1,25,8
13761,12O0014,426807,432112,4,1,24/02/2014,14,6,1,4,1,2,3,2,35,9
13762,12O0439,430066,433771,1,1,24/02/2014,1036,6,1,1,1,3,3,1,59,20
13763,12O0947,422418,433289,1,1,24/02/2014,1510,6,1,1,1,3,3,2,11,9
13764,12O1071,441096,432393,2,1,24/02/2014,1605,6,1,1,1,1,2,1,13,1
13765,12O1082,435125,445093,3,5,24/02/2014,1605,3,1,1,1,1,3,1,37,19
13766,12O1082,435125,445093,3,5,24/02/2014,1605,3,1,1,1,1,3,2,41,9
13767,12O1082,435125,445093,3,5,24/02/2014,1605,3,1,1,1,2,3,2,7,9
13768,12O1082,435125,445093,3,5,24/02/2014,1605,3,1,1,1,1,3,2,47,9
13769,12O1082,435125,445093,3,5,24/02/2014,1605,3,1,1,1,2,3,2,18,9
13770,12O1093,429383,434947,2,1,24/02/2014,1610,6,1,1,1,1,3,1,29,1
13771,12O1421,430634,433453,2,1,24/02/2014,1835,6,1,4,1,2,3,2,20,8
13772,12O1573,431251,445731,2,1,24/02/2014,1950,3,1,4,1,1,3,1,27,9
13773,12P0232,429922,427806,2,2,25/02/2014,809,6,1,1,1,1,3,1,75,9
13774,12P0232,429922,427806,2,2,25/02/2014,809,6,1,1,1,1,3,1,24,19
13775,12P0236,418975,442004,1,6,25/02/2014,810,3,1,1,1,3,2,1,17,9
13776,12P0236,418975,442004,1,6,25/02/2014,810,3,1,1,1,3,2,1,17,9
13777,12P0236,418975,442004,1,6,25/02/2014,810,3,1,1,1,3,3,2,17,9
13778,12P0236,418975,442004,1,6,25/02/2014,810,3,1,1,1,3,3,1,12,9
13779,12P0236,418975,442004,1,6,25/02/2014,810,3,1,1,1,3,3,1,12,9
13780,12P0236,418975,442004,1,6,25/02/2014,810,3,1,1,1,3,3,1,12,9
13781,12P0254,423328,443471,2,1,25/02/2014,835,3,1,1,1,1,3,1,65,9
13782,12P0269,435573,425902,2,2,25/02/2014,846,1,1,1,1,1,3,2,43,9
13783,12P0269,435573,425902,2,2,25/02/2014,846,1,1,1,1,1,3,1,50,19
13784,12P0951,430454,437507,2,2,25/02/2014,1530,6,1,1,1,1,3,1,45,9
13785,12P0951,430454,437507,2,2,25/02/2014,1530,6,1,1,1,2,3,1,26,9
13786,12P1279,429051,435525,2,1,25/02/2014,1824,6,2,4,2,1,3,2,57,9
13787,12Q0398,431107,433740,2,1,26/02/2014,953,2,1,1,1,1,3,2,43,9
13788,12Q0928,431517,434295,2,1,26/02/2014,1505,6,1,1,1,1,3,1,23,1
13789,12Q1027,430437,434391,2,4,26/02/2014,1545,6,1,1,1,2,3,1,28,11
13790,12Q1027,430437,434391,2,4,26/02/2014,1545,6,1,1,1,2,3,1,45,11
13791,12Q1027,430437,434391,2,4,26/02/2014,1545,6,1,1,1,2,3,1,8,11
13792,12Q1027,430437,434391,2,4,26/02/2014,1545,6,1,1,1,2,3,2,6,11
13793,12Q1511,431959,430490,1,1,26/02/2014,1725,3,2,1,1,2,3,2,76,11
13794,12R0178,423047,437663,2,1,27/02/2014,549,3,2,4,2,1,3,1,60,5
13795,12R0675,430717,434135,1,2,27/02/2014,1300,6,1,1,1,1,3,1,18,4
13796,12R0675,430717,434135,1,2,27/02/2014,1300,6,1,1,1,3,3,1,19,4
13797,12R1124,437735,433076,1,1,27/02/2014,1654,3,1,1,1,1,3,1,29,9
13798,12R1413,429180,431912,2,2,27/02/2014,1916,6,1,4,1,2,3,1,18,9
13799,12R1413,429180,431912,2,2,27/02/2014,1916,6,1,4,1,2,3,1,19,9
13800,12S1056,428224,435786,2,1,28/02/2014,1609,3,2,1,2,1,3,1,25,9
13801,12S1059,437227,433425,1,1,28/02/2014,1605,3,1,1,1,3,3,2,36,9
13802,12S1268,430460,431125,3,2,28/02/2014,1730,1,1,1,1,1,3,1,35,9
13803,12S1268,430460,431125,3,2,28/02/2014,1730,1,1,1,1,1,3,2,45,9
13804,12S1494,429429,433462,2,1,28/02/2014,1915,6,1,4,1,2,3,2,68,9
13805,1311240,428431,435003,1,2,01/03/2014,1627,6,1,1,1,3,3,1,21,8
13806,1311240,428431,435003,1,2,01/03/2014,1627,6,1,1,1,1,3,1,56,8
13807,1311578,432515,434885,1,1,01/03/2014,1915,6,1,4,1,3,3,1,19,20
13808,1320442,430692,424510,2,1,01/03/2014,1835,3,1,4,1,1,3,2,33,9
13809,1330277,429137,435242,2,1,03/03/2014,855,6,1,1,1,1,3,2,43,9
13810,1331079,432278,436992,1,1,03/03/2014,1600,6,1,1,1,3,3,2,17,9
13811,1340155,427915,436171,1,1,04/03/2014,642,3,1,1,1,3,3,1,19,9
13812,1340208,426996,437458,2,1,04/03/2014,736,3,1,1,1,1,3,1,49,5
13813,1340463,441635,444450,2,1,04/03/2014,1111,2,1,1,1,2,3,2,3,9
13814,1341172,430325,424149,1,1,04/03/2014,1737,1,1,1,1,1,3,1,42,21
13815,1341363,429321,430673,2,2,04/03/2014,1859,6,1,4,1,1,3,1,29,9
13816,1341363,429321,430673,2,2,04/03/2014,1859,6,1,4,1,2,3,2,23,9
13817,1341397,432120,432882,2,1,04/03/2014,1915,6,1,4,1,1,3,1,44,9
13818,1350602,429689,427938,1,1,05/03/2014,1200,6,1,1,1,3,3,1,69,8
13819,1351484,421715,440990,2,1,05/03/2014,1900,3,1,4,1,2,3,1,13,9
13820,1360255,427180,434761,2,1,06/03/2014,847,3,1,1,1,1,3,1,48,1
13821,1360958,429050,433526,2,1,05/03/2014,1230,3,1,1,1,1,3,1,42,1
13822,1361391,435951,428252,1,1,06/03/2014,1935,3,2,4,1,1,3,1,49,1
13823,1370105,422649,440068,1,1,07/03/2014,235,6,2,6,1,1,3,1,23,9
13824,1370281,433177,434019,3,3,07/03/2014,845,3,2,1,1,1,3,1,57,9
13825,1370281,433177,434019,3,3,07/03/2014,845,3,2,1,1,2,2,1,7,9
13826,1370281,433177,434019,3,3,07/03/2014,845,3,2,1,1,1,3,1,38,4
13827,1370345,420792,439584,2,1,07/03/2014,1717,4,2,1,2,1,3,1,38,1
13828,1370413,426124,437014,2,1,07/03/2014,1010,6,2,1,1,3,2,2,43,9
13829,1370605,424253,433564,3,1,07/03/2014,112,6,1,1,1,1,3,2,33,9
13830,1371061,422218,433361,1,1,07/03/2014,815,4,1,1,1,3,3,1,13,9
13831,1371067,428097,434762,1,1,07/03/2014,1500,6,1,1,1,3,3,2,12,2
13832,1371129,433909,434031,1,1,07/03/2014,1620,3,1,1,1,3,3,1,14,9
13833,1371450,430393,433628,1,1,07/03/2014,1756,6,1,1,1,2,3,2,85,11
13834,1371538,423475,434036,2,2,07/03/2014,1931,6,1,4,1,1,3,2,28,9
13835,1371538,423475,434036,2,2,07/03/2014,1931,6,1,4,1,1,3,1,33,9
13836,1371569,432914,437027,2,3,07/03/2014,1940,6,2,4,1,1,3,1,32,9
13837,1371569,432914,437027,2,3,07/03/2014,1940,6,2,4,1,2,3,1,18,9
13838,1371569,432914,437027,2,3,07/03/2014,1940,6,2,4,1,2,3,1,31,9
13839,1371872,429440,431732,2,1,07/03/2014,2130,6,1,4,1,1,3,1,26,1
13840,1380112,435539,438368,3,2,08/03/2014,148,6,1,4,1,1,3,2,38,9
13841,1380112,435539,438368,3,2,08/03/2014,148,6,1,4,1,2,3,1,25,9
13842,1380117,435678,440221,1,1,08/03/2014,130,3,1,6,1,1,2,1,21,9
13843,1380791,428054,435266,2,2,08/03/2014,1245,6,1,1,1,1,3,2,26,9
13844,1380791,428054,435266,2,2,08/03/2014,1245,6,1,1,1,2,3,2,17,9
13845,1380828,435745,436866,2,1,08/03/2014,1300,3,1,1,1,1,3,1,35,9
13846,1380848,429586,431001,2,1,08/03/2014,1315,6,2,1,1,3,3,1,21,20
13847,1380852,428897,425984,3,1,08/03/2014,1320,3,1,1,1,1,3,2,63,9
13848,1381183,426767,438353,2,2,08/03/2014,1605,3,1,1,1,1,3,1,59,9
13849,1381183,426767,438353,2,2,08/03/2014,1605,3,1,1,1,2,2,2,49,9
13850,1381501,431013,428461,1,1,08/03/2014,1825,6,1,4,1,3,2,2,42,19
13851,1381775,432494,436620,1,1,08/03/2014,2045,5,1,4,1,3,3,1,14,9
13852,1390139,428065,435017,2,1,09/03/2014,112,6,1,1,1,2,3,1,43,9
13853,1390527,427286,434701,2,3,09/03/2014,850,3,1,1,1,1,3,2,27,9
13854,1390527,427286,434701,2,3,09/03/2014,850,3,1,1,1,1,2,2,58,9
13855,1390527,427286,434701,2,3,09/03/2014,850,3,1,1,1,2,2,1,28,9
13856,1390747,430442,437754,2,1,09/03/2014,1140,6,1,1,1,1,3,2,25,9
13857,1391022,431502,439988,1,1,09/03/2014,1408,6,1,1,1,3,2,2,80,9
13858,1391128,427265,429573,2,1,09/03/2014,1502,3,1,1,1,1,3,1,21,4
13859,1391182,444584,427870,1,1,09/03/2014,1534,6,1,1,1,1,2,1,44,5
13860,1391335,443071,440722,1,1,09/03/2014,1625,2,1,1,1,1,3,2,53,9
13861,1391658,426098,428269,2,1,09/03/2014,1850,3,1,4,1,2,3,1,32,9
13862,13A0258,426948,431887,2,1,10/03/2014,815,6,1,1,1,1,3,2,33,9
13863,13A0340,430373,433501,1,1,10/03/2014,904,6,1,1,1,3,2,1,35,11
13864,13A0504,430417,433473,1,1,10/03/2014,1033,6,1,1,1,3,2,1,66,19
13865,13A0547,435887,428211,2,1,10/03/2014,1100,3,1,1,1,1,3,1,41,3
13866,13A0930,430412,437824,2,1,10/03/2014,1420,6,1,1,1,1,3,1,55,19
13867,13A1241,432651,436884,1,1,10/03/2014,1530,6,1,1,1,3,3,1,2,11
13868,13A1269,424189,434783,1,1,10/03/2014,1646,6,1,1,1,3,3,1,15,9
13869,13A1346,429071,438560,2,1,10/03/2014,1705,3,1,1,1,1,3,1,27,1
13870,13A1369,433727,434053,3,1,10/03/2014,1723,3,1,1,1,1,3,1,37,1
13871,13A1484,421063,434217,2,1,10/03/2014,1811,3,1,1,1,1,3,2,46,9
13872,13A1569,427179,434996,2,3,10/03/2014,1840,6,1,4,1,1,3,2,38,19
13873,13A1569,427179,434996,2,3,10/03/2014,1840,6,1,4,1,1,3,1,19,3
13874,13A1569,427179,434996,2,3,10/03/2014,1840,6,1,4,1,2,3,2,18,3
13875,13A1716,431763,434920,3,2,10/03/2014,1955,6,1,4,1,1,3,1,24,9
13876,13A1716,431763,434920,3,2,10/03/2014,1955,6,1,4,1,1,3,1,43,9
13877,13A1983,429081,433520,1,1,10/03/2014,1950,6,1,4,1,2,3,2,69,11
13878,13B0159,424642,434453,1,1,11/03/2014,700,5,1,1,1,3,3,2,26,9
13879,13B0165,424597,445107,2,2,11/03/2014,713,3,4,1,1,1,3,1,59,19
13880,13B0165,424597,445107,2,2,11/03/2014,713,3,4,1,1,2,3,1,49,19
13881,13B0318,435806,433195,1,1,15/03/2014,830,6,1,1,1,3,3,1,53,9
13882,13B0844,430842,439685,2,2,11/03/2014,1427,3,1,1,1,1,3,1,19,9
13883,13B0844,430842,439685,2,2,11/03/2014,1427,3,1,1,1,2,3,1,18,9
13884,13B0933,428001,435414,2,3,10/03/2014,2010,6,1,4,1,1,3,2,34,9
13885,13B0933,428001,435414,2,3,10/03/2014,2010,6,1,4,1,2,3,2,11,9
13886,13B0933,428001,435414,2,3,10/03/2014,2010,6,1,4,1,2,3,2,6,9
13887,13B0966,424944,435693,1,1,11/03/2014,1530,6,1,1,1,3,3,1,9,9
13888,13B1000,433181,434012,2,1,11/03/2014,1543,3,1,1,1,2,3,2,57,9
13889,13B1202,430752,434606,2,1,10/03/2014,1630,3,1,1,1,1,3,1,38,19
13890,13B1726,430233,435116,2,1,11/03/2014,1745,6,1,1,1,1,3,2,43,1
13891,13C0182,429557,431568,3,1,12/03/2014,720,6,1,1,1,1,3,1,25,1
13892,13C0533,427083,433353,2,1,12/03/2014,1150,6,1,1,1,1,3,1,52,19
13893,13C0794,437569,432828,1,1,12/03/2014,1430,6,1,1,1,2,3,2,33,19
13894,13C0932,429757,434504,2,1,12/03/2014,1543,3,1,1,1,1,3,2,30,9
13895,13C1139,428128,432799,2,2,12/03/2014,1705,6,1,1,1,1,3,1,60,9
13896,13C1139,428128,432799,2,2,12/03/2014,1705,6,1,1,1,2,3,1,24,9
13897,13C1243,423341,433944,2,1,12/03/2014,1745,6,1,1,1,2,3,2,12,9
13898,13D1047,428628,434846,2,1,13/03/2014,1600,6,1,1,1,1,3,1,28,9
13899,13D1367,426905,437500,2,1,13/03/2014,1825,3,1,4,1,1,3,1,33,9
13900,13D1532,430122,433931,1,1,13/03/2014,1931,6,1,4,1,3,2,2,19,5
13901,13E0793,431001,430771,1,1,14/03/2014,1330,6,1,1,1,3,3,2,32,19
13902,13E0964,431977,430314,2,2,14/03/2014,1504,3,1,1,1,1,3,1,46,9
13903,13E0964,431977,430314,2,2,14/03/2014,1504,3,1,1,1,2,3,1,26,9
13904,13E1326,422824,437426,2,1,14/03/2014,1745,3,1,1,1,1,3,1,26,5
13905,13E1456,429763,433924,1,1,14/03/2014,1850,6,1,4,1,3,2,2,38,9
13906,13E1560,423189,434669,2,1,14/03/2014,1515,4,1,1,1,1,3,2,23,9
13907,13E1621,431705,434161,1,1,14/03/2014,1905,6,1,1,1,2,3,1,59,11
13908,13F0092,427996,435194,3,2,15/03/2014,58,6,1,4,1,1,3,1,26,1
13909,13F0092,427996,435194,3,2,15/03/2014,58,6,1,4,1,2,3,2,27,1
13910,13F0439,423264,429759,2,1,15/03/2014,855,3,1,1,1,1,3,1,19,9
13911,13F1387,430220,434373,2,2,15/03/2014,1818,3,1,1,1,2,3,1,21,9
13912,13F1387,430220,434373,2,2,15/03/2014,1818,3,1,1,1,2,3,1,21,9
13913,13G0153,426280,436703,2,1,16/03/2014,140,6,1,4,1,1,3,1,22,9
13914,13G0847,423571,435451,2,1,16/03/2014,1400,4,1,1,1,1,3,2,53,9
13915,13G1190,425184,437759,2,1,16/03/2014,1700,6,1,1,1,2,2,1,56,9
13916,13G1491,431412,438792,2,1,16/03/2014,1952,6,1,4,1,1,3,2,23,1
13917,13G1506,435855,426141,2,3,16/03/2014,1959,3,1,4,1,1,2,2,39,9
13918,13G1506,435855,426141,2,3,16/03/2014,1959,3,1,4,1,1,2,1,44,5
13919,13G1506,435855,426141,2,3,16/03/2014,1959,3,1,4,1,2,2,2,46,5
13920,13H0001,428093,436746,2,1,17/03/2014,1,6,1,4,1,1,2,1,32,9
13921,13H1020,426529,427462,2,1,10/03/2014,1320,6,1,1,1,1,3,1,23,1
13922,13H1135,417932,443178,2,1,17/03/2014,1640,3,1,1,1,1,3,1,43,1
13923,13H1290,427944,436111,2,2,17/03/2014,1750,3,1,1,1,1,3,1,29,1
13924,13H1290,427944,436111,2,2,17/03/2014,1750,3,1,1,1,3,3,2,31,1
13925,13I0372,422219,433959,2,2,18/03/2014,945,3,2,1,2,1,3,2,40,9
13926,13I0372,422219,433959,2,2,18/03/2014,945,3,2,1,2,2,3,2,53,9
13927,13I0530,427995,436011,2,1,18/03/2014,1130,3,2,1,1,1,3,1,17,1
13928,13I0589,439961,429819,2,1,18/03/2014,755,6,2,1,1,1,3,1,32,19
13929,13I0848,422422,440320,1,1,18/03/2014,1426,6,2,1,5,2,2,1,27,9
13930,13I1211,428433,429155,3,2,18/03/2014,1730,3,1,1,1,1,3,2,46,9
13931,13I1211,428433,429155,3,2,18/03/2014,1730,3,1,1,1,1,3,1,50,9
13932,13I1315,429076,432222,2,1,18/03/2014,1650,6,1,1,1,1,3,2,37,9
13933,13I1435,436072,435562,2,2,18/03/2014,1905,6,1,1,1,1,3,1,48,9
13934,13I1435,436072,435562,2,2,18/03/2014,1905,6,1,1,1,2,3,2,45,9
13935,13J0595,428969,432374,3,2,19/03/2014,1200,6,1,1,1,2,3,2,25,8
13936,13J0595,428969,432374,3,2,19/03/2014,1200,6,1,1,1,1,3,1,26,19
13937,13J0641,429725,433797,1,1,19/03/2014,1220,6,1,1,1,3,2,1,29,11
13938,13J1191,433341,426310,1,1,19/03/2014,1650,4,1,1,1,3,2,2,12,9
13939,13J1522,436025,428954,2,1,19/03/2014,1920,6,1,4,1,1,3,1,70,1
13940,13J1600,430894,433487,1,1,19/03/2014,2010,6,1,4,1,3,2,1,58,11
13941,13J1621,420429,440371,2,1,19/03/2014,2016,3,1,4,1,1,2,1,46,1
13942,13J1631,426340,427880,1,2,19/03/2014,2023,6,1,4,1,1,3,1,19,5
13943,13J1631,426340,427880,1,2,19/03/2014,2023,6,1,4,1,2,3,1,23,5
13944,13J1709,425264,432374,2,1,19/03/2014,2030,6,1,4,1,1,3,1,20,9
13945,13K0302,435746,436957,2,1,20/03/2014,830,6,1,1,4,1,3,1,23,3
13946,13K0579,430349,432103,2,2,20/03/2014,1128,6,1,1,1,2,3,1,43,9
13947,13K0579,430349,432103,2,2,20/03/2014,1128,6,1,1,1,2,3,1,32,9
13948,13K1040,428533,431789,2,1,20/03/2014,1600,3,2,1,2,2,3,1,37,9
13949,13K1360,441964,430747,2,2,20/03/2014,1830,6,2,4,5,2,3,2,34,11
13950,13K1360,441964,430747,2,2,20/03/2014,1830,6,2,4,5,2,3,2,26,11
13951,13L0228,442150,434453,2,2,21/03/2014,800,3,1,1,1,1,3,1,37,9
13952,13L0228,442150,434453,2,2,21/03/2014,800,3,1,1,1,1,3,1,22,9
13953,13L0235,440411,449270,1,1,21/03/2014,800,4,1,1,1,3,3,1,14,9
13954,13L0279,419287,444956,2,1,21/03/2014,930,3,1,1,1,1,3,1,23,9
13955,13L0388,441055,432040,2,2,21/03/2014,1000,3,1,1,1,1,3,1,80,9
13956,13L0388,441055,432040,2,2,21/03/2014,1000,3,1,1,1,1,3,2,36,9
13957,13L0588,432752,433899,2,2,21/03/2014,820,3,1,1,1,1,3,2,28,9
13958,13L0588,432752,433899,2,2,21/03/2014,820,3,1,1,1,1,3,2,26,9
13959,13L0870,432412,433608,3,1,21/03/2014,1443,6,2,1,2,1,3,2,55,9
13960,13L0918,430411,432774,2,1,21/03/2014,1507,3,1,1,1,1,3,1,24,2
13961,13L0966,426934,433318,1,1,21/03/2014,1524,6,1,1,1,3,2,1,14,9
13962,13L1105,428359,425453,2,1,21/03/2014,1610,6,1,1,1,1,3,1,31,5
13963,13L1513,431983,433425,2,1,21/03/2014,1630,6,1,1,1,1,3,2,48,9
13964,13L1684,429695,440820,2,2,21/03/2014,2105,6,2,4,1,1,3,1,19,9
13965,13L1684,429695,440820,2,2,21/03/2014,2105,6,2,4,1,1,3,1,51,9
13966,13M0191,430017,434106,1,1,22/03/2014,210,6,1,4,1,3,3,2,24,9
13967,13M0454,430091,435427,2,2,22/03/2014,931,6,1,1,1,1,3,2,45,9
13968,13M0454,430091,435427,2,2,22/03/2014,931,6,1,1,1,1,3,2,48,9
13969,13M0649,431776,435617,1,1,21/03/2014,1430,6,2,1,2,3,2,1,43,9
13970,13M0677,432633,434930,1,1,22/03/2014,1100,6,2,1,1,3,3,2,26,9
13971,13M1660,430608,428392,2,1,22/03/2014,2125,6,1,4,1,1,3,1,23,9
13972,13N0595,436363,442994,2,1,23/03/2014,1120,6,1,1,1,1,2,1,50,1
13973,13N0837,429283,433483,2,1,23/03/2014,1340,6,1,1,1,1,3,2,32,1
13974,13N1021,415878,441903,2,1,23/03/2014,1537,5,2,1,1,1,3,1,50,1
13975,13N1371,432524,427558,2,3,23/03/2014,1840,3,2,4,1,1,3,1,18,9
13976,13N1371,432524,427558,2,3,23/03/2014,1840,3,2,4,1,2,3,1,18,9
13977,13N1371,432524,427558,2,3,23/03/2014,1840,3,2,4,1,1,3,1,50,9
13978,13O0187,431233,431502,1,1,24/03/2014,700,6,4,1,1,1,2,1,24,2
13979,13O0431,429206,430689,2,2,24/03/2014,1010,6,1,1,1,2,3,2,45,9
13980,13O0431,429206,430689,2,2,24/03/2014,1010,6,1,1,1,2,3,2,36,9
13981,13O0844,425113,431080,2,1,24/03/2014,1414,3,1,1,1,2,3,1,17,19
13982,13O0950,432069,438283,2,1,24/03/2014,1503,6,1,1,1,1,3,2,50,9
13983,13O1210,429660,431505,1,1,24/03/2014,1515,6,1,1,1,3,3,1,5,9
13984,13O1289,429915,432727,2,1,24/03/2014,1715,3,1,1,1,1,3,1,48,1
13985,13O1326,430295,432105,2,1,24/03/2014,1653,6,1,1,1,1,3,1,24,1
13986,13O1465,418836,444983,1,1,24/03/2014,1820,6,1,1,1,3,3,1,10,9
13987,13O1815,429601,432563,2,2,24/03/2014,2130,6,2,4,1,2,3,2,42,8
13988,13O1815,429601,432563,2,2,24/03/2014,2130,6,2,4,1,1,3,1,23,9
13989,13P0825,431934,430637,3,1,29/03/2014,1400,3,1,1,1,1,3,2,25,9
13990,13P0833,429643,432935,2,1,24/03/2014,758,6,1,1,1,1,3,1,37,9
13991,13P1022,433148,426330,2,1,25/03/2014,1600,3,2,1,1,1,3,1,46,1
13992,13P1086,443621,445279,1,1,24/03/2014,1840,6,1,1,1,3,2,1,77,9
13993,13P1129,421434,434073,1,1,24/03/2014,1700,6,2,1,1,1,3,2,46,9
13994,13P1304,426885,437514,2,1,24/03/2014,840,3,1,1,1,1,3,1,60,1
13995,13P1326,430633,433696,2,1,25/03/2014,1641,6,2,1,1,1,3,1,43,1
13996,13Q0406,429949,438539,1,1,26/03/2014,1043,4,1,1,1,3,3,1,86,9
13997,13Q0520,432305,436439,1,1,25/03/2014,1010,6,1,1,1,2,3,2,81,11
13998,13Q0798,432441,433802,2,1,23/03/2014,1545,6,1,1,1,1,3,2,27,9
13999,13Q1311,425552,435157,2,1,26/03/2014,1901,6,2,4,2,1,3,1,37,9
14000,13Q1501,426207,437136,2,1,26/03/2014,2041,6,2,4,2,2,3,2,22,9
14001,13Q1522,429309,435030,1,1,26/03/2014,2050,6,2,4,2,3,3,1,25,9
14002,13R0074,436075,436613,5,1,27/03/2014,210,3,2,4,1,1,3,1,20,9
14003,13R0189,435059,427770,1,1,27/03/2014,750,6,1,1,1,3,3,1,46,21
14004,13R0193,432973,425922,3,2,27/03/2014,754,1,2,1,1,2,3,2,28,9
14005,13R0193,432973,425922,3,2,27/03/2014,754,1,2,1,1,1,3,1,46,9
14006,13R0628,429931,433518,1,1,27/03/2014,1321,6,1,1,1,3,3,2,65,11
14007,13R0657,431258,438531,2,1,27/03/2014,1330,6,1,1,1,1,3,1,18,9
14008,13R0778,426120,439224,1,1,27/03/2014,1456,6,1,1,1,3,3,2,3,9
14009,13R0938,428342,429522,1,1,18/03/2014,1500,3,1,1,1,3,3,2,53,1
14010,13R1317,432513,427318,2,3,27/03/2014,1850,3,2,4,2,2,3,1,32,9
14011,13R1317,432513,427318,2,3,27/03/2014,1850,3,2,4,2,2,3,2,9,9
14012,13R1317,432513,427318,2,3,27/03/2014,1850,3,2,4,2,2,3,2,8,9
14013,13R1369,431959,435824,2,2,27/03/2014,1440,3,1,1,1,1,3,1,61,9
14014,13R1369,431959,435824,2,2,27/03/2014,1440,3,1,1,1,2,3,2,56,9
14015,13S0339,432820,432033,2,1,28/03/2014,940,6,2,1,1,1,3,1,26,90
14016,13S0394,429941,425135,2,4,28/03/2014,1025,3,2,1,1,1,3,1,32,9
14017,13S0394,429941,425135,2,4,28/03/2014,1025,3,2,1,1,2,3,1,60,9
14018,13S0394,429941,425135,2,4,28/03/2014,1025,3,2,1,1,1,3,1,21,9
14019,13S0394,429941,425135,2,4,28/03/2014,1025,3,2,1,1,2,3,2,56,9
14020,13S0610,430335,433394,1,1,28/03/2014,1238,6,1,1,1,2,3,2,55,11
14021,13S0767,431228,433668,2,4,28/03/2014,1235,3,1,1,1,2,3,2,40,11
14022,13S0767,431228,433668,2,4,28/03/2014,1235,3,1,1,1,2,3,2,60,11
14023,13S0767,431228,433668,2,4,28/03/2014,1235,3,1,1,1,2,3,1,2,11
14024,13S0767,431228,433668,2,4,28/03/2014,1235,3,1,1,1,2,3,2,25,11
14025,13S0860,427865,432921,2,1,28/03/2014,1455,4,1,1,9,1,3,1,50,9
14026,13S1092,428718,435615,2,1,28/03/2014,1628,3,1,1,1,1,2,1,39,1
14027,13S1215,430662,433929,2,1,28/03/2014,1716,6,1,1,1,1,3,2,57,9
14028,13S1444,430561,431184,2,2,28/03/2014,1924,6,1,4,1,2,3,2,61,9
14029,13S1444,430561,431184,2,2,28/03/2014,1924,6,1,4,1,2,3,2,23,9
14030,13T0920,439386,432651,2,1,29/03/2014,1315,3,1,1,1,1,1,1,67,5
14031,13T1076,430599,431160,2,1,29/03/2014,1515,6,1,1,1,1,3,2,29,9
14032,13T1182,430302,439597,1,1,29/03/2014,1610,6,1,1,1,2,3,2,37,11
14033,13T1224,430546,435153,2,2,29/03/2014,1630,3,1,1,1,2,3,1,22,9
14034,13T1224,430546,435153,2,2,29/03/2014,1630,3,1,1,1,1,3,2,49,9
14035,13T1499,437502,432911,2,2,29/03/2014,1850,6,1,4,1,1,3,2,20,9
14036,13T1499,437502,432911,2,2,29/03/2014,1850,6,1,4,1,2,3,1,50,9
14037,13U1112,426182,435462,2,1,30/03/2014,1610,6,1,1,1,1,2,1,77,9
14038,13V0944,431194,431860,2,1,31/03/2014,1455,3,1,1,1,1,2,1,20,3
14039,13V1547,438952,431558,2,1,31/03/2014,1900,3,1,1,1,1,3,2,21,9
14040,13V1980,430851,424428,1,1,31/03/2014,2300,1,1,4,1,3,3,1,19,9
14041,140000292,428515,437286,3,1,01/01/2014,220,6,1,1,1,1,3,2,21,9
14042,140000304,429117,439812,1,1,01/01/2014,130,6,2,4,1,3,2,2,34,9
14043,140000717,429427,433921,2,2,01/01/2014,1415,2,1,1,1,1,3,1,34,9
14044,140000717,429427,433921,2,2,01/01/2014,1415,2,1,1,1,2,3,1,28,9
14045,140000809,433295,435556,3,1,01/01/2014,1545,6,2,1,2,1,3,1,34,9
14046,140000834,429111,433665,1,1,01/01/2014,1537,3,2,1,2,1,3,2,29,9
14047,140000977,427125,438261,1,1,01/01/2014,1830,3,2,4,2,1,3,1,24,9
14048,140001153,440172,433411,2,1,01/01/2014,1155,3,2,1,5,2,3,1,15,9
14049,140001657,428085,432932,1,1,02/01/2014,1220,6,1,1,1,3,3,1,12,9
14050,140001777,432525,427555,2,1,02/01/2014,1415,3,2,1,1,2,3,2,27,9
14051,140002711,418960,442012,2,1,02/01/2014,1530,6,1,1,1,1,3,2,20,1
14052,140002796,429792,434446,2,2,03/01/2014,1005,3,1,1,1,1,3,1,65,8
14053,140002796,429792,434446,2,2,03/01/2014,1005,3,1,1,1,2,3,2,49,8
14054,140002825,437937,427455,2,1,03/01/2014,940,3,1,1,1,1,3,2,37,9
14055,140002930,427167,427445,1,1,03/01/2014,1025,6,1,1,1,2,3,2,27,11
14056,140004100,440983,432067,2,1,04/01/2014,935,3,2,1,1,1,2,1,37,9
14057,140004811,431311,427066,2,1,04/01/2014,1854,3,2,1,1,1,3,1,44,9
14058,140005922,433315,426321,2,1,05/01/2014,2125,4,2,4,5,1,3,2,22,9
14059,140007139,429389,434938,2,1,06/01/2014,1610,3,2,4,1,1,3,2,21,1