Col.Number,Reference.Number,Easting,Northing,Number.of.Vehicles,Number.of.Casualties,Accident.Date,Time..24hr.,X1st.Road.Class,Road.Surface,Lighting.Conditions,Weather.Conditions,Casualty.Class,Casualty.Severity,Sex.of.Casualty,Age.of.Casualty,Type.of.Vehicle
15914,1BK0409,428397,433381,2,2,20/11/2014,1015,3,1,1,1,2,3,2,29,9
15915,1BK0409,428397,433381,2,2,20/11/2014,1015,3,1,1,1,2,3,2,1,9
15916,1BK0931,428906,435514,1,1,20/11/2014,1503,3,1,1,1,3,3,1,27,9
15917,1BK1234,431910,434801,2,1,20/11/2014,1720,6,1,1,1,1,3,1,30,9
15918,1BK1413,427698,434469,2,3,20/11/2014,1700,3,1,4,1,1,3,2,35,9
15919,1BK1413,427698,434469,2,3,20/11/2014,1700,3,1,4,1,2,3,1,12,9
15920,1BK1413,427698,434469,2,3,20/11/2014,1700,3,1,4,1,2,3,2,13,9
15921,1BL0448,429309,435030,2,1,07/11/2014,930,3,1,1,1,1,3,1,33,9
15922,1BL1264,439019,431734,3,5,21/11/2014,1830,3,2,6,1,1,3,1,50,9
15923,1BL1264,439019,431734,3,5,21/11/2014,1830,3,2,6,1,2,2,2,41,9
15924,1BL1264,439019,431734,3,5,21/11/2014,1830,3,2,6,1,2,3,2,14,9
15925,1BL1264,439019,431734,3,5,21/11/2014,1830,3,2,6,1,1,2,2,27,9
15926,1BL1264,439019,431734,3,5,21/11/2014,1830,3,2,6,1,2,3,1,23,9
15927,1BL1451,431764,432386,1,1,21/11/2014,2013,3,2,4,2,1,2,1,26,9
15928,1BL1477,423875,428197,1,2,21/11/2014,2025,3,1,4,1,1,3,1,17,9
15929,1BL1477,423875,428197,1,2,21/11/2014,2025,3,1,4,1,2,3,1,16,9
15930,1BL1723,429309,435030,2,1,21/11/2014,2315,3,2,4,2,1,3,2,22,1
15931,1BM0399,428560,431696,2,3,22/11/2014,801,3,2,1,1,1,3,1,25,19
15932,1BM0399,428560,431696,2,3,22/11/2014,801,3,2,1,1,1,3,1,37,19
15933,1BM0399,428560,431696,2,3,22/11/2014,801,3,2,1,1,2,3,1,23,19
15934,1BM0606,436245,435655,2,1,16/11/2014,1100,6,1,1,1,1,3,1,34,9
15935,1BM0808,441084,432375,1,1,22/11/2014,1340,6,1,1,1,3,2,1,71,9
15936,1BM0901,430951,435935,2,4,22/11/2014,1457,6,2,1,1,2,3,2,68,11
15937,1BM0901,430951,435935,2,4,22/11/2014,1457,6,2,1,1,2,3,2,80,11
15938,1BM0901,430951,435935,2,4,22/11/2014,1457,6,2,1,1,2,3,2,78,11
15939,1BM0901,430951,435935,2,4,22/11/2014,1457,6,2,1,1,1,2,1,50,9
15940,1BM1325,430786,424518,2,1,22/11/2014,1900,3,1,4,1,2,3,2,59,9
15941,1BM1357,428418,435457,2,1,22/11/2014,1840,6,2,4,2,1,3,1,34,9
15942,1BN0022,429215,430037,2,1,23/11/2014,22,3,1,4,1,1,3,1,38,9
15943,1BN0662,435929,435431,1,1,23/11/2014,1015,3,1,1,1,2,3,1,42,11
15944,1BN0968,422662,444687,2,1,23/11/2014,1541,3,2,1,1,1,2,1,61,1
15945,1BN1340,429721,439316,2,1,23/11/2014,1956,6,2,4,1,1,3,1,20,9
15946,1BN1354,421479,434423,2,1,23/11/2014,2009,4,2,4,1,1,3,1,34,3
15947,1BO0190,420905,434495,2,1,24/11/2014,707,3,1,1,1,1,3,2,38,9
15948,1BO0266,430439,434380,2,1,24/11/2014,840,6,1,1,1,1,3,2,50,1
15949,1BO0392,427776,430743,2,1,24/11/2014,1010,3,1,1,1,1,3,2,56,9
15950,1BO0580,442043,445329,1,1,24/11/2014,835,6,1,1,1,3,3,1,10,9
15951,1BO0775,426352,433938,2,1,24/11/2014,1354,6,2,1,1,1,3,1,78,9
15952,1BO0998,441312,445249,1,1,24/11/2014,1550,2,2,6,1,1,3,1,40,19
15953,1BO1072,431917,430501,2,1,24/11/2014,1630,3,1,1,1,1,3,1,23,9
15954,1BO1098,445208,447085,2,1,24/11/2014,1630,6,1,6,1,1,3,1,37,1
15955,1BP0831,432248,436985,1,1,25/11/2014,1530,6,1,1,1,3,3,2,7,9
15956,1BP0851,429311,423387,1,1,25/11/2014,1542,6,4,7,1,1,3,1,34,9
15957,1BP1034,430593,434504,1,1,25/11/2014,1745,3,2,4,1,1,3,1,32,9
15958,1BP1159,425740,438723,1,1,25/11/2014,1840,6,1,4,1,3,3,2,6,9
15959,1BP1203,423040,437639,2,1,25/11/2014,1914,3,2,4,1,1,3,1,50,1
15960,1BP1384,429936,433352,1,2,25/11/2014,2112,6,2,4,1,3,3,1,44,11
15961,1BP1384,429936,433352,1,2,25/11/2014,2112,6,2,4,1,3,3,2,15,11
15962,1BQ0164,423192,434656,2,1,26/11/2014,655,4,2,1,2,1,3,1,43,1
15963,1BQ0224,429457,430234,2,1,26/11/2014,810,3,2,1,1,2,3,1,16,9
15964,1BQ0330,432787,437176,2,1,26/11/2014,942,6,2,1,2,1,3,2,82,9
15965,1BQ0425,436295,434707,1,1,26/11/2014,1051,6,1,1,1,3,1,2,83,21
15966,1BQ1087,420499,445640,2,1,26/11/2014,1754,6,1,1,1,1,3,1,54,19
15967,1BQ1150,430494,425066,2,1,26/11/2014,1825,6,2,4,1,1,3,1,32,9
15968,1BR0178,428808,432612,2,1,26/11/2014,1640,3,2,7,2,1,3,2,53,9
15969,1BR0268,425453,434293,1,1,27/11/2014,921,3,2,1,2,2,2,2,40,9
15970,1BR0544,421923,433939,2,2,27/11/2014,1225,3,2,1,2,1,3,1,26,9
15971,1BR0544,421923,433939,2,2,27/11/2014,1225,3,2,1,2,2,3,2,22,9
15972,1BR1318,432729,438445,2,1,27/11/2014,2005,6,9,7,9,1,3,1,40,9
15973,1BR1389,425965,426786,1,1,27/11/2014,1910,6,1,4,1,3,3,2,65,9
15974,1BS0244,438723,445898,2,2,28/11/2014,725,3,2,1,2,1,3,1,31,9
15975,1BS0244,438723,445898,2,2,28/11/2014,725,3,2,1,2,1,3,2,57,9
15976,1BS0335,418586,442905,1,1,28/11/2014,820,6,1,1,1,3,3,1,15,9
15977,1BS1245,429568,430336,2,2,28/11/2014,1755,3,2,4,2,1,3,1,33,9
15978,1BS1245,429568,430336,2,2,28/11/2014,1755,3,2,4,2,1,3,1,57,9
15979,1BS1772,433698,433463,2,1,28/11/2014,2055,6,1,7,1,1,2,1,41,1
15980,1BT0117,425250,437877,1,1,29/11/2014,131,3,2,4,1,1,2,1,41,3
15981,1BT0737,428931,434594,2,4,29/11/2014,1245,6,1,1,1,1,3,1,22,9
15982,1BT0737,428931,434594,2,4,29/11/2014,1245,6,1,1,1,2,3,1,25,9
15983,1BT0737,428931,434594,2,4,29/11/2014,1245,6,1,1,1,2,3,1,20,9
15984,1BT0737,428931,434594,2,4,29/11/2014,1245,6,1,1,1,1,3,1,43,10
15985,1BT0839,442909,435316,1,4,29/11/2014,1351,4,2,1,1,1,3,2,37,9
15986,1BT0839,442909,435316,1,4,29/11/2014,1351,4,2,1,1,2,3,1,35,9
15987,1BT0839,442909,435316,1,4,29/11/2014,1351,4,2,1,1,2,3,1,7,9
15988,1BT0839,442909,435316,1,4,29/11/2014,1351,4,2,1,1,2,3,1,3,9
15989,1BT0892,424524,437059,2,1,29/11/2014,1420,3,1,1,1,1,3,1,38,8
15990,1BT1350,428441,429101,2,2,29/11/2014,1800,3,1,4,1,1,3,2,22,9
15991,1BT1350,428441,429101,2,2,29/11/2014,1800,3,1,4,1,2,3,2,33,9
15992,1BT1587,430122,433776,1,1,29/11/2014,1200,6,1,1,1,3,3,1,74,11
15993,1BU0690,420843,434704,2,1,30/11/2014,1140,3,1,1,1,1,3,1,41,19
15994,1BU1087,431131,424778,2,1,30/11/2014,1525,1,1,1,1,1,3,1,48,9
15995,1BU1133,440547,448561,3,3,30/11/2014,1555,4,1,1,1,1,3,1,91,9
15996,1BU1133,440547,448561,3,3,30/11/2014,1555,4,1,1,1,1,3,1,65,9
15997,1BU1133,440547,448561,3,3,30/11/2014,1555,4,1,1,1,2,3,2,63,9
15998,1BU1574,430338,428139,1,2,30/11/2014,2027,6,1,4,1,3,2,2,17,9
15999,1BU1574,430338,428139,1,2,30/11/2014,2027,6,1,4,1,3,3,2,16,9
16000,1C10352,428324,434431,1,1,01/12/2014,928,6,1,1,1,1,3,1,31,1
16001,1C10863,428516,431254,2,1,01/12/2014,1458,6,1,1,1,2,3,1,50,9
16002,1C11021,429913,433934,1,1,01/12/2014,1609,6,1,1,1,3,2,2,62,9
16003,1C11056,439480,426197,2,1,01/12/2014,1629,4,1,1,1,2,3,1,35,9
16004,1C11310,427876,434392,2,1,01/12/2014,1430,3,2,1,2,1,2,1,48,1
16005,1C20709,429987,433297,1,1,02/12/2014,1255,6,1,1,1,3,3,2,47,1
16006,1C21200,431660,426466,2,1,02/12/2014,1738,6,1,4,1,1,3,1,36,3
16007,1C21210,424066,428055,2,2,02/12/2014,1740,3,1,4,1,2,3,2,1,9
16008,1C21210,424066,428055,2,2,02/12/2014,1740,3,1,4,1,1,3,2,21,9
16009,1C21226,442967,431603,2,1,02/12/2014,1745,3,1,7,1,1,3,1,47,9
16010,1C21307,435718,437114,1,1,02/12/2014,1705,6,1,7,1,3,3,2,24,9
16011,1C30308,436171,434418,2,1,03/12/2014,940,3,2,1,1,1,3,1,61,1
16012,1C30631,434223,425860,2,1,03/12/2014,1320,1,1,1,1,1,3,1,23,9
16013,1C30790,436102,435590,2,1,03/12/2014,1455,3,1,1,1,1,3,1,30,3
16014,1C31091,430511,431207,2,1,03/12/2014,1725,1,2,5,1,1,3,1,27,5
16015,1C31273,427350,433286,1,1,03/12/2014,1900,6,2,4,1,2,3,2,22,9
16016,1C31455,427130,435641,1,1,03/12/2014,1730,6,1,4,1,3,3,2,21,8
16017,1C31592,425074,427853,2,1,03/12/2014,2231,6,2,4,1,1,3,1,20,3
16018,1C31658,429371,433782,2,2,03/12/2014,2129,6,1,4,1,1,3,1,41,8
16019,1C31658,429371,433782,2,2,03/12/2014,2129,6,1,4,1,1,3,1,47,9
16020,1C40188,439923,428815,5,3,04/12/2014,736,6,2,6,1,1,1,1,17,9
16021,1C40188,439923,428815,5,3,04/12/2014,736,6,2,6,1,1,3,2,54,9
16022,1C40188,439923,428815,5,3,04/12/2014,736,6,2,6,1,1,3,2,21,9
16023,1C40343,428106,426662,2,1,04/12/2014,925,3,2,1,1,1,3,2,34,9
16024,1C40667,434950,435636,1,1,04/12/2014,830,6,1,1,1,3,3,1,13,9
16025,1C41392,434470,433713,2,1,04/12/2014,1920,3,2,4,1,1,3,1,29,9
16026,1C50025,427734,431602,2,1,06/12/2014,715,3,2,1,1,1,3,1,19,1
16027,1C50282,435425,427366,2,1,05/12/2014,841,6,2,1,1,1,3,2,24,9
16028,1C50365,425642,427972,1,1,05/12/2014,835,6,1,1,1,3,3,2,15,9
16029,1C50482,434305,425897,1,1,05/12/2014,1045,4,1,1,1,1,3,1,21,9
16030,1C50629,432651,438034,2,1,05/12/2014,1209,6,1,1,1,1,2,1,51,1
16031,1C50664,427896,436200,1,1,05/12/2014,1136,4,1,1,1,2,3,2,89,11
16032,1C50781,431267,433828,2,1,03/12/2014,830,6,1,1,1,1,2,2,45,1
16033,1C50923,434855,428429,2,1,05/12/2014,1502,6,2,1,1,1,3,1,55,4
16034,1C50965,422956,433108,1,1,05/12/2014,1523,6,1,1,1,3,3,1,14,19
16035,1C51028,434581,428144,1,1,05/12/2014,1550,6,1,4,1,1,2,1,22,2
16036,1C51124,428078,434972,2,1,05/12/2014,1650,6,1,4,1,1,3,1,40,3
16037,1C51234,431621,430526,2,1,05/12/2014,1815,1,1,4,1,1,3,1,61,9
16038,1C51241,431178,429972,2,1,05/12/2014,1747,6,2,4,1,1,3,1,20,1
16039,1C51402,432872,427584,2,1,05/12/2014,1855,3,2,4,1,1,2,2,64,9
16040,1C51471,426186,437462,1,1,04/12/2014,1800,6,1,7,1,3,3,2,51,9
16041,1C51607,419210,441794,2,1,05/12/2014,2010,3,2,4,1,1,3,1,55,3
16042,1C51895,430435,431155,1,1,05/12/2014,2354,1,1,4,1,1,3,2,26,9
16043,1C60403,431743,431426,2,1,06/12/2014,702,3,2,4,1,1,2,1,25,1
16044,1C60412,429393,433805,3,1,06/12/2014,715,2,1,1,1,1,3,1,27,90
16045,1C60568,431256,432305,1,1,06/12/2014,1025,3,2,1,1,1,3,2,25,9
16046,1C60577,427649,436028,1,1,06/12/2014,400,4,1,4,1,3,3,1,20,8
16047,1C60636,440175,433412,2,2,06/12/2014,1115,3,2,1,1,1,3,2,59,9
16048,1C60636,440175,433412,2,2,06/12/2014,1115,3,2,1,1,1,3,2,30,9
16049,1C60653,424909,434426,1,1,06/12/2014,1125,6,1,1,1,3,3,1,82,9
16050,1C60843,429391,433794,2,2,06/12/2014,810,2,1,1,1,1,3,1,32,9
16051,1C60843,429391,433794,2,2,06/12/2014,810,2,1,1,1,1,3,1,18,9
16052,1C61054,436452,435723,1,1,06/12/2014,1430,6,1,1,1,2,3,1,82,11
16053,1C61091,429403,433846,1,1,06/12/2014,1645,2,2,4,1,1,3,1,30,9
16054,1C61132,438538,430165,2,1,06/12/2014,1630,6,2,4,1,1,3,2,44,9
16055,1C61138,427603,436986,1,1,06/12/2014,1639,6,1,4,1,3,3,2,42,9
16056,1C61498,440370,448116,2,1,06/12/2014,2020,6,1,7,1,1,3,1,17,2
16057,1C70333,428799,435166,1,1,07/12/2014,430,6,1,7,1,1,3,1,20,1
16058,1C80481,430236,427775,1,1,05/12/2014,1940,6,1,4,1,2,3,2,55,11
16059,1C81266,435864,435275,2,1,08/12/2014,1740,3,1,1,1,1,3,1,32,2
16060,1C81626,430782,434560,3,1,08/12/2014,2200,3,1,1,1,1,3,1,45,9
16061,1C90850,431797,435580,2,1,09/12/2014,1430,3,1,1,1,1,3,1,41,9
16062,1C91345,427833,436382,2,1,09/12/2014,2000,6,1,4,1,1,3,1,50,1
16063,1C91483,429794,433798,2,1,09/12/2014,2115,6,2,4,2,1,3,2,30,9
16064,1C91527,429784,434077,1,1,09/12/2014,2140,6,1,4,1,3,3,1,59,9
16065,1CA0208,427725,434459,2,1,10/12/2014,740,3,1,1,1,1,3,1,34,9
16066,1CA0858,423749,438013,1,1,10/12/2014,1504,6,2,1,2,3,3,2,84,19
16067,1CA0906,424451,433895,2,1,10/12/2014,1530,3,2,1,4,2,3,2,10,9
16068,1CA0944,430468,436316,2,1,10/12/2014,1510,6,1,1,1,1,3,2,23,9
16069,1CA1002,430746,438905,2,1,10/12/2014,1624,6,2,4,2,1,2,2,42,9
16070,1CA1222,428045,431112,2,1,10/12/2014,1800,3,1,1,1,1,3,1,29,2
16071,1CA1225,428826,430302,3,1,10/12/2014,1740,6,1,4,1,2,3,1,48,9
16072,1CA1274,435776,436795,1,1,10/12/2014,1830,3,2,4,5,3,1,1,30,9
16073,1CA1291,435863,436433,2,2,10/12/2014,1840,3,2,4,5,1,3,1,19,9
16074,1CA1291,435863,436433,2,2,10/12/2014,1840,3,2,4,5,2,3,1,9,9
16075,1CA1371,435419,436669,2,1,10/12/2014,1930,6,1,1,1,1,3,1,46,9
16076,1CA1567,433154,435249,2,1,10/12/2014,2215,6,2,4,5,1,3,1,29,9
16077,1CA1568,425336,440883,1,3,10/12/2014,2235,6,2,4,5,2,3,1,18,9
16078,1CA1568,425336,440883,1,3,10/12/2014,2235,6,2,4,5,2,3,1,18,9
16079,1CA1568,425336,440883,1,3,10/12/2014,2235,6,2,4,5,2,3,1,18,9
16080,1CB0548,422242,436768,2,1,13/12/2014,1145,3,1,1,1,1,3,1,46,9
16081,1CB0920,430195,438301,2,1,11/12/2014,1545,3,2,4,2,2,3,2,93,11
16082,1CB0981,430867,434253,3,2,11/12/2014,1625,6,1,4,1,1,3,1,39,19
16083,1CB0981,430867,434253,3,2,11/12/2014,1625,6,1,4,1,1,3,2,28,9
16084,1CC0522,441295,433228,1,1,12/12/2014,810,6,1,1,1,3,3,1,11,9
16085,1CC0564,430814,431975,2,1,12/12/2014,1223,3,1,1,1,1,3,2,53,9
16086,1CC0911,431885,435549,2,2,12/12/2014,900,6,2,1,2,2,3,1,26,9
16087,1CC0911,431885,435549,2,2,12/12/2014,900,6,2,1,2,1,3,1,25,9
16088,1CC1002,443654,437222,4,3,12/12/2014,1630,2,1,4,1,2,2,2,33,9
16089,1CC1002,443654,437222,4,3,12/12/2014,1630,2,1,4,1,2,3,2,46,9
16090,1CC1002,443654,437222,4,3,12/12/2014,1630,2,1,4,1,1,3,2,57,9
16091,1CC1160,433408,434962,1,2,12/12/2014,1751,6,2,4,1,3,2,1,15,9
16092,1CC1160,433408,434962,1,2,12/12/2014,1751,6,2,4,1,3,3,1,17,9
16093,1CC1294,434721,438859,1,1,12/12/2014,1906,6,2,6,1,2,3,2,21,9
16094,1CD0097,429389,425864,2,2,13/12/2014,130,3,2,4,1,1,3,1,55,9
16095,1CD0097,429389,425864,2,2,13/12/2014,130,3,2,4,1,1,3,1,32,9
16096,1CD0802,425802,428128,2,2,13/12/2014,1143,6,2,1,1,1,3,1,20,2
16097,1CD0802,425802,428128,2,2,13/12/2014,1143,6,2,1,1,2,3,2,68,9
16098,1CD0865,430686,436780,1,1,13/12/2014,1325,6,1,1,1,3,3,2,1,9
16099,1CD1083,432157,433604,1,1,13/12/2014,1620,3,2,4,2,3,3,1,52,19
16100,1CD1095,430181,426431,2,1,13/12/2014,1614,1,2,4,2,1,3,2,21,9
16101,1CD1136,430386,433600,1,3,13/12/2014,1640,6,2,4,1,3,3,2,31,11
16102,1CD1136,430386,433600,1,3,13/12/2014,1640,6,2,4,1,2,3,2,77,11
16103,1CD1136,430386,433600,1,3,13/12/2014,1640,6,2,4,1,2,3,2,86,11
16104,1CE0242,430933,433312,2,5,14/12/2014,250,3,2,4,1,1,2,1,41,8
16105,1CE0242,430933,433312,2,5,14/12/2014,250,3,2,4,1,2,2,1,21,8
16106,1CE0242,430933,433312,2,5,14/12/2014,250,3,2,4,1,2,2,1,26,8
16107,1CE0242,430933,433312,2,5,14/12/2014,250,3,2,4,1,2,2,2,21,8
16108,1CE0242,430933,433312,2,5,14/12/2014,250,3,2,4,1,2,2,2,28,8
16109,1CE0243,430859,433343,1,1,14/12/2014,250,3,1,4,1,3,2,1,31,9
16110,1CE0606,424759,433577,2,1,14/12/2014,1057,6,2,1,1,1,3,1,21,3
16111,1CE1140,433268,436242,1,1,14/12/2014,1729,3,2,4,1,2,3,2,53,9
16112,1CE1380,429811,432954,1,1,14/12/2014,1940,6,2,4,1,3,2,2,59,9
16113,1CF0246,432210,444913,2,1,15/12/2014,815,3,2,1,2,1,3,2,51,9
16114,1CF0721,426972,439836,2,2,15/12/2014,1355,3,1,1,1,1,3,2,51,9
16115,1CF0721,426972,439836,2,2,15/12/2014,1355,3,1,1,1,2,3,1,55,9
16116,1CF0800,434652,434524,2,1,15/12/2014,1426,3,2,1,2,1,3,2,46,9
16117,1CF0877,427081,436955,1,1,14/12/2014,2345,6,1,7,1,3,3,2,19,8
16118,1CF1328,425059,433375,1,1,15/12/2014,1840,6,2,4,1,3,2,1,10,9
16119,1CG0265,443946,442722,1,1,16/12/2014,850,6,2,1,1,1,3,2,37,9
16120,1CG0729,433161,435243,2,1,16/12/2014,1405,6,1,1,1,1,3,2,22,9
16121,1CG0771,430701,433612,1,1,16/12/2014,1441,3,1,1,1,3,3,1,21,19
16122,1CG1251,426837,438055,3,1,16/12/2014,1846,3,1,4,1,1,3,2,28,9
16123,1CG1611,427569,436873,2,1,16/12/2014,2250,3,2,4,2,1,3,1,30,1
16124,1CH0233,430326,435936,1,1,17/12/2014,740,3,2,4,1,3,2,2,11,9
16125,1CH0522,426041,436553,1,1,17/12/2014,1140,6,2,1,1,1,3,1,33,9
16126,1CH0716,422278,433404,1,1,17/12/2014,1345,6,2,1,1,3,3,1,85,9
16127,1CH0930,431880,435714,1,1,17/12/2014,1546,3,1,1,1,3,3,2,69,9
16128,1CH1008,420922,433534,1,1,17/12/2014,1624,6,2,4,1,3,3,1,11,9
16129,1CH1054,435020,436052,1,1,17/12/2014,1642,6,2,4,2,3,3,2,11,9
16130,1CH1402,426058,436619,2,1,17/12/2014,1944,6,2,4,2,1,2,1,35,1
16131,1CH1409,436739,433810,1,1,17/12/2014,1947,3,2,4,2,1,3,2,67,9
16132,1CI0839,429128,433853,2,1,18/12/2014,1340,6,2,1,1,2,3,2,57,9
16133,1CI1175,431044,433564,1,1,18/12/2014,1651,3,2,4,2,3,3,1,34,9
16134,1CI1253,425473,437539,2,1,18/12/2014,1731,6,2,4,9,1,3,1,32,1
16135,1CI1311,428506,431275,1,1,18/12/2014,1755,6,2,4,2,3,3,1,20,9
16136,1CI1321,431483,435012,2,1,18/12/2014,1801,6,2,4,2,1,3,1,26,9
16137,1CI1515,433164,436091,2,1,18/12/2014,2000,6,2,4,2,1,3,2,56,9
16138,1CI1594,437870,432950,1,1,18/12/2014,2050,2,2,6,2,3,1,1,51,21
16139,1CI1699,427471,433776,2,1,18/12/2014,2215,6,2,4,2,1,3,1,25,1
16140,1CJ0063,429486,438077,2,3,19/12/2014,111,6,2,4,2,1,3,1,34,9
16141,1CJ0063,429486,438077,2,3,19/12/2014,111,6,2,4,2,2,3,1,38,9
16142,1CJ0063,429486,438077,2,3,19/12/2014,111,6,2,4,2,2,3,1,36,9
16143,1CJ0355,420224,434835,2,1,19/12/2014,932,6,2,1,2,1,3,1,34,9
16144,1CJ0678,423869,434279,2,1,19/12/2014,1315,3,2,1,1,1,3,1,54,9
16145,1CJ0817,430037,431028,2,1,15/12/2014,1545,3,2,1,2,1,3,1,33,9
16146,1CJ1219,427709,426389,3,1,19/12/2014,1600,1,2,4,5,1,3,1,41,19
16147,1CJ1944,429942,433381,1,1,19/12/2014,2335,6,2,4,1,3,3,1,39,8
16148,1CK0283,432531,443201,1,1,20/12/2014,312,3,2,4,1,1,3,1,56,9
16149,1CK1199,433334,434251,1,1,20/12/2014,1632,6,1,4,1,3,3,1,6,19
16150,1CK1248,430432,431268,2,1,18/12/2014,1800,6,1,4,1,2,3,2,6,9
16151,1CK1571,430338,433385,1,1,20/12/2014,2025,6,1,4,1,3,3,1,32,11
16152,1CL0443,423570,434696,2,2,20/12/2014,2230,6,1,4,1,2,3,2,17,8
16153,1CL0443,423570,434696,2,2,20/12/2014,2230,6,1,4,1,2,3,2,18,8
16154,1CL0648,431228,445744,2,1,21/12/2014,1230,3,2,1,1,2,3,2,64,9
16155,1CL0989,429561,431050,2,1,21/12/2014,1639,6,1,4,1,2,3,2,61,8
16156,1CL1017,430912,428655,2,2,21/12/2014,1702,6,1,4,1,1,3,2,22,9
16157,1CL1017,430912,428655,2,2,21/12/2014,1702,6,1,4,1,2,3,2,60,9
16158,1CL1308,430032,431022,2,3,21/12/2014,2015,3,2,4,1,1,3,1,66,9
16159,1CL1308,430032,431022,2,3,21/12/2014,2015,3,2,4,1,2,3,1,44,9
16160,1CL1308,430032,431022,2,3,21/12/2014,2015,3,2,4,1,1,3,1,32,9
16161,1CL1483,430905,436562,2,3,21/12/2014,2212,4,2,4,4,1,3,2,48,9
16162,1CL1483,430905,436562,2,3,21/12/2014,2212,4,2,4,4,2,3,1,18,9
16163,1CL1483,430905,436562,2,3,21/12/2014,2212,4,2,4,4,2,3,2,10,9
16164,1CM0248,425830,438647,1,1,22/12/2014,739,6,1,4,4,3,3,1,41,9
16165,1CM0892,430634,431191,2,1,22/12/2014,1448,6,2,1,5,2,3,1,16,9
16166,1CM0916,429006,429700,2,1,22/12/2014,1501,6,1,1,1,1,3,2,34,9
16167,1CM1165,430910,435581,1,1,22/12/2014,1710,6,2,4,4,3,3,2,52,9
16168,1CM1223,425397,437918,1,2,22/12/2014,1756,3,2,4,4,1,3,1,28,9
16169,1CM1223,425397,437918,1,2,22/12/2014,1756,3,2,4,4,2,3,1,10,9
16170,1CM1273,430936,433389,1,1,22/12/2014,1550,3,2,1,4,2,3,1,5,11
16171,1CM1390,431474,431698,2,1,22/12/2014,1923,6,2,4,2,1,3,1,31,2
16172,1CM1603,427493,425504,2,1,22/12/2014,2130,3,1,4,1,1,3,1,20,9
16173,1CM1751,434219,433855,1,1,22/12/2014,2322,4,2,4,5,1,2,1,54,3
16174,1CN0652,434613,434512,2,3,23/12/2014,1150,3,2,1,1,2,3,1,78,11
16175,1CN0652,434613,434512,2,3,23/12/2014,1150,3,2,1,1,2,3,2,77,11
16176,1CN0652,434613,434512,2,3,23/12/2014,1150,3,2,1,1,2,3,2,75,11
16177,1CN0767,430812,436622,1,1,23/12/2014,1310,6,1,1,1,2,3,1,64,11
16178,1CN1086,430859,424444,2,1,23/12/2014,1700,1,2,4,2,1,3,2,21,9
16179,1CN1095,431817,434294,2,1,23/12/2014,1700,6,2,4,1,1,3,2,29,9
16180,1CN1112,429917,438776,2,1,23/12/2014,1030,6,1,1,1,2,3,1,50,9
16181,1CN1135,435301,435253,1,2,23/12/2014,1744,6,2,4,1,2,3,2,22,8
16182,1CN1135,435301,435253,1,2,23/12/2014,1744,6,2,4,1,2,3,2,22,8
16183,1CN1174,424469,433844,2,1,23/12/2014,1845,3,2,4,5,1,3,2,29,9
16184,1CN1299,428550,433012,2,2,23/12/2014,1915,3,1,4,4,1,3,1,28,9
16185,1CN1299,428550,433012,2,2,23/12/2014,1915,3,1,4,4,2,3,1,55,9
16186,1CO0288,431496,433971,3,1,24/12/2014,800,6,1,1,1,1,3,1,48,9
16187,1CO0718,419833,441195,3,1,24/12/2014,1327,3,1,1,1,2,3,2,12,9
16188,1CO0793,441270,431106,1,1,24/12/2014,1345,6,1,1,1,3,2,2,79,9
16189,1CO0919,430267,433754,1,1,24/12/2014,1607,6,1,4,1,3,3,2,25,9
16190,1CQ0124,431968,435819,2,2,26/12/2014,150,3,1,4,1,1,3,1,34,19
16191,1CQ0124,431968,435819,2,2,26/12/2014,150,3,1,4,1,2,3,2,24,19
16192,1CQ0293,434120,429958,1,1,26/12/2014,745,1,2,1,1,1,3,2,23,9
16193,1CQ0491,433654,438995,2,1,26/12/2014,1150,3,2,1,1,1,2,1,29,5
16194,1CQ0518,425680,426870,2,1,26/12/2014,1100,3,1,1,1,1,3,2,33,9
16195,1CQ0820,440675,447730,2,2,26/12/2014,1645,3,2,4,2,1,3,2,19,9
16196,1CQ0820,440675,447730,2,2,26/12/2014,1645,3,2,4,2,2,3,2,76,9
16197,1CQ0911,427956,429368,2,1,26/12/2014,1750,6,1,4,1,2,3,2,17,9
16198,1CQ0913,432565,439367,2,1,26/12/2014,1752,3,2,4,2,1,1,1,58,9
16199,1CQ0917,429965,427061,1,1,26/12/2014,1754,6,2,4,2,3,1,1,63,11
16200,1CQ0968,420220,445622,2,1,26/12/2014,1830,4,3,4,3,1,3,1,44,1
16201,1CQ1060,425680,426869,2,1,26/12/2014,1930,6,2,4,3,1,3,1,30,8
16202,1CR0161,424124,435026,1,1,27/12/2014,125,6,1,4,1,3,3,2,27,8
16203,1CR1338,432563,435023,2,1,27/12/2014,1950,6,2,4,1,2,3,1,2,9
16204,1CR1342,417978,442773,2,2,27/12/2014,1955,3,4,4,2,1,3,2,20,9
16205,1CR1342,417978,442773,2,2,27/12/2014,1955,3,4,4,2,2,3,2,20,9
16206,1CR1601,432007,434490,2,2,27/12/2014,2330,6,2,4,1,1,2,1,16,9
16207,1CR1601,432007,434490,2,2,27/12/2014,2330,6,2,4,1,2,3,1,17,9
16208,1CS0418,440330,435697,1,1,28/12/2014,955,6,4,1,1,1,3,1,45,9
16209,1CS0430,421208,434125,1,1,28/12/2014,1005,3,4,1,1,1,3,2,22,9
16210,1CS0465,429018,429439,1,1,28/12/2014,1118,6,1,1,1,3,2,1,86,19
16211,1CS0477,435574,440137,1,1,28/12/2014,1055,3,4,1,1,1,3,2,74,9
16212,1CT0467,426865,437535,2,3,30/12/2014,1154,3,2,1,1,1,3,1,55,9
16213,1CT0467,426865,437535,2,3,30/12/2014,1154,3,2,1,1,1,3,1,65,9
16214,1CT0467,426865,437535,2,3,30/12/2014,1154,3,2,1,1,2,3,2,62,9
16215,1CT1319,425800,428414,2,1,29/12/2014,2025,4,2,4,1,1,3,1,28,9
16216,1CU0553,421674,434229,1,1,30/12/2014,1335,6,2,1,1,3,3,2,73,9
16217,1CU0802,429119,430977,2,1,30/12/2014,1554,6,2,1,1,1,3,2,55,9
16218,1CV0080,428839,433995,1,1,31/12/2014,153,6,2,4,1,3,2,1,19,8
16219,1CV0542,436092,434785,2,1,31/12/2014,1310,6,2,1,1,2,3,2,15,9
16220,2130577,426119,426906,1,1,25/12/2014,830,6,1,1,1,2,3,1,71,8
16221,21D1298,430261,431186,1,1,27/12/2014,50,6,1,7,1,3,3,1,23,9
16222,25D0630,430906,433484,2,1,13/05/2014,1220,6,1,1,1,1,2,1,77,22